date,agent_id,campaign_id,calls_offered,calls_handled,calls_abandoned,handle_sec_total,sla_within_20s,csat_sum,csat_count,resolved_count,sales_count,revenue
2026-06-01,1001,1,92,87,5,19401,66,94,24,81,5,2647
2026-06-01,1002,1,45,44,1,14080,41,43,11,38,7,3884
2026-06-01,1003,1,74,71,3,24779,52,83,21,65,5,2543
2026-06-01,1004,1,65,59,6,10915,43,91,23,51,8,2048
2026-06-01,1005,1,85,78,7,26520,65,118,30,60,14,5520
2026-06-01,1007,1,91,87,4,16095,72,143,36,69,9,5105
2026-06-01,1008,1,79,74,5,18870,64,78,20,60,6,2903
2026-06-01,1009,1,86,84,2,20412,60,99,24,73,14,6062
2026-06-01,1010,1,89,84,5,29400,81,165,40,63,16,4914
2026-06-01,1011,2,93,85,8,20400,70,133,35,77,0,0
2026-06-01,1013,2,45,44,1,9240,34,53,15,41,0,0
2026-06-01,1014,2,64,61,3,21167,53,85,20,56,0,0
2026-06-01,1016,2,88,84,4,24864,62,130,32,67,0,0
2026-06-01,1017,2,82,78,4,18018,69,145,37,67,0,0
2026-06-01,1018,2,69,63,6,17451,61,98,26,52,0,0
2026-06-01,1019,2,91,84,7,21756,67,100,26,73,0,0
2026-06-01,1021,3,88,80,8,23840,63,144,36,61,9,5487
2026-06-01,1022,3,94,92,2,25760,83,85,23,75,6,2298
2026-06-01,1023,3,76,71,5,25063,54,96,26,66,10,6333
2026-06-01,1024,3,70,66,4,20526,55,85,21,55,12,3257
2026-06-01,1025,3,64,62,2,21576,59,73,18,56,4,1806
2026-06-01,1026,3,54,51,3,12852,44,67,15,41,7,4100
2026-06-01,1027,3,55,52,3,16172,46,78,19,41,10,4325
2026-06-01,1029,4,81,76,5,23104,60,96,26,67,0,0
2026-06-01,1030,4,50,47,3,11938,42,86,22,41,0,0
2026-06-01,1031,4,87,81,6,18792,73,108,25,73,0,0
2026-06-01,1032,4,90,88,2,18744,75,137,34,76,0,0
2026-06-01,1033,4,57,55,2,11275,46,62,15,45,0,0
2026-06-01,1034,4,72,70,2,23100,55,99,25,64,0,0
2026-06-01,1035,4,89,85,4,17595,70,104,28,66,0,0
2026-06-01,1036,4,50,48,2,16512,40,69,17,44,0,0
2026-06-01,1037,4,54,50,4,9500,45,73,17,42,0,0
2026-06-01,1038,4,50,47,3,14523,42,72,17,37,0,0
2026-06-01,1039,4,86,82,4,26650,75,142,36,76,0,0
2026-06-01,1040,4,89,85,4,17510,61,105,25,76,0,0
2026-06-01,1041,4,54,51,3,15555,48,93,22,47,0,0
2026-06-01,1042,4,86,79,7,14931,69,143,35,67,0,0
2026-06-01,1043,5,63,62,1,22134,48,83,20,55,0,0
2026-06-01,1044,5,45,42,3,8988,40,58,14,39,0,0
2026-06-01,1045,5,89,85,4,19550,71,108,26,71,0,0
2026-06-01,1046,5,85,84,1,16968,66,142,36,68,0,0
2026-06-01,1047,5,93,89,4,24475,73,131,31,79,0,0
2026-06-01,1048,5,74,69,5,23598,55,74,19,55,0,0
2026-06-01,1049,5,70,65,5,19695,49,90,24,52,0,0
2026-06-01,1050,5,88,81,7,22923,67,102,25,63,0,0
2026-06-01,1051,5,56,54,2,9936,52,82,22,48,0,0
2026-06-01,1052,5,93,89,4,21004,70,162,40,77,0,0
2026-06-01,1053,5,60,59,1,15399,56,74,18,54,0,0
2026-06-01,1055,6,79,75,4,18825,61,93,23,70,0,0
2026-06-01,1056,6,74,68,6,21896,53,83,20,57,0,0
2026-06-01,1057,6,69,66,3,12144,49,61,17,56,0,0
2026-06-01,1058,6,66,65,1,16835,48,94,23,51,0,0
2026-06-01,1060,6,95,88,7,21648,71,106,27,66,0,0
2026-06-01,1061,6,64,60,4,14940,46,92,24,46,0,0
2026-06-01,1062,6,55,52,3,18356,38,84,22,39,0,0
2026-06-01,1065,7,63,62,1,19344,49,88,21,47,5,1708
2026-06-01,1066,7,45,44,1,15840,35,83,20,40,5,3480
2026-06-01,1070,7,78,76,2,24852,70,131,35,67,4,1939
2026-06-01,1071,7,61,57,4,18069,51,59,15,43,4,1206
2026-06-01,1072,7,77,73,4,24528,64,112,31,61,8,2383
2026-06-01,1073,7,78,73,5,24528,54,126,34,66,4,2571
2026-06-01,1074,7,56,55,1,12540,53,61,16,43,5,1602
2026-06-01,1075,7,63,60,3,20820,48,86,22,53,5,2971
2026-06-01,1076,7,69,63,6,11340,48,72,18,58,9,4409
2026-06-01,1077,7,76,73,3,21316,70,135,35,57,4,1952
2026-06-01,1079,8,84,81,3,21951,63,152,39,67,10,4405
2026-06-01,1080,8,87,85,2,20825,76,134,36,77,6,3691
2026-06-01,1082,8,62,57,5,10545,46,103,25,50,10,5142
2026-06-01,1083,8,73,67,6,24053,56,118,30,61,5,1740
2026-06-01,1085,8,45,44,1,15004,36,72,19,33,5,2084
2026-06-01,1086,8,52,49,3,16856,46,64,16,40,8,5318
2026-06-01,1087,8,68,64,4,15296,47,71,19,59,5,2694
2026-06-01,1088,8,67,66,1,15444,58,106,28,49,8,2794
2026-06-01,1089,8,59,55,4,18535,40,98,24,45,10,4963
2026-06-01,1090,8,59,56,3,13160,47,97,25,46,7,2210
2026-06-01,1092,8,51,49,2,8918,36,80,22,38,9,2260
2026-06-01,1093,9,85,81,4,18063,59,100,28,64,0,0
2026-06-01,1094,9,76,71,5,18673,51,94,24,55,0,0
2026-06-01,1095,9,94,90,4,22320,85,174,43,74,0,0
2026-06-01,1096,9,91,90,1,29340,67,112,28,72,0,0
2026-06-01,1097,9,56,53,3,15052,42,71,17,49,0,0
2026-06-01,1098,9,67,66,1,19866,54,117,31,62,0,0
2026-06-01,1099,9,79,75,4,21900,59,120,32,63,0,0
2026-06-01,1100,9,94,86,8,18834,75,102,27,71,0,0
2026-06-01,1101,9,79,76,3,22648,72,106,29,61,0,0
2026-06-01,1102,9,72,69,3,17526,59,132,32,57,0,0
2026-06-01,1103,9,67,63,4,22491,50,77,21,53,0,0
2026-06-01,1104,9,53,51,2,12189,41,96,23,40,0,0
2026-06-01,1105,9,93,84,9,30072,75,155,39,68,0,0
2026-06-01,1106,10,59,55,4,16885,44,65,16,44,4,2779
2026-06-01,1107,10,84,82,2,25010,77,160,39,67,7,4261
2026-06-01,1109,10,80,79,1,26939,65,127,32,61,14,5442
2026-06-01,1110,10,54,53,1,16430,39,78,19,44,5,2733
2026-06-01,1111,10,63,61,2,19337,50,74,18,54,9,2490
2026-06-01,1112,10,84,79,5,15879,68,76,20,62,10,3287
2026-06-01,1113,10,86,82,4,20418,62,129,33,62,11,7241
2026-06-01,1115,10,72,69,3,21666,62,65,17,57,10,5067
2026-06-02,1001,1,74,73,1,14819,58,124,33,62,12,4521
2026-06-02,1002,1,54,52,2,18148,48,96,24,48,5,3034
2026-06-02,1003,1,78,74,4,17094,67,114,31,68,6,1987
2026-06-02,1004,1,59,58,1,17400,54,46,15,51,6,3268
2026-06-02,1005,1,52,50,2,17950,41,64,15,41,6,4065
2026-06-02,1007,1,67,61,6,20191,54,80,20,47,10,3260
2026-06-02,1008,1,56,53,3,12667,48,93,24,41,3,1393
2026-06-02,1009,1,83,80,3,24160,70,99,26,72,7,4792
2026-06-02,1010,1,62,57,5,11571,41,64,16,46,6,2519
2026-06-02,1011,2,47,43,4,11180,31,84,20,37,0,0
2026-06-02,1013,2,66,65,1,13845,50,79,20,52,0,0
2026-06-02,1014,2,59,55,4,11000,46,99,26,42,0,0
2026-06-02,1016,2,87,83,4,19256,72,150,39,77,0,0
2026-06-02,1017,2,94,93,1,27621,67,143,34,87,0,0
2026-06-02,1018,2,91,88,3,17952,75,149,39,67,0,0
2026-06-02,1019,2,45,43,2,9116,32,76,18,35,0,0
2026-06-02,1021,3,49,45,4,13680,39,74,19,41,6,1985
2026-06-02,1022,3,84,82,2,26650,71,89,22,77,6,2701
2026-06-02,1023,3,94,91,3,17199,75,93,23,72,6,2253
2026-06-02,1024,3,92,87,5,25839,72,126,33,82,10,6469
2026-06-02,1025,3,46,44,2,8580,35,62,16,39,6,3813
2026-06-02,1026,3,51,49,2,10780,40,71,20,42,9,4066
2026-06-02,1027,3,69,68,1,22100,49,105,26,57,11,3504
2026-06-02,1029,4,76,74,2,23754,58,110,28,56,0,0
2026-06-02,1030,4,58,56,2,18368,49,80,20,47,0,0
2026-06-02,1031,4,48,45,3,10800,40,58,17,35,0,0
2026-06-02,1032,4,73,72,1,17064,66,99,27,65,0,0
2026-06-02,1033,4,66,62,4,14570,54,63,16,53,0,0
2026-06-02,1034,4,85,80,5,18800,66,117,30,66,0,0
2026-06-02,1035,4,52,48,4,9024,46,86,22,38,0,0
2026-06-02,1036,4,61,57,4,14991,42,65,17,44,0,0
2026-06-02,1037,4,48,44,4,8448,40,63,17,39,0,0
2026-06-02,1038,4,77,75,2,14250,63,135,36,69,0,0
2026-06-02,1039,4,87,80,7,26320,73,94,25,71,0,0
2026-06-02,1040,4,74,68,6,18292,58,113,29,56,0,0
2026-06-02,1041,4,61,57,4,20121,47,63,17,47,0,0
2026-06-02,1042,4,91,88,3,22792,72,169,42,71,0,0
2026-06-02,1043,5,47,45,2,11070,41,46,12,35,0,0
2026-06-02,1044,5,58,54,4,14310,46,92,24,48,0,0
2026-06-02,1045,5,68,66,2,23430,54,79,19,53,0,0
2026-06-02,1046,5,56,53,3,14522,45,61,15,43,0,0
2026-06-02,1047,5,72,66,6,14982,58,110,30,58,0,0
2026-06-02,1048,5,93,85,8,16065,81,158,39,71,0,0
2026-06-02,1049,5,53,50,3,11700,42,71,16,45,0,0
2026-06-02,1050,5,72,69,3,17526,57,73,19,57,0,0
2026-06-02,1051,5,79,72,7,14184,63,108,30,56,0,0
2026-06-02,1052,5,57,56,1,18816,42,52,14,50,0,0
2026-06-02,1053,5,76,70,6,20860,61,130,34,60,0,0
2026-06-02,1055,6,89,86,3,19436,83,155,39,76,0,0
2026-06-02,1056,6,73,70,3,24640,56,75,18,54,0,0
2026-06-02,1057,6,86,84,2,20412,80,85,21,77,0,0
2026-06-02,1058,6,46,45,1,11700,38,83,22,42,0,0
2026-06-02,1060,6,45,44,1,8536,42,49,13,36,0,0
2026-06-02,1061,6,53,51,2,13260,38,80,20,42,0,0
2026-06-02,1062,6,83,79,4,21725,62,93,22,61,0,0
2026-06-02,1065,7,60,55,5,19305,50,55,16,46,4,1874
2026-06-02,1066,7,78,72,6,13248,56,97,24,63,4,2534
2026-06-02,1070,7,93,89,4,31417,69,89,26,74,6,2066
2026-06-02,1071,7,75,74,1,25678,56,88,24,55,12,6806
2026-06-02,1072,7,53,52,1,13156,44,71,20,43,6,2213
2026-06-02,1073,7,73,68,5,14620,61,65,17,59,7,3126
2026-06-02,1074,7,46,45,1,12780,43,76,22,39,2,835
2026-06-02,1075,7,68,62,6,18290,57,88,21,53,3,2094
2026-06-02,1076,7,59,54,5,11448,43,79,20,46,6,3323
2026-06-02,1077,7,56,55,1,12925,46,81,19,48,7,3916
2026-06-02,1079,8,81,78,3,16536,74,120,32,67,7,2565
2026-06-02,1080,8,69,67,2,13802,61,86,22,54,5,3182
2026-06-02,1082,8,60,56,4,10192,51,75,20,43,9,2864
2026-06-02,1083,8,59,57,2,12882,45,99,25,52,10,6288
2026-06-02,1085,8,86,80,6,26480,61,83,20,64,5,1979
2026-06-02,1086,8,74,70,4,12950,62,70,18,57,11,6984
2026-06-02,1087,8,72,70,2,12740,67,122,31,63,9,5260
2026-06-02,1088,8,74,70,4,19670,54,120,34,61,12,4667
2026-06-02,1089,8,51,49,2,15631,45,70,18,44,7,3359
2026-06-02,1090,8,84,81,3,16362,71,127,34,72,11,3781
2026-06-02,1092,8,50,49,1,14063,42,74,20,43,9,2377
2026-06-02,1093,9,51,48,3,16512,42,68,16,38,0,0
2026-06-02,1094,9,58,54,4,13662,39,88,24,44,0,0
2026-06-02,1095,9,90,82,8,16400,65,146,35,75,0,0
2026-06-02,1096,9,54,52,2,9464,44,63,15,44,0,0
2026-06-02,1097,9,62,61,1,11590,52,69,17,52,0,0
2026-06-02,1098,9,57,54,3,10908,48,52,15,46,0,0
2026-06-02,1099,9,60,59,1,14455,55,66,16,46,0,0
2026-06-02,1100,9,88,86,2,24682,64,165,42,73,0,0
2026-06-02,1101,9,65,64,1,13952,56,111,30,50,0,0
2026-06-02,1102,9,82,79,3,14536,58,147,37,71,0,0
2026-06-02,1103,9,59,55,4,17545,47,71,17,47,0,0
2026-06-02,1104,9,62,58,4,15254,55,105,28,54,0,0
2026-06-02,1105,9,89,87,2,29667,83,133,31,76,0,0
2026-06-02,1106,10,72,68,4,20264,58,93,23,62,6,4154
2026-06-02,1107,10,49,47,2,11609,42,59,14,41,3,1319
2026-06-02,1109,10,55,52,3,13520,40,86,21,40,3,1125
2026-06-02,1110,10,67,66,1,22572,55,84,21,59,6,3358
2026-06-02,1111,10,67,65,2,12350,55,102,30,53,10,4871
2026-06-02,1112,10,94,85,9,29495,79,108,28,68,14,5686
2026-06-02,1113,10,55,52,3,14144,49,69,17,42,3,1922
2026-06-02,1115,10,47,44,3,10472,34,71,19,34,5,1486
2026-06-03,1001,1,85,84,1,23604,77,99,27,77,5,1548
2026-06-03,1002,1,71,69,2,24081,54,95,22,58,4,2353
2026-06-03,1003,1,94,89,5,18957,84,147,37,82,9,2655
2026-06-03,1004,1,75,73,2,21389,56,108,27,68,6,4060
2026-06-03,1005,1,94,88,6,28688,79,139,35,66,17,9155
2026-06-03,1007,1,85,79,6,21804,57,87,23,62,10,3704
2026-06-03,1008,1,77,70,7,20300,64,94,23,60,13,4907
2026-06-03,1009,1,53,49,4,11956,41,52,14,38,3,1114
2026-06-03,1010,1,88,86,2,22360,74,114,28,75,15,10470
2026-06-03,1011,2,50,48,2,9840,37,76,19,45,0,0
2026-06-03,1013,2,58,57,1,10659,41,105,25,46,0,0
2026-06-03,1014,2,75,69,6,14283,56,80,20,57,0,0
2026-06-03,1016,2,86,80,6,22480,60,127,34,75,0,0
2026-06-03,1017,2,93,85,8,23205,78,128,34,71,0,0
2026-06-03,1018,2,91,83,8,28552,66,91,24,65,0,0
2026-06-03,1019,2,89,81,8,22599,60,131,34,62,0,0
2026-06-03,1021,3,63,58,5,19662,55,65,16,46,5,2883
2026-06-03,1022,3,53,48,5,15696,43,73,18,39,3,1667
2026-06-03,1023,3,46,43,3,8815,34,59,15,36,3,1511
2026-06-03,1024,3,89,82,7,22960,63,117,28,74,6,1646
2026-06-03,1025,3,78,71,7,18389,59,68,18,54,12,5758
2026-06-03,1026,3,75,69,6,14766,62,105,28,62,4,1650
2026-06-03,1027,3,46,42,4,14112,34,82,19,35,3,1165
2026-06-03,1029,4,81,77,4,19866,58,144,35,57,0,0
2026-06-03,1030,4,51,49,2,13034,36,75,18,39,0,0
2026-06-03,1031,4,46,44,2,12892,33,50,13,37,0,0
2026-06-03,1032,4,58,54,4,9774,47,54,14,47,0,0
2026-06-03,1033,4,46,44,2,11396,34,83,21,38,0,0
2026-06-03,1034,4,58,55,3,11495,45,94,24,49,0,0
2026-06-03,1035,4,67,64,3,19008,59,88,22,51,0,0
2026-06-03,1036,4,51,50,1,17800,37,52,15,42,0,0
2026-06-03,1037,4,81,77,4,19404,62,129,31,60,0,0
2026-06-03,1038,4,84,79,5,18644,73,86,21,66,0,0
2026-06-03,1039,4,60,59,1,15517,45,102,25,46,0,0
2026-06-03,1040,4,67,62,5,21576,44,102,27,54,0,0
2026-06-03,1041,4,58,54,4,18522,47,75,22,50,0,0
2026-06-03,1042,4,91,84,7,19992,68,83,22,73,0,0
2026-06-03,1043,5,91,90,1,21780,67,137,34,73,0,0
2026-06-03,1044,5,83,79,4,18012,62,111,27,72,0,0
2026-06-03,1045,5,94,90,4,30420,80,130,33,84,0,0
2026-06-03,1046,5,71,69,2,17526,52,59,18,60,0,0
2026-06-03,1047,5,93,85,8,21590,79,122,34,72,0,0
2026-06-03,1048,5,57,52,5,17888,41,65,16,39,0,0
2026-06-03,1049,5,51,47,4,13724,44,97,23,36,0,0
2026-06-03,1050,5,91,85,6,24820,76,112,26,63,0,0
2026-06-03,1051,5,74,68,6,21828,58,136,33,57,0,0
2026-06-03,1052,5,90,87,3,20010,79,114,30,77,0,0
2026-06-03,1053,5,53,51,2,11985,37,92,24,40,0,0
2026-06-03,1055,6,74,71,3,14413,54,99,26,66,0,0
2026-06-03,1056,6,68,64,4,16640,59,103,27,50,0,0
2026-06-03,1057,6,92,86,6,19608,71,138,34,79,0,0
2026-06-03,1058,6,92,90,2,28440,85,107,28,75,0,0
2026-06-03,1060,6,64,59,5,11387,53,98,26,50,0,0
2026-06-03,1061,6,52,51,1,13311,42,85,21,45,0,0
2026-06-03,1062,6,94,86,8,24682,70,164,40,77,0,0
2026-06-03,1065,7,68,65,3,12545,51,88,24,51,11,3279
2026-06-03,1066,7,92,88,4,28864,79,104,27,79,12,6684
2026-06-03,1070,7,78,72,6,23616,63,89,21,59,4,1048
2026-06-03,1071,7,59,55,4,16225,49,73,20,44,5,3470
2026-06-03,1072,7,50,48,2,15792,35,80,20,43,7,2811
2026-06-03,1073,7,87,84,3,28896,69,121,33,72,9,4640
2026-06-03,1074,7,74,68,6,12512,59,107,27,60,12,5125
2026-06-03,1075,7,48,46,2,15134,40,84,21,39,6,2048
2026-06-03,1076,7,47,43,4,13330,36,51,13,37,6,2518
2026-06-03,1077,7,50,47,3,12032,41,60,15,43,4,1523
2026-06-03,1079,8,65,64,1,13568,50,77,21,56,8,3324
2026-06-03,1080,8,50,49,1,16562,41,70,18,42,9,2561
2026-06-03,1082,8,67,65,2,14820,56,92,25,50,6,3407
2026-06-03,1083,8,87,86,1,30272,82,151,39,71,6,2936
2026-06-03,1085,8,86,85,1,23800,79,165,41,75,12,4335
2026-06-03,1086,8,90,87,3,28536,71,143,35,82,7,2833
2026-06-03,1087,8,52,51,1,17391,49,59,14,38,6,3877
2026-06-03,1088,8,55,50,5,11600,44,82,19,41,5,1645
2026-06-03,1089,8,72,70,2,20370,53,130,34,57,9,2498
2026-06-03,1090,8,64,59,5,16225,56,91,24,44,10,6483
2026-06-03,1092,8,50,49,1,15386,36,78,20,37,6,2636
2026-06-03,1093,9,91,84,7,26880,69,103,28,74,0,0
2026-06-03,1094,9,80,79,1,25359,77,105,28,60,0,0
2026-06-03,1095,9,57,53,4,14628,38,74,18,42,0,0
2026-06-03,1096,9,47,46,1,8786,42,77,19,40,0,0
2026-06-03,1097,9,80,77,3,16709,73,140,35,58,0,0
2026-06-03,1098,9,85,83,2,17762,72,105,29,76,0,0
2026-06-03,1099,9,95,93,2,28644,89,184,46,78,0,0
2026-06-03,1100,9,61,58,3,13108,54,98,26,47,0,0
2026-06-03,1101,9,90,86,4,15566,70,102,26,66,0,0
2026-06-03,1102,9,85,81,4,17658,69,154,39,71,0,0
2026-06-03,1103,9,52,50,2,14000,36,99,23,41,0,0
2026-06-03,1104,9,65,62,3,17484,52,84,21,54,0,0
2026-06-03,1105,9,93,90,3,32130,83,87,22,81,0,0
2026-06-03,1106,10,57,54,3,17226,43,68,18,41,7,2071
2026-06-03,1107,10,70,64,6,11584,55,90,24,54,4,1063
2026-06-03,1109,10,47,45,2,8685,39,44,12,42,8,2011
2026-06-03,1110,10,86,83,3,26643,80,73,20,72,8,4390
2026-06-03,1111,10,75,72,3,15768,64,114,26,65,13,7781
2026-06-03,1112,10,69,66,3,16302,51,96,25,52,10,4762
2026-06-03,1113,10,79,75,4,14100,66,131,32,58,3,911
2026-06-03,1115,10,45,41,4,10947,33,54,14,35,3,1134
2026-06-04,1001,1,95,90,5,29340,68,117,29,69,9,6040
2026-06-04,1002,1,62,60,2,21540,56,84,21,56,9,4171
2026-06-04,1003,1,91,87,4,22185,69,131,31,65,15,8681
2026-06-04,1004,1,56,53,3,15211,51,80,22,40,3,1037
2026-06-04,1005,1,67,61,6,18727,54,108,28,46,5,2565
2026-06-04,1007,1,51,50,1,11200,40,67,18,44,2,1152
2026-06-04,1008,1,93,87,6,17226,76,150,40,67,14,7951
2026-06-04,1009,1,85,79,6,24174,59,97,23,67,9,5272
2026-06-04,1010,1,80,78,2,19266,67,93,23,73,6,3677
2026-06-04,1011,2,68,64,4,13248,46,129,30,58,0,0
2026-06-04,1013,2,90,88,2,30360,83,86,22,69,0,0
2026-06-04,1014,2,64,58,6,16124,52,84,22,44,0,0
2026-06-04,1016,2,63,58,5,19952,51,69,17,52,0,0
2026-06-04,1017,2,72,69,3,18147,62,120,31,65,0,0
2026-06-04,1018,2,72,68,4,18088,63,80,19,59,0,0
2026-06-04,1019,2,83,75,8,14700,59,88,24,63,0,0
2026-06-04,1021,3,70,65,5,13910,63,92,23,55,8,2450
2026-06-04,1022,3,46,42,4,12810,32,53,13,32,4,2527
2026-06-04,1023,3,48,44,4,8316,34,49,12,40,6,3189
2026-06-04,1024,3,94,87,7,30102,77,115,30,75,10,2723
2026-06-04,1025,3,60,59,1,16166,55,105,26,51,4,2323
2026-06-04,1026,3,63,61,2,11651,59,82,20,46,9,4389
2026-06-04,1027,3,93,90,3,20160,73,146,36,78,7,2449
2026-06-04,1029,4,77,76,1,26372,57,85,22,58,0,0
2026-06-04,1030,4,93,87,6,23316,78,125,33,79,0,0
2026-06-04,1031,4,88,83,5,16351,69,128,35,73,0,0
2026-06-04,1032,4,61,57,4,17043,41,86,22,45,0,0
2026-06-04,1033,4,88,84,4,17892,81,87,24,71,0,0
2026-06-04,1034,4,57,54,3,13500,43,66,16,47,0,0
2026-06-04,1035,4,88,84,4,26628,72,110,27,79,0,0
2026-06-04,1036,4,74,69,5,18216,64,131,33,57,0,0
2026-06-04,1037,4,55,51,4,18258,39,67,16,44,0,0
2026-06-04,1038,4,77,72,5,15984,66,77,18,56,0,0
2026-06-04,1039,4,92,85,7,19465,81,140,33,73,0,0
2026-06-04,1040,4,61,56,5,11088,51,82,23,52,0,0
2026-06-04,1041,4,75,71,4,16543,64,112,29,67,0,0
2026-06-04,1042,4,95,87,8,18357,69,103,25,77,0,0
2026-06-04,1043,5,85,81,4,27702,67,112,29,70,0,0
2026-06-04,1044,5,89,86,3,19952,68,133,30,67,0,0
2026-06-04,1045,5,81,78,3,20202,68,153,38,69,0,0
2026-06-04,1046,5,75,72,3,13176,64,94,24,63,0,0
2026-06-04,1047,5,80,73,7,16863,59,112,30,63,0,0
2026-06-04,1048,5,58,54,4,10854,51,100,26,48,0,0
2026-06-04,1049,5,92,86,6,27864,73,103,27,80,0,0
2026-06-04,1050,5,54,49,5,14602,36,80,21,44,0,0
2026-06-04,1051,5,58,57,1,12084,52,78,22,53,0,0
2026-06-04,1052,5,84,77,7,27566,67,108,26,60,0,0
2026-06-04,1053,5,88,86,2,28810,78,139,36,74,0,0
2026-06-04,1055,6,52,50,2,10950,45,53,14,37,0,0
2026-06-04,1056,6,94,87,7,27927,78,97,24,72,0,0
2026-06-04,1057,6,52,49,3,13034,47,72,18,45,0,0
2026-06-04,1058,6,89,85,4,16745,71,120,30,80,0,0
2026-06-04,1060,6,54,50,4,10700,37,88,21,38,0,0
2026-06-04,1061,6,90,86,4,28724,75,131,34,72,0,0
2026-06-04,1062,6,75,70,5,17430,57,67,18,53,0,0
2026-06-04,1065,7,86,79,7,14931,75,150,36,74,4,1590
2026-06-04,1066,7,52,51,1,17850,38,73,18,38,3,871
2026-06-04,1070,7,64,62,2,18104,48,107,26,54,11,6877
2026-06-04,1071,7,90,87,3,17400,70,106,27,68,9,3389
2026-06-04,1072,7,92,84,8,26292,73,105,25,66,12,5712
2026-06-04,1073,7,47,44,3,15796,32,47,11,34,8,2132
2026-06-04,1074,7,57,52,5,16692,50,72,19,44,6,1853
2026-06-04,1075,7,86,78,8,20046,60,126,31,58,9,4650
2026-06-04,1076,7,90,83,7,20999,79,125,34,65,8,3844
2026-06-04,1077,7,51,49,2,15484,37,91,24,41,6,2135
2026-06-04,1079,8,59,58,1,15022,54,102,27,51,10,5716
2026-06-04,1080,8,49,45,4,11070,35,47,11,34,3,980
2026-06-04,1082,8,90,87,3,29928,64,110,27,81,10,5564
2026-06-04,1083,8,68,63,5,13608,54,98,27,57,10,6400
2026-06-04,1085,8,56,53,3,18550,45,89,22,47,5,2294
2026-06-04,1086,8,62,60,2,12120,46,90,25,48,7,4400
2026-06-04,1087,8,79,76,3,24472,63,81,20,57,10,2620
2026-06-04,1088,8,56,52,4,12116,39,77,20,41,9,5150
2026-06-04,1089,8,69,66,3,21120,49,99,27,53,7,2258
2026-06-04,1090,8,69,64,5,17856,49,90,22,51,8,3177
2026-06-04,1092,8,55,54,1,10854,52,54,16,42,3,1934
2026-06-04,1093,9,80,76,4,14972,72,121,30,63,0,0
2026-06-04,1094,9,50,46,4,9154,43,44,12,43,0,0
2026-06-04,1095,9,55,52,3,16380,47,56,13,42,0,0
2026-06-04,1096,9,73,67,6,23919,53,83,20,53,0,0
2026-06-04,1097,9,50,46,4,15272,33,73,19,34,0,0
2026-06-04,1098,9,74,67,7,23048,65,98,24,51,0,0
2026-06-04,1099,9,69,64,5,22784,60,67,18,56,0,0
2026-06-04,1100,9,88,84,4,16212,74,145,36,72,0,0
2026-06-04,1101,9,58,55,3,11605,49,62,17,42,0,0
2026-06-04,1102,9,45,42,3,10836,38,39,11,34,0,0
2026-06-04,1103,9,76,73,3,23360,64,76,19,62,0,0
2026-06-04,1104,9,59,56,3,17080,48,72,20,49,0,0
2026-06-04,1105,9,67,63,4,17829,47,62,17,47,0,0
2026-06-04,1106,10,47,44,3,15224,40,53,12,38,8,2764
2026-06-04,1107,10,75,73,2,15476,60,91,24,62,13,6418
2026-06-04,1109,10,81,74,7,16502,66,73,19,68,7,3310
2026-06-04,1110,10,85,78,7,26208,70,135,32,59,14,4667
2026-06-04,1111,10,89,81,8,17010,59,145,34,61,14,7483
2026-06-04,1112,10,46,45,1,10305,33,66,16,35,4,2083
2026-06-04,1113,10,86,83,3,28137,63,136,36,73,9,6233
2026-06-04,1115,10,72,68,4,17068,55,122,30,58,9,6183
2026-06-05,1001,1,73,67,6,20368,64,87,22,60,8,2225
2026-06-05,1002,1,59,58,1,10440,52,56,15,44,10,3464
2026-06-05,1003,1,79,74,5,25012,57,66,19,69,13,5803
2026-06-05,1004,1,61,56,5,14504,53,109,25,50,2,958
2026-06-05,1005,1,80,74,6,22644,61,98,24,62,5,1372
2026-06-05,1007,1,75,74,1,19832,63,111,30,62,6,2169
2026-06-05,1008,1,60,56,4,16912,46,102,26,44,5,2525
2026-06-05,1009,1,68,66,2,12276,49,109,26,57,12,4876
2026-06-05,1010,1,51,47,4,13724,45,53,12,41,5,3012
2026-06-05,1011,2,57,53,4,10123,48,79,18,41,0,0
2026-06-05,1013,2,89,82,7,20582,79,120,29,63,0,0
2026-06-05,1014,2,73,71,2,15052,60,122,30,61,0,0
2026-06-05,1016,2,45,43,2,12642,31,48,13,32,0,0
2026-06-05,1017,2,84,81,3,19521,73,117,30,68,0,0
2026-06-05,1018,2,92,88,4,21384,64,91,24,83,0,0
2026-06-05,1019,2,75,74,1,21386,60,108,26,59,0,0
2026-06-05,1021,3,67,66,1,21912,51,85,20,53,11,3887
2026-06-05,1022,3,63,58,5,12992,42,46,14,44,8,5168
2026-06-05,1023,3,54,50,4,13150,46,95,23,44,6,2009
2026-06-05,1024,3,77,76,1,25536,73,96,26,57,13,5695
2026-06-05,1025,3,92,89,3,28302,64,138,33,71,6,4124
2026-06-05,1026,3,80,74,6,19610,58,95,24,67,12,6550
2026-06-05,1027,3,78,74,4,22866,68,90,23,55,10,5039
2026-06-05,1029,4,50,48,2,13056,34,96,23,36,0,0
2026-06-05,1030,4,95,90,5,22860,83,81,24,83,0,0
2026-06-05,1031,4,73,66,7,14652,49,88,23,57,0,0
2026-06-05,1032,4,89,85,4,18870,80,114,32,76,0,0
2026-06-05,1033,4,83,77,6,20713,57,105,26,58,0,0
2026-06-05,1034,4,94,86,8,17286,83,166,40,64,0,0
2026-06-05,1035,4,86,79,7,20777,62,88,24,59,0,0
2026-06-05,1036,4,84,82,2,16974,62,141,40,74,0,0
2026-06-05,1037,4,71,67,4,21373,57,77,17,52,0,0
2026-06-05,1038,4,91,88,3,24904,72,106,29,77,0,0
2026-06-05,1039,4,80,73,7,25915,70,74,20,61,0,0
2026-06-05,1040,4,57,54,3,18846,50,101,24,45,0,0
2026-06-05,1041,4,67,65,2,17485,56,95,25,59,0,0
2026-06-05,1042,4,45,44,1,9196,41,60,15,38,0,0
2026-06-05,1043,5,50,48,2,16176,36,68,17,41,0,0
2026-06-05,1044,5,90,84,6,20832,76,139,36,71,0,0
2026-06-05,1045,5,77,73,4,24820,61,136,34,66,0,0
2026-06-05,1046,5,92,85,7,18020,70,133,34,79,0,0
2026-06-05,1047,5,52,48,4,10848,35,78,20,36,0,0
2026-06-05,1048,5,53,50,3,13700,48,96,24,39,0,0
2026-06-05,1049,5,46,43,3,11309,37,46,14,37,0,0
2026-06-05,1050,5,69,64,5,17792,51,111,29,56,0,0
2026-06-05,1051,5,58,55,3,11990,43,68,17,41,0,0
2026-06-05,1052,5,89,82,7,19352,68,87,23,64,0,0
2026-06-05,1053,5,52,51,1,16575,40,82,20,42,0,0
2026-06-05,1055,6,58,57,1,18240,45,103,26,48,0,0
2026-06-05,1056,6,71,66,5,14982,61,131,32,57,0,0
2026-06-05,1057,6,71,65,6,22555,60,70,18,53,0,0
2026-06-05,1058,6,55,52,3,10868,47,75,18,39,0,0
2026-06-05,1060,6,94,90,4,23670,80,129,32,78,0,0
2026-06-05,1061,6,74,68,6,14348,63,90,23,59,0,0
2026-06-05,1062,6,87,85,2,22950,70,101,27,71,0,0
2026-06-05,1065,7,66,63,3,18144,46,90,24,59,8,4076
2026-06-05,1066,7,76,71,5,13774,61,130,33,60,13,4992
2026-06-05,1070,7,84,79,5,14536,76,110,30,64,11,4621
2026-06-05,1071,7,46,46,0,13616,40,82,21,41,4,2656
2026-06-05,1072,7,91,86,5,23908,68,92,23,72,9,5707
2026-06-05,1073,7,63,62,1,21080,50,114,28,57,7,4312
2026-06-05,1074,7,68,65,3,18070,62,95,26,60,10,2956
2026-06-05,1075,7,84,81,3,23814,63,156,39,72,15,4311
2026-06-05,1076,7,89,83,6,19505,60,107,25,63,9,2300
2026-06-05,1077,7,87,79,8,23226,60,97,23,68,8,4861
2026-06-05,1079,8,75,72,3,23472,52,128,32,61,11,5852
2026-06-05,1080,8,54,53,1,13091,41,76,21,40,8,3016
2026-06-05,1082,8,74,67,7,20301,52,78,19,55,12,3296
2026-06-05,1083,8,80,75,5,16500,70,108,27,61,8,2944
2026-06-05,1085,8,49,47,2,16732,42,58,17,38,5,1853
2026-06-05,1086,8,48,47,1,12455,42,53,12,44,3,820
2026-06-05,1087,8,55,52,3,18304,43,88,23,47,7,3743
2026-06-05,1088,8,49,47,2,16262,39,51,12,37,2,1240
2026-06-05,1089,8,66,64,2,21632,48,64,16,56,10,4751
2026-06-05,1090,8,76,72,4,19872,57,102,30,56,8,3555
2026-06-05,1092,8,59,56,3,10696,46,98,26,44,5,2443
2026-06-05,1093,9,80,78,2,25662,73,140,35,62,0,0
2026-06-05,1094,9,51,50,1,15200,46,89,21,43,0,0
2026-06-05,1095,9,83,79,4,20303,76,141,35,60,0,0
2026-06-05,1096,9,78,72,6,20664,58,112,29,61,0,0
2026-06-05,1097,9,83,77,6,20251,66,107,26,72,0,0
2026-06-05,1098,9,68,66,2,23694,63,77,18,53,0,0
2026-06-05,1099,9,85,80,5,23200,62,100,26,69,0,0
2026-06-05,1100,9,53,49,4,9653,41,76,20,42,0,0
2026-06-05,1101,9,53,51,2,11118,43,62,17,47,0,0
2026-06-05,1102,9,79,74,5,15244,64,108,28,58,0,0
2026-06-05,1103,9,73,69,4,19596,54,69,18,61,0,0
2026-06-05,1104,9,85,77,8,13860,74,133,33,62,0,0
2026-06-05,1105,9,86,79,7,16274,71,76,20,66,0,0
2026-06-05,1106,10,85,80,5,17040,66,103,24,61,14,9588
2026-06-05,1107,10,64,62,2,21328,46,62,16,57,10,2650
2026-06-05,1109,10,47,46,1,15364,35,71,19,42,8,4501
2026-06-05,1110,10,64,59,5,13452,42,85,25,45,7,3722
2026-06-05,1111,10,86,80,6,14640,59,116,30,74,15,5535
2026-06-05,1112,10,45,42,3,11844,39,47,11,37,7,3498
2026-06-05,1113,10,45,42,3,10710,32,78,19,32,4,1080
2026-06-05,1115,10,81,74,7,23014,62,78,19,67,13,7943
2026-06-06,1001,1,45,42,3,14574,34,61,16,36,3,1379
2026-06-06,1002,1,38,37,1,7733,26,47,13,30,5,1418
2026-06-06,1003,1,34,32,2,7040,27,47,12,27,5,1329
2026-06-06,1004,1,36,34,2,10336,30,65,16,26,4,1573
2026-06-06,1005,1,33,31,2,7657,26,56,15,28,3,1304
2026-06-06,1007,1,47,46,1,8418,33,80,22,40,5,3127
2026-06-06,1008,1,35,32,3,10848,27,37,9,24,2,1197
2026-06-06,1009,1,45,42,3,9954,33,79,19,32,3,1950
2026-06-06,1010,1,28,27,1,9288,24,42,11,25,2,1343
2026-06-06,1011,2,33,32,1,10656,24,52,14,28,0,0
2026-06-06,1013,2,38,36,2,7956,27,64,16,30,0,0
2026-06-06,1014,2,33,32,1,6432,26,33,9,30,0,0
2026-06-06,1016,2,47,44,3,13728,40,45,11,37,0,0
2026-06-06,1017,2,34,33,1,8943,25,31,8,29,0,0
2026-06-06,1018,2,45,44,1,13244,34,49,12,37,0,0
2026-06-06,1019,2,24,23,1,5359,22,36,9,17,0,0
2026-06-06,1021,3,34,31,3,6448,29,49,12,27,5,3327
2026-06-06,1022,3,46,43,3,12814,35,55,16,39,4,2743
2026-06-06,1023,3,41,39,2,13143,36,71,18,31,6,1635
2026-06-06,1024,3,25,24,1,5376,19,42,11,20,1,345
2026-06-06,1025,3,24,23,1,5428,17,21,6,18,1,268
2026-06-06,1026,3,37,35,2,7455,30,31,8,28,3,959
2026-06-06,1027,3,35,34,1,12036,32,35,11,30,5,1746
2026-06-06,1029,4,45,43,2,14276,39,78,19,35,0,0
2026-06-06,1030,4,33,32,1,7168,23,30,8,24,0,0
2026-06-06,1031,4,31,29,2,6438,24,54,14,23,0,0
2026-06-06,1032,4,26,25,1,6000,22,30,8,19,0,0
2026-06-06,1033,4,38,35,3,10185,28,43,10,27,0,0
2026-06-06,1034,4,46,46,0,16468,44,65,18,41,0,0
2026-06-06,1035,4,26,26,0,9334,21,27,7,24,0,0
2026-06-06,1036,4,36,35,1,8470,28,51,13,26,0,0
2026-06-06,1037,4,39,38,1,10792,33,49,12,35,0,0
2026-06-06,1038,4,32,30,2,5820,26,34,8,25,0,0
2026-06-06,1039,4,46,44,2,15092,33,64,16,34,0,0
2026-06-06,1040,4,42,40,2,10160,33,54,15,36,0,0
2026-06-06,1041,4,45,44,1,15180,31,67,18,41,0,0
2026-06-06,1042,4,33,32,1,9824,30,59,15,25,0,0
2026-06-06,1043,5,28,26,2,7670,21,42,10,20,0,0
2026-06-06,1044,5,30,30,0,8460,29,35,8,27,0,0
2026-06-06,1045,5,44,43,1,11094,40,43,13,36,0,0
2026-06-06,1046,5,47,44,3,9460,38,42,12,39,0,0
2026-06-06,1047,5,44,41,3,14637,34,69,18,35,0,0
2026-06-06,1048,5,43,42,1,11340,35,68,17,35,0,0
2026-06-06,1049,5,44,40,4,12320,30,43,10,33,0,0
2026-06-06,1050,5,40,38,2,8056,28,40,10,35,0,0
2026-06-06,1051,5,47,43,4,12599,41,55,14,39,0,0
2026-06-06,1052,5,25,24,1,8304,19,30,6,18,0,0
2026-06-06,1053,5,26,25,1,8400,21,37,9,19,0,0
2026-06-06,1055,6,26,25,1,8600,18,24,6,20,0,0
2026-06-06,1056,6,39,36,3,9072,33,46,11,31,0,0
2026-06-06,1057,6,34,34,0,9588,32,64,16,27,0,0
2026-06-06,1058,6,26,24,2,8136,20,39,9,21,0,0
2026-06-06,1060,6,25,23,2,6716,16,22,7,18,0,0
2026-06-06,1061,6,24,23,1,6555,20,34,8,18,0,0
2026-06-06,1062,6,46,45,1,14490,35,71,18,35,0,0
2026-06-06,1065,7,37,36,1,12132,34,63,16,33,5,3063
2026-06-06,1066,7,27,25,2,8650,23,32,9,19,2,1239
2026-06-06,1070,7,37,34,3,12002,33,38,9,29,4,1731
2026-06-06,1071,7,29,28,1,8316,20,42,13,26,4,2284
2026-06-06,1072,7,27,26,1,8320,22,35,9,21,4,1148
2026-06-06,1073,7,29,29,0,5742,27,38,10,24,1,467
2026-06-06,1074,7,36,35,1,9240,32,56,14,28,5,1979
2026-06-06,1075,7,46,44,2,9592,38,80,21,36,5,1723
2026-06-06,1076,7,30,29,1,9048,24,50,13,26,2,969
2026-06-06,1077,7,41,39,2,10569,30,62,15,36,5,2330
2026-06-06,1079,8,29,27,2,7398,19,44,11,24,4,1475
2026-06-06,1080,8,38,37,1,12469,34,43,12,28,3,757
2026-06-06,1082,8,32,32,0,10592,25,36,12,29,6,2124
2026-06-06,1083,8,33,30,3,7410,25,46,11,26,1,696
2026-06-06,1085,8,28,26,2,6448,20,40,9,22,2,1291
2026-06-06,1086,8,22,21,1,3822,15,28,9,19,1,499
2026-06-06,1087,8,39,36,3,6984,30,54,14,29,1,419
2026-06-06,1088,8,41,39,2,7995,32,64,17,32,2,591
2026-06-06,1089,8,24,23,1,6417,22,34,8,17,1,556
2026-06-06,1090,8,36,34,2,9656,32,50,11,31,6,3936
2026-06-06,1092,8,28,26,2,8346,21,44,12,21,5,2354
2026-06-06,1093,9,36,34,2,7276,30,70,16,27,0,0
2026-06-06,1094,9,39,37,2,10952,28,40,11,29,0,0
2026-06-06,1095,9,45,44,1,13024,33,74,21,40,0,0
2026-06-06,1096,9,33,30,3,8850,23,22,7,27,0,0
2026-06-06,1097,9,42,39,3,12090,34,81,18,30,0,0
2026-06-06,1098,9,28,26,2,4758,20,19,6,21,0,0
2026-06-06,1099,9,28,27,1,6264,22,31,7,25,0,0
2026-06-06,1100,9,34,32,2,7200,24,56,15,24,0,0
2026-06-06,1101,9,29,29,0,9280,25,56,14,24,0,0
2026-06-06,1102,9,43,41,2,9881,29,52,13,32,0,0
2026-06-06,1103,9,29,28,1,9548,26,44,11,24,0,0
2026-06-06,1104,9,29,27,2,6048,21,31,10,24,0,0
2026-06-06,1105,9,38,35,3,9240,27,44,10,28,0,0
2026-06-06,1106,10,23,23,0,4876,17,34,9,19,2,1379
2026-06-06,1107,10,47,45,2,8550,33,45,11,39,7,4123
2026-06-06,1109,10,29,27,2,5508,26,39,10,24,5,2231
2026-06-06,1110,10,31,30,1,10410,27,53,13,28,4,1923
2026-06-06,1111,10,29,28,1,6692,26,30,8,26,1,366
2026-06-06,1112,10,25,24,1,6048,21,26,6,22,3,951
2026-06-06,1113,10,31,28,3,6748,23,30,10,25,2,897
2026-06-06,1115,10,41,39,2,13767,30,42,10,34,7,2770
2026-06-07,1001,1,41,39,2,13494,35,65,16,32,3,1787
2026-06-07,1002,1,27,26,1,6110,19,28,7,24,2,642
2026-06-07,1003,1,42,39,3,13338,31,36,10,29,4,1499
2026-06-07,1004,1,41,39,2,10023,38,67,18,30,4,2657
2026-06-07,1005,1,27,26,1,9152,22,25,6,20,3,1002
2026-06-07,1007,1,35,34,1,7956,29,49,11,31,4,2438
2026-06-07,1008,1,27,27,0,5238,23,28,7,21,4,2362
2026-06-07,1009,1,35,35,0,11200,31,56,13,32,5,3247
2026-06-07,1010,1,46,43,3,12126,37,39,10,36,2,1122
2026-06-07,1011,2,43,40,3,8120,31,67,17,30,0,0
2026-06-07,1013,2,34,31,3,7037,26,41,11,24,0,0
2026-06-07,1014,2,23,22,1,7722,21,31,8,19,0,0
2026-06-07,1016,2,41,38,3,10868,33,52,12,31,0,0
2026-06-07,1017,2,30,29,1,7569,27,25,7,25,0,0
2026-06-07,1018,2,23,21,2,5754,18,34,9,17,0,0
2026-06-07,1019,2,38,35,3,8330,33,49,12,32,0,0
2026-06-07,1021,3,41,39,2,13962,37,48,12,29,2,684
2026-06-07,1022,3,28,26,2,5174,24,23,8,20,4,2105
2026-06-07,1023,3,42,40,2,13880,35,62,15,35,2,520
2026-06-07,1024,3,27,27,0,7695,25,47,11,22,4,2278
2026-06-07,1025,3,31,29,2,10208,26,35,10,26,4,2149
2026-06-07,1026,3,24,22,2,4136,20,17,5,18,2,940
2026-06-07,1027,3,25,23,2,7360,17,36,9,21,4,1236
2026-06-07,1029,4,33,32,1,11168,29,46,10,28,0,0
2026-06-07,1030,4,25,25,0,7375,21,32,8,21,0,0
2026-06-07,1031,4,37,34,3,8568,31,54,13,28,0,0
2026-06-07,1032,4,38,37,1,9139,29,62,16,29,0,0
2026-06-07,1033,4,23,22,1,6622,17,23,5,20,0,0
2026-06-07,1034,4,23,22,1,5280,17,38,9,20,0,0
2026-06-07,1035,4,39,38,1,11096,34,45,12,35,0,0
2026-06-07,1036,4,33,31,2,10292,25,46,11,23,0,0
2026-06-07,1037,4,40,38,2,9044,35,42,10,30,0,0
2026-06-07,1038,4,27,25,2,7350,23,45,12,20,0,0
2026-06-07,1039,4,45,43,2,10750,39,43,11,35,0,0
2026-06-07,1040,4,44,43,1,11524,31,56,14,37,0,0
2026-06-07,1041,4,34,32,2,9536,25,40,10,28,0,0
2026-06-07,1042,4,44,41,3,12874,38,69,18,37,0,0
2026-06-07,1043,5,38,36,2,11376,27,62,17,27,0,0
2026-06-07,1044,5,35,34,1,7174,29,65,15,26,0,0
2026-06-07,1045,5,40,39,1,10179,31,74,19,30,0,0
2026-06-07,1046,5,29,28,1,5264,23,51,13,23,0,0
2026-06-07,1047,5,37,35,2,9590,31,59,16,30,0,0
2026-06-07,1048,5,45,44,1,12276,33,71,18,40,0,0
2026-06-07,1049,5,41,38,3,13680,30,60,15,33,0,0
2026-06-07,1050,5,43,42,1,14280,38,43,10,33,0,0
2026-06-07,1051,5,24,23,1,7659,21,22,6,21,0,0
2026-06-07,1052,5,29,28,1,9296,27,38,9,23,0,0
2026-06-07,1053,5,23,23,0,5474,18,41,10,17,0,0
2026-06-07,1055,6,36,33,3,9900,25,54,14,30,0,0
2026-06-07,1056,6,47,45,2,11025,36,46,11,35,0,0
2026-06-07,1057,6,32,31,1,10633,29,58,15,28,0,0
2026-06-07,1058,6,33,33,0,7425,31,45,12,27,0,0
2026-06-07,1060,6,39,37,2,10693,27,48,13,28,0,0
2026-06-07,1061,6,29,29,0,7163,28,28,8,23,0,0
2026-06-07,1062,6,22,22,0,5940,17,32,9,18,0,0
2026-06-07,1065,7,25,24,1,7440,20,36,9,19,4,2268
2026-06-07,1066,7,34,33,1,6600,30,56,14,25,3,1123
2026-06-07,1070,7,42,39,3,11271,34,47,13,33,3,1271
2026-06-07,1071,7,34,32,2,6144,27,48,13,29,2,1272
2026-06-07,1072,7,28,26,2,7670,20,35,10,24,2,1389
2026-06-07,1073,7,29,27,2,7209,25,48,12,24,2,897
2026-06-07,1074,7,33,31,2,9424,22,30,8,23,3,790
2026-06-07,1075,7,28,26,2,5902,21,27,7,19,4,2236
2026-06-07,1076,7,34,31,3,9827,27,35,10,28,5,1453
2026-06-07,1077,7,38,37,1,11470,31,41,11,34,5,3062
2026-06-07,1079,8,26,25,1,6375,22,20,6,19,2,826
2026-06-07,1080,8,34,32,2,7360,26,31,8,28,4,1028
2026-06-07,1082,8,38,37,1,12284,35,48,13,34,5,3350
2026-06-07,1083,8,31,28,3,7896,25,36,9,22,2,551
2026-06-07,1085,8,42,38,4,11818,31,40,10,29,6,4098
2026-06-07,1086,8,25,23,2,6394,18,38,9,18,1,520
2026-06-07,1087,8,43,42,1,15078,36,66,17,33,2,1116
2026-06-07,1088,8,26,25,1,6050,24,27,7,20,4,2177
2026-06-07,1089,8,36,34,2,7004,29,51,12,27,3,1797
2026-06-07,1090,8,45,41,4,7708,38,62,15,36,6,2278
2026-06-07,1092,8,38,38,0,9956,29,44,11,34,6,2003
2026-06-07,1093,9,30,29,1,9715,24,36,9,24,0,0
2026-06-07,1094,9,44,43,1,12513,38,44,11,39,0,0
2026-06-07,1095,9,24,23,1,6233,22,44,11,20,0,0
2026-06-07,1096,9,34,31,3,6200,27,42,9,29,0,0
2026-06-07,1097,9,23,22,1,4378,20,41,10,20,0,0
2026-06-07,1098,9,32,30,2,5970,22,40,10,27,0,0
2026-06-07,1099,9,42,42,0,8694,36,77,20,32,0,0
2026-06-07,1100,9,22,22,0,4180,17,34,9,20,0,0
2026-06-07,1101,9,23,22,1,7260,17,33,7,16,0,0
2026-06-07,1102,9,31,30,1,9720,28,38,10,25,0,0
2026-06-07,1103,9,23,21,2,7371,15,40,9,18,0,0
2026-06-07,1104,9,45,44,1,11088,35,35,11,37,0,0
2026-06-07,1105,9,36,34,2,9282,26,39,9,29,0,0
2026-06-07,1106,10,27,26,1,8736,24,42,12,20,4,1220
2026-06-07,1107,10,37,35,2,6440,26,32,8,31,3,2093
2026-06-07,1109,10,38,36,2,8100,29,65,15,32,5,2973
2026-06-07,1110,10,31,31,0,6479,23,47,13,27,3,1232
2026-06-07,1111,10,46,43,3,11696,40,74,20,34,7,2935
2026-06-07,1112,10,27,27,0,6723,20,28,7,22,4,2428
2026-06-07,1113,10,44,40,4,10160,36,48,13,34,7,2430
2026-06-07,1115,10,25,24,1,5928,20,29,7,20,2,972
2026-06-08,1001,1,46,42,4,11550,31,45,11,36,2,722
2026-06-08,1002,1,92,89,3,27056,82,93,22,79,10,2768
2026-06-08,1003,1,89,87,2,16008,78,110,30,77,15,5195
2026-06-08,1004,1,60,57,3,18867,46,63,17,44,10,3928
2026-06-08,1005,1,76,73,3,23287,71,91,26,63,6,2957
2026-06-08,1007,1,86,84,2,18060,78,157,37,63,5,1314
2026-06-08,1008,1,58,54,4,13338,47,85,23,42,6,3480
2026-06-08,1009,1,82,76,6,14288,59,85,22,61,4,2099
2026-06-08,1010,1,65,62,3,20894,49,68,19,52,12,5231
2026-06-08,1011,2,88,86,2,26230,82,120,30,70,0,0
2026-06-08,1013,2,90,85,5,27285,82,91,24,69,0,0
2026-06-08,1014,2,86,79,7,14773,70,84,20,64,0,0
2026-06-08,1016,2,79,77,2,18249,70,119,30,70,0,0
2026-06-08,1017,2,52,50,2,16400,37,85,23,38,0,0
2026-06-08,1018,2,86,83,3,25315,61,87,22,66,0,0
2026-06-08,1019,2,64,62,2,14446,52,66,16,50,0,0
2026-06-08,1021,3,65,62,3,20584,50,126,29,57,4,1617
2026-06-08,1022,3,60,58,2,11832,55,89,21,50,4,1443
2026-06-08,1023,3,56,52,4,17784,44,52,13,49,3,1076
2026-06-08,1024,3,62,57,5,17157,41,68,19,47,9,2643
2026-06-08,1025,3,72,68,4,13396,55,111,28,51,9,2865
2026-06-08,1026,3,57,52,5,10972,38,73,20,48,6,2144
2026-06-08,1027,3,66,65,1,13130,63,89,25,59,9,4099
2026-06-08,1029,4,68,66,2,12144,59,82,21,58,0,0
2026-06-08,1030,4,88,85,3,17255,72,142,38,74,0,0
2026-06-08,1031,4,65,61,4,20191,54,93,25,47,0,0
2026-06-08,1032,4,85,82,3,21812,61,149,37,65,0,0
2026-06-08,1033,4,61,56,5,13552,40,104,26,49,0,0
2026-06-08,1034,4,67,64,3,18688,61,68,17,51,0,0
2026-06-08,1035,4,92,85,7,18445,62,85,21,73,0,0
2026-06-08,1036,4,80,77,3,20559,57,138,34,71,0,0
2026-06-08,1037,4,52,50,2,15700,43,95,23,40,0,0
2026-06-08,1038,4,74,69,5,22563,57,68,18,57,0,0
2026-06-08,1039,4,91,88,3,20504,84,114,29,73,0,0
2026-06-08,1040,4,62,59,3,14809,48,57,16,45,0,0
2026-06-08,1041,4,46,43,3,11395,36,56,14,40,0,0
2026-06-08,1042,4,60,59,1,11210,52,97,24,54,0,0
2026-06-08,1043,5,86,79,7,18091,73,106,30,66,0,0
2026-06-08,1044,5,67,66,1,22110,51,80,21,50,0,0
2026-06-08,1045,5,89,81,8,14742,63,132,31,61,0,0
2026-06-08,1046,5,62,59,3,16579,57,83,21,48,0,0
2026-06-08,1047,5,75,69,6,24357,51,73,19,62,0,0
2026-06-08,1048,5,68,63,5,13797,49,99,25,52,0,0
2026-06-08,1049,5,57,52,5,16432,37,65,17,47,0,0
2026-06-08,1050,5,69,68,1,20604,63,68,18,61,0,0
2026-06-08,1051,5,46,44,2,12892,34,78,20,36,0,0
2026-06-08,1052,5,61,56,5,17416,52,104,26,51,0,0
2026-06-08,1053,5,46,45,1,9855,38,83,22,40,0,0
2026-06-08,1055,6,77,72,5,23184,68,79,19,63,0,0
2026-06-08,1056,6,50,46,4,11914,42,55,13,43,0,0
2026-06-08,1057,6,89,87,2,24795,63,117,30,65,0,0
2026-06-08,1058,6,90,82,8,18450,70,98,24,74,0,0
2026-06-08,1060,6,89,81,8,25029,61,91,24,63,0,0
2026-06-08,1061,6,47,43,4,8299,33,65,16,39,0,0
2026-06-08,1062,6,80,78,2,18876,71,127,33,59,0,0
2026-06-08,1065,7,58,54,4,18684,46,59,15,45,8,3517
2026-06-08,1066,7,61,57,4,13965,54,81,20,49,7,2075
2026-06-08,1070,7,69,66,3,19602,61,81,22,57,3,1815
2026-06-08,1071,7,57,56,1,20104,50,58,16,46,10,3702
2026-06-08,1072,7,71,70,1,17850,65,129,33,59,4,2369
2026-06-08,1073,7,77,75,2,20775,65,88,22,62,10,6332
2026-06-08,1074,7,80,75,5,26100,54,106,25,57,10,5350
2026-06-08,1075,7,80,78,2,15834,65,105,30,65,12,8325
2026-06-08,1076,7,92,85,7,26520,79,131,33,79,5,3320
2026-06-08,1077,7,89,87,2,19836,67,138,34,69,9,4033
2026-06-08,1079,8,74,71,3,19667,63,147,35,53,5,2939
2026-06-08,1080,8,46,43,3,10578,33,78,19,32,2,838
2026-06-08,1082,8,87,82,5,19680,75,87,22,69,11,6528
2026-06-08,1083,8,82,75,7,26100,72,106,28,57,10,3563
2026-06-08,1085,8,84,80,4,17200,63,108,26,75,11,3612
2026-06-08,1086,8,92,89,3,31506,67,120,30,67,12,5085
2026-06-08,1087,8,82,76,6,14136,67,133,36,66,8,4729
2026-06-08,1088,8,71,69,2,12834,65,103,25,64,8,4261
2026-06-08,1089,8,83,80,3,27760,73,85,22,69,11,7577
2026-06-08,1090,8,95,93,2,30969,80,99,24,87,16,7073
2026-06-08,1092,8,89,84,5,27552,65,103,26,76,14,5852
2026-06-08,1093,9,64,62,2,13516,60,68,16,55,0,0
2026-06-08,1094,9,92,87,5,25317,80,100,26,78,0,0
2026-06-08,1095,9,62,60,2,19320,53,82,22,52,0,0
2026-06-08,1096,9,53,49,4,11907,46,90,22,36,0,0
2026-06-08,1097,9,55,54,1,14472,43,90,26,49,0,0
2026-06-08,1098,9,80,77,3,18788,59,109,32,70,0,0
2026-06-08,1099,9,50,46,4,14996,41,86,22,37,0,0
2026-06-08,1100,9,79,74,5,24272,58,145,36,69,0,0
2026-06-08,1101,9,71,68,3,22508,51,113,30,59,0,0
2026-06-08,1102,9,59,54,5,15768,51,85,21,43,0,0
2026-06-08,1103,9,76,69,7,17733,63,87,22,57,0,0
2026-06-08,1104,9,48,47,1,10763,37,53,14,42,0,0
2026-06-08,1105,9,69,63,6,12600,49,76,18,53,0,0
2026-06-08,1106,10,82,79,3,18249,77,115,28,68,13,5532
2026-06-08,1107,10,92,86,6,27864,71,114,28,76,9,5668
2026-06-08,1109,10,73,67,6,20100,60,65,18,58,8,4059
2026-06-08,1110,10,60,59,1,15104,53,72,20,53,4,1792
2026-06-08,1111,10,79,78,1,26520,70,91,22,70,7,4037
2026-06-08,1112,10,58,56,2,16184,40,63,16,48,3,1452
2026-06-08,1113,10,56,55,1,10835,51,105,27,42,4,2087
2026-06-08,1115,10,67,62,5,18538,56,83,21,54,10,6738
2026-06-09,1001,1,68,63,5,15876,50,68,18,59,5,2422
2026-06-09,1002,1,91,83,8,17430,74,158,40,75,16,10190
2026-06-09,1003,1,72,66,6,18546,53,132,31,56,7,2173
2026-06-09,1004,1,55,54,1,16524,45,100,25,46,2,705
2026-06-09,1005,1,49,45,4,9585,34,70,18,35,3,849
2026-06-09,1007,1,53,48,5,14688,41,88,22,37,7,3847
2026-06-09,1008,1,65,63,2,20979,55,83,21,53,3,1693
2026-06-09,1009,1,66,63,3,20349,58,82,22,50,11,5625
2026-06-09,1010,1,68,63,5,18963,50,107,27,53,12,5768
2026-06-09,1011,2,85,80,5,25280,69,78,21,70,0,0
2026-06-09,1013,2,86,79,7,25280,68,97,24,72,0,0
2026-06-09,1014,2,61,60,1,11580,52,101,26,54,0,0
2026-06-09,1016,2,51,47,4,8977,42,70,16,40,0,0
2026-06-09,1017,2,91,88,3,16192,80,110,26,69,0,0
2026-06-09,1018,2,59,57,2,11742,51,98,25,49,0,0
2026-06-09,1019,2,86,80,6,22320,67,130,32,61,0,0
2026-06-09,1021,3,57,54,3,18630,44,58,14,47,10,3242
2026-06-09,1022,3,65,61,4,13420,58,74,20,50,7,3139
2026-06-09,1023,3,85,82,3,14842,77,100,25,64,14,9730
2026-06-09,1024,3,55,52,3,10764,46,90,25,39,9,3740
2026-06-09,1025,3,94,92,2,20332,66,167,41,79,9,4360
2026-06-09,1026,3,54,51,3,17697,45,99,23,45,6,3874
2026-06-09,1027,3,82,76,6,23940,65,119,32,60,7,2237
2026-06-09,1029,4,80,73,7,17374,61,93,23,63,0,0
2026-06-09,1030,4,72,68,4,24140,58,98,23,51,0,0
2026-06-09,1031,4,59,58,1,13224,49,104,25,50,0,0
2026-06-09,1032,4,52,51,1,12852,48,59,16,44,0,0
2026-06-09,1033,4,77,71,6,18957,54,83,23,57,0,0
2026-06-09,1034,4,59,55,4,10505,49,105,26,42,0,0
2026-06-09,1035,4,65,60,5,19500,44,90,21,52,0,0
2026-06-09,1036,4,47,45,2,12960,40,86,21,42,0,0
2026-06-09,1037,4,60,55,5,13805,50,81,21,45,0,0
2026-06-09,1038,4,72,70,2,14840,67,121,32,66,0,0
2026-06-09,1039,4,84,81,3,19440,68,88,26,70,0,0
2026-06-09,1040,4,47,45,2,12330,41,63,16,38,0,0
2026-06-09,1041,4,89,84,5,18648,67,129,30,72,0,0
2026-06-09,1042,4,52,50,2,16250,41,79,19,40,0,0
2026-06-09,1043,5,84,80,4,19040,75,92,23,68,0,0
2026-06-09,1044,5,49,48,1,10320,37,53,13,36,0,0
2026-06-09,1045,5,83,77,6,18403,61,134,32,57,0,0
2026-06-09,1046,5,78,72,6,20016,64,124,35,64,0,0
2026-06-09,1047,5,77,72,5,25128,57,143,34,61,0,0
2026-06-09,1048,5,47,45,2,13950,41,49,13,41,0,0
2026-06-09,1049,5,94,87,7,27318,74,109,31,75,0,0
2026-06-09,1050,5,64,59,5,16402,47,98,25,51,0,0
2026-06-09,1051,5,78,75,3,15675,70,143,35,56,0,0
2026-06-09,1052,5,76,69,7,13593,51,107,25,53,0,0
2026-06-09,1053,5,84,77,7,14476,60,139,35,72,0,0
2026-06-09,1055,6,55,54,1,15714,52,77,18,42,0,0
2026-06-09,1056,6,87,82,5,20172,68,100,27,75,0,0
2026-06-09,1057,6,71,65,6,22295,48,117,27,52,0,0
2026-06-09,1058,6,75,69,6,21735,51,69,18,61,0,0
2026-06-09,1060,6,90,82,8,16154,80,148,39,65,0,0
2026-06-09,1061,6,75,70,5,12950,53,132,33,57,0,0
2026-06-09,1062,6,78,73,5,17228,61,110,28,67,0,0
2026-06-09,1065,7,55,51,4,10608,42,55,13,38,9,6298
2026-06-09,1066,7,89,82,7,17056,64,83,21,63,14,7942
2026-06-09,1070,7,86,79,7,28440,74,92,22,70,10,5624
2026-06-09,1071,7,47,43,4,8084,37,64,15,32,6,2414
2026-06-09,1072,7,79,74,5,15984,58,125,34,57,7,3990
2026-06-09,1073,7,70,68,2,15096,64,123,33,51,13,3734
2026-06-09,1074,7,53,50,3,12900,47,92,22,39,5,2517
2026-06-09,1075,7,53,49,4,12103,39,95,22,41,3,1751
2026-06-09,1076,7,83,80,3,26480,72,144,35,75,9,5332
2026-06-09,1077,7,76,73,3,19783,54,107,27,68,12,4605
2026-06-09,1079,8,90,82,8,28536,61,155,39,69,6,2021
2026-06-09,1080,8,84,79,5,22989,69,99,28,68,6,2076
2026-06-09,1082,8,46,44,2,14784,36,68,17,37,8,4373
2026-06-09,1083,8,94,89,5,24208,77,172,44,79,12,6357
2026-06-09,1085,8,50,47,3,16121,38,70,18,42,4,2200
2026-06-09,1086,8,56,54,2,18846,42,67,17,47,3,1418
2026-06-09,1087,8,75,69,6,22563,64,107,28,64,10,5266
2026-06-09,1088,8,95,86,9,22102,68,127,32,64,17,9268
2026-06-09,1089,8,47,44,3,8316,36,73,19,36,6,1554
2026-06-09,1090,8,63,61,2,14274,46,71,18,50,4,2679
2026-06-09,1092,8,45,42,3,12222,38,76,19,31,6,3359
2026-06-09,1093,9,51,47,4,16920,39,95,22,36,0,0
2026-06-09,1094,9,76,71,5,22933,57,76,21,65,0,0
2026-06-09,1095,9,77,76,1,23104,55,143,36,66,0,0
2026-06-09,1096,9,63,59,4,15812,42,83,21,52,0,0
2026-06-09,1097,9,81,79,2,15563,64,105,29,62,0,0
2026-06-09,1098,9,84,80,4,21120,73,85,20,75,0,0
2026-06-09,1099,9,54,49,5,12887,42,89,23,45,0,0
2026-06-09,1100,9,91,89,2,27145,78,81,22,72,0,0
2026-06-09,1101,9,54,53,1,12879,49,74,19,48,0,0
2026-06-09,1102,9,69,63,6,11340,48,53,15,54,0,0
2026-06-09,1103,9,62,57,5,19551,49,76,21,45,0,0
2026-06-09,1104,9,63,61,2,11163,57,80,19,46,0,0
2026-06-09,1105,9,54,52,2,10764,47,95,25,44,0,0
2026-06-09,1106,10,63,58,5,12992,56,66,18,44,10,5999
2026-06-09,1107,10,84,81,3,20898,77,148,36,73,15,7839
2026-06-09,1109,10,58,53,5,11872,44,85,23,44,5,1638
2026-06-09,1110,10,61,56,5,16576,49,72,19,43,5,2453
2026-06-09,1111,10,78,76,2,15960,62,105,27,64,10,5323
2026-06-09,1112,10,90,84,6,23268,69,140,36,68,16,8917
2026-06-09,1113,10,83,77,6,26719,73,82,22,69,15,7081
2026-06-09,1115,10,87,80,7,27920,66,123,32,73,6,4121
2026-06-10,1001,1,68,63,5,16380,52,80,23,48,8,2033
2026-06-10,1002,1,76,70,6,15820,66,121,29,58,7,3403
2026-06-10,1003,1,84,82,2,15990,69,104,25,63,13,4331
2026-06-10,1004,1,75,73,2,17301,61,118,30,63,6,3762
2026-06-10,1005,1,76,71,5,17182,67,104,25,54,11,3082
2026-06-10,1007,1,86,85,1,26605,73,100,26,76,6,3154
2026-06-10,1008,1,50,48,2,13056,37,71,18,42,6,3082
2026-06-10,1009,1,91,85,6,22950,71,138,33,74,8,2497
2026-06-10,1010,1,51,48,3,10128,37,61,15,43,9,6003
2026-06-10,1011,2,50,46,4,11408,35,56,16,36,0,0
2026-06-10,1013,2,61,57,4,18639,41,82,19,46,0,0
2026-06-10,1014,2,59,55,4,13255,49,84,21,47,0,0
2026-06-10,1016,2,85,81,4,28917,71,102,28,67,0,0
2026-06-10,1017,2,46,45,1,11205,42,88,21,39,0,0
2026-06-10,1018,2,51,49,2,13328,42,81,21,45,0,0
2026-06-10,1019,2,69,66,3,18084,47,107,27,61,0,0
2026-06-10,1021,3,80,76,4,19380,60,117,31,71,11,5602
2026-06-10,1022,3,47,46,1,12696,44,67,20,36,4,1239
2026-06-10,1023,3,59,57,2,19779,52,57,16,49,7,4231
2026-06-10,1024,3,83,79,4,17064,71,139,34,72,11,7439
2026-06-10,1025,3,79,73,6,20075,67,98,23,57,11,7616
2026-06-10,1026,3,64,61,3,20252,55,105,29,48,9,3655
2026-06-10,1027,3,86,83,3,27141,78,77,21,69,9,5504
2026-06-10,1029,4,93,91,2,19656,78,141,37,73,0,0
2026-06-10,1030,4,73,70,3,22540,65,109,27,56,0,0
2026-06-10,1031,4,54,51,3,12954,40,64,16,40,0,0
2026-06-10,1032,4,94,85,9,15385,78,92,23,69,0,0
2026-06-10,1033,4,46,43,3,14405,32,63,16,36,0,0
2026-06-10,1034,4,90,85,5,21930,70,151,41,80,0,0
2026-06-10,1035,4,83,79,4,17538,70,153,38,70,0,0
2026-06-10,1036,4,94,90,4,25650,81,129,31,70,0,0
2026-06-10,1037,4,51,48,3,12528,43,58,15,45,0,0
2026-06-10,1038,4,69,68,1,18496,53,103,26,52,0,0
2026-06-10,1039,4,45,43,2,15093,38,82,20,36,0,0
2026-06-10,1040,4,45,42,3,9240,38,68,17,39,0,0
2026-06-10,1041,4,66,61,5,11102,53,58,17,54,0,0
2026-06-10,1042,4,47,44,3,8800,31,46,11,39,0,0
2026-06-10,1043,5,66,65,1,16120,52,76,21,53,0,0
2026-06-10,1044,5,75,70,5,23660,62,143,34,57,0,0
2026-06-10,1045,5,67,64,3,17344,60,72,18,58,0,0
2026-06-10,1046,5,54,51,3,10200,39,67,16,41,0,0
2026-06-10,1047,5,68,63,5,15498,55,58,16,56,0,0
2026-06-10,1048,5,75,70,5,15680,58,66,17,64,0,0
2026-06-10,1049,5,65,59,6,14691,46,82,20,46,0,0
2026-06-10,1050,5,46,43,3,12126,31,83,21,34,0,0
2026-06-10,1051,5,82,76,6,27056,59,131,34,57,0,0
2026-06-10,1052,5,50,49,1,15386,46,51,13,43,0,0
2026-06-10,1053,5,81,79,2,27650,73,140,37,66,0,0
2026-06-10,1055,6,68,67,1,20703,52,95,24,53,0,0
2026-06-10,1056,6,76,69,7,13869,64,91,22,53,0,0
2026-06-10,1057,6,83,76,7,20520,56,114,31,67,0,0
2026-06-10,1058,6,55,51,4,10455,40,73,18,40,0,0
2026-06-10,1060,6,73,67,6,18827,57,113,31,54,0,0
2026-06-10,1061,6,78,71,7,20448,52,126,32,56,0,0
2026-06-10,1062,6,79,76,3,22876,54,127,34,62,0,0
2026-06-10,1065,7,73,70,3,22890,58,80,20,66,11,5722
2026-06-10,1066,7,72,66,6,23496,63,83,20,51,4,2488
2026-06-10,1070,7,75,70,5,15540,64,116,31,56,9,4450
2026-06-10,1071,7,63,58,5,16994,53,89,21,45,8,3970
2026-06-10,1072,7,60,57,3,12768,41,92,24,51,6,4174
2026-06-10,1073,7,75,71,4,15549,66,134,34,54,11,3145
2026-06-10,1074,7,51,49,2,11319,36,79,22,43,3,1889
2026-06-10,1075,7,68,65,3,11895,51,68,19,50,7,1981
2026-06-10,1076,7,78,72,6,25632,66,107,28,55,5,1494
2026-06-10,1077,7,76,71,5,13916,53,123,31,56,13,6905
2026-06-10,1079,8,81,77,4,22946,72,130,33,59,6,3716
2026-06-10,1080,8,47,45,2,9360,32,45,11,35,5,1903
2026-06-10,1082,8,82,79,3,20777,62,161,39,71,5,3297
2026-06-10,1083,8,89,85,4,26520,65,91,22,77,14,8072
2026-06-10,1085,8,78,72,6,16200,61,112,29,66,6,3265
2026-06-10,1086,8,62,59,3,13098,55,95,22,50,3,1867
2026-06-10,1087,8,64,63,1,17703,51,83,22,53,3,808
2026-06-10,1088,8,69,65,4,13585,54,112,29,56,4,1354
2026-06-10,1089,8,86,79,7,14457,60,134,31,70,10,6923
2026-06-10,1090,8,89,84,5,25788,73,97,27,76,6,2050
2026-06-10,1092,8,51,48,3,10272,43,47,13,44,2,1270
2026-06-10,1093,9,62,58,4,17980,55,98,25,46,0,0
2026-06-10,1094,9,80,76,4,18392,58,148,37,72,0,0
2026-06-10,1095,9,78,74,4,16946,65,134,35,63,0,0
2026-06-10,1096,9,94,86,8,21930,77,138,34,64,0,0
2026-06-10,1097,9,61,57,4,14877,55,96,28,49,0,0
2026-06-10,1098,9,94,90,4,21960,68,175,42,80,0,0
2026-06-10,1099,9,91,85,6,22015,68,153,38,72,0,0
2026-06-10,1100,9,89,86,3,28982,76,161,41,74,0,0
2026-06-10,1101,9,48,45,3,11025,38,67,20,40,0,0
2026-06-10,1102,9,82,77,5,17094,59,98,27,62,0,0
2026-06-10,1103,9,74,68,6,18972,49,86,23,53,0,0
2026-06-10,1104,9,85,77,8,23793,67,147,38,67,0,0
2026-06-10,1105,9,72,68,4,21080,55,70,18,51,0,0
2026-06-10,1106,10,49,47,2,14382,41,52,13,41,3,1587
2026-06-10,1107,10,48,47,1,13583,38,70,17,38,7,3806
2026-06-10,1109,10,74,72,2,13896,61,104,25,56,6,3657
2026-06-10,1110,10,61,59,2,13629,46,86,23,44,8,5200
2026-06-10,1111,10,67,63,4,11844,52,99,25,55,11,3880
2026-06-10,1112,10,61,56,5,12096,53,78,20,42,4,1010
2026-06-10,1113,10,89,85,4,15810,82,108,28,68,7,4621
2026-06-10,1115,10,70,65,5,19955,60,96,25,51,11,3871
2026-06-11,1001,1,53,51,2,17595,48,66,17,39,7,4054
2026-06-11,1002,1,60,59,1,15458,42,69,17,50,3,1566
2026-06-11,1003,1,71,67,4,12395,57,131,32,56,8,5001
2026-06-11,1004,1,78,76,2,20368,70,112,30,65,7,1827
2026-06-11,1005,1,58,56,2,17360,48,93,22,46,10,6902
2026-06-11,1007,1,61,58,3,19256,41,95,26,44,7,2188
2026-06-11,1008,1,84,79,5,17775,72,83,23,74,13,4383
2026-06-11,1009,1,85,80,5,20240,58,93,23,68,13,8051
2026-06-11,1010,1,49,45,4,9765,37,58,15,37,7,2284
2026-06-11,1011,2,76,72,4,23184,67,125,33,61,0,0
2026-06-11,1013,2,74,69,5,13593,59,109,28,64,0,0
2026-06-11,1014,2,66,60,6,13080,47,105,25,56,0,0
2026-06-11,1016,2,45,43,2,11051,41,72,19,36,0,0
2026-06-11,1017,2,61,58,3,15254,54,84,21,48,0,0
2026-06-11,1018,2,55,53,2,12349,42,98,25,40,0,0
2026-06-11,1019,2,71,68,3,12648,50,115,28,61,0,0
2026-06-11,1021,3,47,44,3,8888,39,54,15,41,3,1812
2026-06-11,1022,3,61,59,2,19175,49,115,28,54,9,3691
2026-06-11,1023,3,60,56,4,15624,42,102,26,50,4,2644
2026-06-11,1024,3,70,64,6,13120,51,127,31,55,8,2403
2026-06-11,1025,3,69,63,6,22176,53,116,29,51,10,5151
2026-06-11,1026,3,69,65,4,20735,60,96,26,49,9,5632
2026-06-11,1027,3,50,49,1,13230,37,86,23,39,3,1768
2026-06-11,1029,4,87,82,5,20746,80,140,36,71,0,0
2026-06-11,1030,4,64,63,1,17703,54,92,23,52,0,0
2026-06-11,1031,4,50,49,1,16660,45,79,21,39,0,0
2026-06-11,1032,4,52,47,5,12173,45,94,23,36,0,0
2026-06-11,1033,4,47,44,3,12232,37,71,18,40,0,0
2026-06-11,1034,4,46,45,1,12915,36,45,11,34,0,0
2026-06-11,1035,4,54,50,4,15950,39,67,20,39,0,0
2026-06-11,1036,4,94,92,2,22632,71,145,38,82,0,0
2026-06-11,1037,4,82,80,2,22480,63,129,34,67,0,0
2026-06-11,1038,4,73,69,4,22977,53,122,31,56,0,0
2026-06-11,1039,4,53,50,3,14850,39,70,17,38,0,0
2026-06-11,1040,4,46,42,4,9114,34,63,17,32,0,0
2026-06-11,1041,4,48,46,2,11408,43,73,19,37,0,0
2026-06-11,1042,4,80,79,1,14931,64,94,25,72,0,0
2026-06-11,1043,5,51,46,5,10166,44,51,14,39,0,0
2026-06-11,1044,5,74,73,1,19126,58,90,23,67,0,0
2026-06-11,1045,5,72,67,5,21105,56,68,17,60,0,0
2026-06-11,1046,5,93,90,3,31950,88,136,38,69,0,0
2026-06-11,1047,5,47,46,1,12972,36,66,18,43,0,0
2026-06-11,1048,5,71,67,4,18358,64,121,30,57,0,0
2026-06-11,1049,5,49,45,4,15705,38,78,19,39,0,0
2026-06-11,1050,5,70,69,1,14007,50,118,28,61,0,0
2026-06-11,1051,5,87,85,2,29920,70,95,24,68,0,0
2026-06-11,1052,5,61,56,5,18032,40,92,26,44,0,0
2026-06-11,1053,5,66,64,2,17152,49,93,23,51,0,0
2026-06-11,1055,6,64,59,5,18644,51,75,20,52,0,0
2026-06-11,1056,6,78,75,3,24075,69,98,26,58,0,0
2026-06-11,1057,6,83,78,5,16224,57,81,21,72,0,0
2026-06-11,1058,6,70,67,3,22847,60,95,23,61,0,0
2026-06-11,1060,6,74,68,6,21692,62,104,27,63,0,0
2026-06-11,1061,6,62,59,3,15694,42,102,27,53,0,0
2026-06-11,1062,6,48,46,2,12880,33,48,12,42,0,0
2026-06-11,1065,7,68,66,2,21714,52,102,26,53,3,912
2026-06-11,1066,7,77,71,6,19099,65,128,31,53,12,7937
2026-06-11,1070,7,58,57,1,14649,50,88,21,51,7,2736
2026-06-11,1071,7,57,56,1,10864,48,54,14,45,8,3694
2026-06-11,1072,7,73,69,4,14283,51,90,22,54,8,5440
2026-06-11,1073,7,78,74,4,20202,64,124,30,62,6,2767
2026-06-11,1074,7,47,44,3,15444,34,85,20,41,2,889
2026-06-11,1075,7,65,64,1,17024,50,85,22,53,7,4102
2026-06-11,1076,7,65,60,5,12840,44,75,17,56,9,2475
2026-06-11,1077,7,65,59,6,12095,54,57,14,51,8,5333
2026-06-11,1079,8,67,61,6,17995,48,105,25,47,3,2039
2026-06-11,1080,8,60,55,5,14410,52,78,21,47,8,4448
2026-06-11,1082,8,93,89,4,24653,64,122,32,80,6,2400
2026-06-11,1083,8,80,75,5,21525,60,71,19,60,6,3824
2026-06-11,1085,8,85,83,2,21746,62,100,26,77,7,4011
2026-06-11,1086,8,81,77,4,22022,72,141,34,63,7,2266
2026-06-11,1087,8,74,71,3,14910,60,84,21,61,7,4786
2026-06-11,1088,8,93,88,5,25520,84,154,40,75,4,2486
2026-06-11,1089,8,45,41,4,10947,34,75,20,31,6,2897
2026-06-11,1090,8,87,82,5,24272,74,122,32,70,4,1229
2026-06-11,1092,8,94,89,5,29904,81,106,27,81,9,4739
2026-06-11,1093,9,74,69,5,16629,51,87,23,59,0,0
2026-06-11,1094,9,83,76,7,15884,64,136,34,67,0,0
2026-06-11,1095,9,72,67,5,21976,61,97,24,56,0,0
2026-06-11,1096,9,51,48,3,16896,37,89,23,43,0,0
2026-06-11,1097,9,85,77,8,18172,68,131,33,63,0,0
2026-06-11,1098,9,90,82,8,26404,68,142,36,74,0,0
2026-06-11,1099,9,79,72,7,20880,56,105,26,57,0,0
2026-06-11,1100,9,59,55,4,19470,46,90,21,46,0,0
2026-06-11,1101,9,88,86,2,21242,65,132,31,67,0,0
2026-06-11,1102,9,91,84,7,20832,65,137,35,79,0,0
2026-06-11,1103,9,92,89,3,29726,77,156,39,81,0,0
2026-06-11,1104,9,88,85,3,29835,71,108,27,70,0,0
2026-06-11,1105,9,67,63,4,15120,56,101,25,52,0,0
2026-06-11,1106,10,89,87,2,28188,66,142,36,75,12,5865
2026-06-11,1107,10,55,54,1,10260,43,79,20,41,7,1857
2026-06-11,1109,10,89,84,5,29148,68,142,36,78,14,7677
2026-06-11,1110,10,47,45,2,10755,42,55,15,36,3,1528
2026-06-11,1111,10,57,56,1,19656,42,78,18,48,9,5345
2026-06-11,1112,10,79,76,3,25460,66,102,27,71,8,4187
2026-06-11,1113,10,95,90,5,21330,74,158,40,83,5,1632
2026-06-11,1115,10,72,69,3,19665,63,120,31,64,9,4787
2026-06-12,1001,1,56,55,1,16005,45,60,16,49,2,908
2026-06-12,1002,1,73,69,4,16008,52,105,25,64,12,3805
2026-06-12,1003,1,90,85,5,25245,83,141,36,74,4,2463
2026-06-12,1004,1,59,57,2,17442,52,64,16,51,3,1044
2026-06-12,1005,1,59,56,3,12152,50,73,18,42,6,3789
2026-06-12,1007,1,56,51,5,16779,41,48,12,39,8,5513
2026-06-12,1008,1,46,42,4,11424,30,40,11,34,2,1366
2026-06-12,1009,1,64,61,3,12627,51,80,19,57,4,2292
2026-06-12,1010,1,69,63,6,13923,54,112,31,50,12,7404
2026-06-12,1011,2,51,47,4,9917,38,65,16,42,0,0
2026-06-12,1013,2,84,80,4,18960,67,147,37,63,0,0
2026-06-12,1014,2,61,58,3,20126,48,115,28,51,0,0
2026-06-12,1016,2,95,86,9,28466,70,103,27,72,0,0
2026-06-12,1017,2,63,59,4,20414,49,104,25,49,0,0
2026-06-12,1018,2,54,51,3,11118,43,67,19,39,0,0
2026-06-12,1019,2,72,67,5,13065,59,82,20,59,0,0
2026-06-12,1021,3,74,70,4,12880,58,60,17,66,7,3303
2026-06-12,1022,3,71,66,5,20658,56,55,17,52,12,3890
2026-06-12,1023,3,74,71,3,17466,62,97,25,53,4,1153
2026-06-12,1024,3,93,89,4,21449,80,164,42,77,10,6483
2026-06-12,1025,3,90,84,6,24024,65,147,36,67,13,5149
2026-06-12,1026,3,53,52,1,9672,42,87,21,49,6,1721
2026-06-12,1027,3,54,50,4,17000,45,65,15,44,3,1139
2026-06-12,1029,4,92,89,3,22873,75,154,41,73,0,0
2026-06-12,1030,4,87,80,7,17040,63,136,33,62,0,0
2026-06-12,1031,4,50,46,4,12052,35,46,12,37,0,0
2026-06-12,1032,4,50,49,1,16758,47,52,14,43,0,0
2026-06-12,1033,4,75,73,2,22922,62,110,28,66,0,0
2026-06-12,1034,4,66,60,6,19620,55,115,29,50,0,0
2026-06-12,1035,4,52,48,4,9552,42,53,13,36,0,0
2026-06-12,1036,4,70,68,2,15572,58,81,22,53,0,0
2026-06-12,1037,4,87,84,3,17052,80,136,37,65,0,0
2026-06-12,1038,4,82,75,7,14775,65,104,27,66,0,0
2026-06-12,1039,4,93,91,2,18382,82,115,30,70,0,0
2026-06-12,1040,4,65,63,2,12285,47,108,27,54,0,0
2026-06-12,1041,4,52,48,4,12096,46,83,21,38,0,0
2026-06-12,1042,4,57,56,1,14728,52,60,15,42,0,0
2026-06-12,1043,5,73,72,1,25200,64,87,23,66,0,0
2026-06-12,1044,5,84,81,3,17901,65,104,25,72,0,0
2026-06-12,1045,5,73,69,4,20148,62,69,17,63,0,0
2026-06-12,1046,5,61,57,4,19437,47,93,24,50,0,0
2026-06-12,1047,5,52,51,1,10149,48,71,18,39,0,0
2026-06-12,1048,5,86,83,3,20667,77,116,30,69,0,0
2026-06-12,1049,5,74,73,1,24747,70,103,30,59,0,0
2026-06-12,1050,5,82,76,6,21964,70,127,31,72,0,0
2026-06-12,1051,5,76,73,3,19929,59,104,29,60,0,0
2026-06-12,1052,5,82,75,7,21075,67,75,19,67,0,0
2026-06-12,1053,5,67,64,3,16640,54,119,30,48,0,0
2026-06-12,1055,6,82,77,5,20867,73,99,27,65,0,0
2026-06-12,1056,6,75,71,4,19596,51,107,26,58,0,0
2026-06-12,1057,6,77,73,4,13432,69,105,27,56,0,0
2026-06-12,1058,6,55,52,3,17472,38,94,22,42,0,0
2026-06-12,1060,6,68,66,2,18480,60,71,17,52,0,0
2026-06-12,1061,6,60,58,2,13050,55,73,19,47,0,0
2026-06-12,1062,6,80,78,2,14040,62,88,22,68,0,0
2026-06-12,1065,7,71,64,7,15936,50,95,25,60,4,2446
2026-06-12,1066,7,92,88,4,18656,71,165,43,80,7,3527
2026-06-12,1070,7,72,69,3,19251,67,76,20,52,12,6486
2026-06-12,1071,7,70,65,5,23335,62,100,24,58,9,6277
2026-06-12,1072,7,56,55,1,14630,41,106,26,43,6,4117
2026-06-12,1073,7,72,67,5,20770,57,89,23,50,4,1273
2026-06-12,1074,7,46,43,3,13201,31,53,14,40,2,897
2026-06-12,1075,7,65,64,1,15232,57,104,27,50,9,5339
2026-06-12,1076,7,68,64,4,17216,47,74,19,57,8,3420
2026-06-12,1077,7,82,79,3,25043,74,77,21,65,15,5930
2026-06-12,1079,8,59,57,2,10659,45,61,16,52,8,2375
2026-06-12,1080,8,48,47,1,14852,36,76,18,42,7,3653
2026-06-12,1082,8,52,50,2,12400,39,93,23,40,6,1532
2026-06-12,1083,8,94,91,3,21294,65,108,26,84,6,1756
2026-06-12,1085,8,45,42,3,9492,40,44,11,35,7,3752
2026-06-12,1086,8,90,88,2,17072,71,146,38,74,5,2734
2026-06-12,1087,8,75,69,6,18975,55,91,23,57,3,1464
2026-06-12,1088,8,60,56,4,16520,50,64,15,42,5,1691
2026-06-12,1089,8,63,59,4,15222,45,94,22,51,7,4258
2026-06-12,1090,8,46,43,3,10234,36,50,13,35,5,1968
2026-06-12,1092,8,76,72,4,14472,67,99,26,59,10,5566
2026-06-12,1093,9,74,71,3,22507,53,125,31,66,0,0
2026-06-12,1094,9,65,62,3,20770,60,107,28,58,0,0
2026-06-12,1095,9,64,60,4,11220,45,86,22,52,0,0
2026-06-12,1096,9,53,52,1,9672,39,85,21,47,0,0
2026-06-12,1097,9,83,82,1,28454,76,145,35,70,0,0
2026-06-12,1098,9,93,91,2,25753,85,105,29,84,0,0
2026-06-12,1099,9,57,54,3,16200,40,96,25,43,0,0
2026-06-12,1100,9,64,60,4,13380,45,68,18,56,0,0
2026-06-12,1101,9,67,65,2,19760,57,84,22,48,0,0
2026-06-12,1102,9,67,63,4,14301,50,105,26,52,0,0
2026-06-12,1103,9,47,44,3,10296,40,58,16,41,0,0
2026-06-12,1104,9,93,88,5,28424,64,122,31,74,0,0
2026-06-12,1105,9,94,91,3,16562,68,104,26,76,0,0
2026-06-12,1106,10,64,61,3,20191,47,107,28,53,6,2338
2026-06-12,1107,10,52,49,3,12397,42,46,14,40,5,2093
2026-06-12,1109,10,59,55,4,11660,40,80,20,45,2,1117
2026-06-12,1110,10,67,63,4,19971,45,103,29,56,9,2957
2026-06-12,1111,10,89,87,2,20445,66,123,32,79,15,8138
2026-06-12,1112,10,79,76,3,15352,64,133,35,57,10,3535
2026-06-12,1113,10,74,67,7,23316,59,93,22,56,6,2461
2026-06-12,1115,10,56,51,5,14688,37,64,16,41,3,2065
2026-06-13,1001,1,23,22,1,4246,17,25,6,19,3,1335
2026-06-13,1002,1,29,27,2,8370,25,45,11,24,2,722
2026-06-13,1003,1,29,27,2,7236,22,37,11,25,1,399
2026-06-13,1004,1,43,42,1,11424,37,78,20,34,7,2568
2026-06-13,1005,1,28,27,1,8964,24,48,12,21,1,647
2026-06-13,1007,1,46,45,1,10440,40,81,21,37,8,2400
2026-06-13,1008,1,37,35,2,11165,28,44,11,30,3,756
2026-06-13,1009,1,41,40,1,8400,29,78,18,30,5,1919
2026-06-13,1010,1,23,23,0,4692,18,46,11,19,3,1061
2026-06-13,1011,2,31,30,1,7140,24,41,11,22,0,0
2026-06-13,1013,2,44,42,2,11382,33,69,18,35,0,0
2026-06-13,1014,2,31,30,1,7560,27,58,14,24,0,0
2026-06-13,1016,2,41,39,2,10452,33,74,17,33,0,0
2026-06-13,1017,2,35,34,1,11356,32,36,8,30,0,0
2026-06-13,1018,2,35,35,0,12320,29,66,16,29,0,0
2026-06-13,1019,2,28,27,1,5859,24,32,9,24,0,0
2026-06-13,1021,3,43,40,3,13320,32,76,18,34,4,1574
2026-06-13,1022,3,38,35,3,7910,28,47,12,26,4,1262
2026-06-13,1023,3,24,22,2,6116,19,27,7,19,1,641
2026-06-13,1024,3,38,35,3,11305,26,59,16,27,3,1424
2026-06-13,1025,3,24,23,1,4738,18,28,7,19,1,349
2026-06-13,1026,3,42,40,2,10600,28,48,13,30,4,2736
2026-06-13,1027,3,26,26,0,8944,20,34,10,22,1,604
2026-06-13,1029,4,26,25,1,4700,21,39,10,18,0,0
2026-06-13,1030,4,28,28,0,9828,24,30,8,25,0,0
2026-06-13,1031,4,45,44,1,12540,33,38,11,35,0,0
2026-06-13,1032,4,43,42,1,12768,37,68,19,34,0,0
2026-06-13,1033,4,26,26,0,4758,22,24,6,21,0,0
2026-06-13,1034,4,43,39,4,7761,33,38,9,35,0,0
2026-06-13,1035,4,27,27,0,7884,19,29,8,24,0,0
2026-06-13,1036,4,31,31,0,9734,26,40,11,25,0,0
2026-06-13,1037,4,37,35,2,9835,31,32,9,26,0,0
2026-06-13,1038,4,32,31,1,7254,29,46,11,26,0,0
2026-06-13,1039,4,36,34,2,6460,29,37,10,28,0,0
2026-06-13,1040,4,23,21,2,4599,18,30,8,18,0,0
2026-06-13,1041,4,34,33,1,7227,25,45,11,30,0,0
2026-06-13,1042,4,46,43,3,13373,38,80,19,39,0,0
2026-06-13,1043,5,28,27,1,8559,23,31,8,21,0,0
2026-06-13,1044,5,40,37,3,9842,28,38,10,34,0,0
2026-06-13,1045,5,31,29,2,8932,22,29,7,22,0,0
2026-06-13,1046,5,25,24,1,5328,17,31,9,19,0,0
2026-06-13,1047,5,24,23,1,4968,19,43,10,18,0,0
2026-06-13,1048,5,24,22,2,5434,21,29,7,20,0,0
2026-06-13,1049,5,44,42,2,12306,38,76,20,39,0,0
2026-06-13,1050,5,25,24,1,6648,20,40,10,20,0,0
2026-06-13,1051,5,38,37,1,9657,29,65,17,28,0,0
2026-06-13,1052,5,33,30,3,6180,25,38,10,23,0,0
2026-06-13,1053,5,26,24,2,8064,21,33,7,21,0,0
2026-06-13,1055,6,47,46,1,14582,38,73,17,35,0,0
2026-06-13,1056,6,30,29,1,9570,27,49,12,27,0,0
2026-06-13,1057,6,33,33,0,6534,29,58,13,25,0,0
2026-06-13,1058,6,47,43,4,7955,34,86,21,39,0,0
2026-06-13,1060,6,45,42,3,11340,31,55,15,32,0,0
2026-06-13,1061,6,30,28,2,9044,23,54,13,21,0,0
2026-06-13,1062,6,40,39,1,13845,36,39,11,34,0,0
2026-06-13,1065,7,39,38,1,12274,34,42,10,35,5,2163
2026-06-13,1066,7,36,34,2,7752,30,62,15,26,6,1527
2026-06-13,1070,7,23,23,0,7728,21,43,10,18,1,496
2026-06-13,1071,7,35,33,2,9372,25,42,10,25,6,2416
2026-06-13,1072,7,22,20,2,4780,17,37,9,17,3,1894
2026-06-13,1073,7,26,26,0,6630,21,40,10,22,1,607
2026-06-13,1074,7,41,39,2,7644,29,82,19,30,7,3932
2026-06-13,1075,7,29,27,2,9639,25,37,9,22,1,410
2026-06-13,1076,7,36,35,1,10920,28,37,10,28,2,825
2026-06-13,1077,7,42,39,3,12363,32,63,14,35,6,2164
2026-06-13,1079,8,31,31,0,7533,24,57,14,29,3,937
2026-06-13,1080,8,44,44,0,9240,41,54,14,38,5,3135
2026-06-13,1082,8,35,33,2,6534,24,30,8,27,4,1838
2026-06-13,1083,8,25,24,1,6000,21,29,8,19,2,1283
2026-06-13,1085,8,35,32,3,8416,24,51,13,30,6,2855
2026-06-13,1086,8,43,42,1,9492,36,76,20,34,7,3855
2026-06-13,1087,8,47,46,1,10856,33,70,18,39,5,3183
2026-06-13,1088,8,41,40,1,8840,36,77,19,33,4,2625
2026-06-13,1089,8,43,40,3,9320,34,46,11,35,4,2467
2026-06-13,1090,8,27,27,0,7668,22,45,12,21,3,2023
2026-06-13,1092,8,40,39,1,10842,37,51,13,31,6,2388
2026-06-13,1093,9,26,24,2,5616,23,41,11,19,0,0
2026-06-13,1094,9,34,32,2,9376,29,48,12,25,0,0
2026-06-13,1095,9,23,22,1,6446,18,24,5,20,0,0
2026-06-13,1096,9,38,38,0,12768,30,56,14,33,0,0
2026-06-13,1097,9,47,45,2,9090,43,57,14,35,0,0
2026-06-13,1098,9,26,26,0,5590,20,30,8,23,0,0
2026-06-13,1099,9,27,26,1,6656,23,30,7,23,0,0
2026-06-13,1100,9,32,31,1,9300,28,44,11,27,0,0
2026-06-13,1101,9,46,45,1,8640,36,72,19,38,0,0
2026-06-13,1102,9,33,32,1,10496,31,38,10,24,0,0
2026-06-13,1103,9,33,31,2,7719,23,44,11,28,0,0
2026-06-13,1104,9,32,31,1,5673,23,48,13,23,0,0
2026-06-13,1105,9,46,45,1,11475,35,82,20,33,0,0
2026-06-13,1106,10,46,44,2,10208,36,82,21,39,2,698
2026-06-13,1107,10,43,41,2,12177,38,57,14,37,3,1259
2026-06-13,1109,10,45,43,2,8987,35,74,20,39,2,1025
2026-06-13,1110,10,35,34,1,6970,30,46,11,28,3,2034
2026-06-13,1111,10,28,27,1,5832,25,32,8,22,2,749
2026-06-13,1112,10,23,22,1,5214,15,30,8,17,3,1478
2026-06-13,1113,10,40,37,3,7770,31,68,18,29,6,3667
2026-06-13,1115,10,46,44,2,10736,33,58,16,40,6,1502
2026-06-14,1001,1,46,43,3,7955,38,47,11,38,5,2108
2026-06-14,1002,1,23,23,0,6348,18,39,10,21,3,1196
2026-06-14,1003,1,46,44,2,9724,42,74,18,34,5,1599
2026-06-14,1004,1,27,25,2,6900,23,45,11,22,2,729
2026-06-14,1005,1,25,23,2,7222,20,36,9,20,3,1708
2026-06-14,1007,1,29,28,1,5152,22,38,9,25,3,801
2026-06-14,1008,1,36,35,1,9135,25,47,12,28,1,521
2026-06-14,1009,1,43,41,2,7790,31,47,11,34,5,1447
2026-06-14,1010,1,34,34,0,7616,30,53,15,25,4,1930
2026-06-14,1011,2,26,25,1,8500,23,35,9,19,0,0
2026-06-14,1013,2,32,31,1,6634,26,40,9,29,0,0
2026-06-14,1014,2,33,31,2,9734,24,52,14,28,0,0
2026-06-14,1016,2,37,34,3,6834,27,40,10,29,0,0
2026-06-14,1017,2,39,37,2,11581,34,44,12,29,0,0
2026-06-14,1018,2,45,42,3,8694,35,45,11,33,0,0
2026-06-14,1019,2,30,29,1,8410,26,45,11,26,0,0
2026-06-14,1021,3,25,24,1,6120,20,22,6,18,2,891
2026-06-14,1022,3,39,37,2,6734,35,60,16,31,6,2652
2026-06-14,1023,3,44,44,0,12056,35,64,17,39,6,2410
2026-06-14,1024,3,46,44,2,9328,37,75,21,37,4,2190
2026-06-14,1025,3,40,39,1,9477,29,64,15,36,6,2254
2026-06-14,1026,3,30,28,2,5936,22,29,7,24,4,1484
2026-06-14,1027,3,34,32,2,10592,26,46,11,27,6,2471
2026-06-14,1029,4,43,40,3,10240,35,43,10,35,0,0
2026-06-14,1030,4,41,39,2,7917,28,45,12,35,0,0
2026-06-14,1031,4,25,24,1,8472,21,31,8,18,0,0
2026-06-14,1032,4,38,37,1,7141,33,55,13,30,0,0
2026-06-14,1033,4,44,42,2,7644,33,58,15,32,0,0
2026-06-14,1034,4,46,44,2,9548,40,53,13,38,0,0
2026-06-14,1035,4,32,31,1,9424,23,38,11,23,0,0
2026-06-14,1036,4,28,28,0,8624,22,43,10,22,0,0
2026-06-14,1037,4,39,37,2,10841,31,72,18,28,0,0
2026-06-14,1038,4,25,23,2,7590,19,38,9,19,0,0
2026-06-14,1039,4,44,41,3,14555,36,54,15,31,0,0
2026-06-14,1040,4,22,21,1,5859,18,21,6,18,0,0
2026-06-14,1041,4,41,38,3,9234,29,62,15,32,0,0
2026-06-14,1042,4,24,23,1,5750,17,30,8,20,0,0
2026-06-14,1043,5,47,43,4,13416,39,60,17,37,0,0
2026-06-14,1044,5,35,34,1,8670,32,59,15,28,0,0
2026-06-14,1045,5,29,28,1,6356,24,55,13,22,0,0
2026-06-14,1046,5,30,28,2,7056,25,38,9,23,0,0
2026-06-14,1047,5,28,28,0,7756,27,32,9,22,0,0
2026-06-14,1048,5,43,41,2,11808,38,48,14,38,0,0
2026-06-14,1049,5,39,38,1,13414,31,55,13,35,0,0
2026-06-14,1050,5,33,32,1,10784,30,43,12,28,0,0
2026-06-14,1051,5,31,30,1,7740,29,52,13,23,0,0
2026-06-14,1052,5,29,27,2,7803,26,29,8,23,0,0
2026-06-14,1053,5,28,28,0,6776,26,44,12,23,0,0
2026-06-14,1055,6,43,39,4,7254,30,77,19,29,0,0
2026-06-14,1056,6,45,44,1,12760,42,69,19,35,0,0
2026-06-14,1057,6,45,44,1,12320,32,54,14,34,0,0
2026-06-14,1058,6,30,28,2,7840,26,49,12,23,0,0
2026-06-14,1060,6,35,32,3,7488,28,48,12,28,0,0
2026-06-14,1061,6,32,30,2,8580,27,49,13,26,0,0
2026-06-14,1062,6,38,37,1,8251,27,37,10,30,0,0
2026-06-14,1065,7,44,41,3,12792,33,69,17,35,4,1684
2026-06-14,1066,7,29,28,1,8708,27,28,7,23,1,631
2026-06-14,1070,7,23,22,1,5346,20,28,7,18,2,1289
2026-06-14,1071,7,23,22,1,7062,17,21,5,20,3,2035
2026-06-14,1072,7,42,39,3,14001,34,68,18,29,6,2061
2026-06-14,1073,7,27,26,1,6292,23,31,7,24,4,1671
2026-06-14,1074,7,36,34,2,7548,29,43,10,26,1,403
2026-06-14,1075,7,29,28,1,6860,24,39,10,21,5,2177
2026-06-14,1076,7,33,32,1,7136,23,31,8,29,3,1705
2026-06-14,1077,7,35,33,2,10626,24,42,10,28,4,1578
2026-06-14,1079,8,38,37,1,10656,35,62,15,33,2,789
2026-06-14,1080,8,45,42,3,13188,36,49,12,37,5,1815
2026-06-14,1082,8,25,24,1,5640,20,47,11,19,3,1000
2026-06-14,1083,8,35,34,1,6732,29,49,13,26,6,2423
2026-06-14,1085,8,30,30,0,10050,28,57,14,27,2,1296
2026-06-14,1086,8,33,30,3,9480,24,31,10,22,3,1156
2026-06-14,1087,8,22,22,0,5412,18,23,6,18,3,2060
2026-06-14,1088,8,33,32,1,6784,29,32,8,30,2,1069
2026-06-14,1089,8,41,37,4,12543,35,53,14,33,2,1128
2026-06-14,1090,8,31,29,2,7888,22,46,13,23,5,1890
2026-06-14,1092,8,33,32,1,8224,27,35,10,25,1,461
2026-06-14,1093,9,39,36,3,6516,34,34,9,30,0,0
2026-06-14,1094,9,47,43,4,12556,35,73,21,38,0,0
2026-06-14,1095,9,47,46,1,8740,44,75,19,40,0,0
2026-06-14,1096,9,28,27,1,8748,20,40,10,22,0,0
2026-06-14,1097,9,35,32,3,10368,30,37,10,24,0,0
2026-06-14,1098,9,47,46,1,15042,36,69,18,34,0,0
2026-06-14,1099,9,31,30,1,8400,23,56,14,24,0,0
2026-06-14,1100,9,25,23,2,5589,20,24,6,18,0,0
2026-06-14,1101,9,45,42,3,12642,37,45,11,34,0,0
2026-06-14,1102,9,38,38,0,12844,34,42,11,32,0,0
2026-06-14,1103,9,28,26,2,8112,19,25,7,20,0,0
2026-06-14,1104,9,29,28,1,8988,26,31,7,26,0,0
2026-06-14,1105,9,32,32,0,7456,27,62,15,25,0,0
2026-06-14,1106,10,42,39,3,9672,33,73,18,36,4,2511
2026-06-14,1107,10,35,34,1,11288,25,46,11,29,4,1493
2026-06-14,1109,10,27,25,2,5475,18,32,8,22,1,683
2026-06-14,1110,10,29,28,1,7168,21,39,10,21,2,526
2026-06-14,1111,10,29,29,0,8613,26,50,13,23,2,1021
2026-06-14,1112,10,27,26,1,4862,22,44,10,20,3,1565
2026-06-14,1113,10,45,42,3,14112,35,46,12,33,7,4119
2026-06-14,1115,10,36,35,1,12215,26,64,16,31,5,3031
2026-06-15,1001,1,63,61,2,19703,46,112,28,46,8,2046
2026-06-15,1002,1,81,76,5,21204,66,110,27,65,9,3433
2026-06-15,1003,1,83,82,1,29192,68,139,33,71,7,2842
2026-06-15,1004,1,46,44,2,8228,32,70,18,35,6,3122
2026-06-15,1005,1,69,64,5,17792,55,76,23,56,9,5829
2026-06-15,1007,1,51,49,2,10584,45,44,13,45,4,1370
2026-06-15,1008,1,67,64,3,22464,52,128,31,60,11,5687
2026-06-15,1009,1,87,80,7,18480,76,131,34,64,12,8091
2026-06-15,1010,1,58,55,3,9900,53,70,16,41,6,2163
2026-06-15,1011,2,67,64,3,17984,60,118,31,52,0,0
2026-06-15,1013,2,85,81,4,19602,68,105,27,75,0,0
2026-06-15,1014,2,67,66,1,12540,51,99,26,58,0,0
2026-06-15,1016,2,91,84,7,28476,72,116,28,71,0,0
2026-06-15,1017,2,53,51,2,9486,48,62,14,38,0,0
2026-06-15,1018,2,51,47,4,15886,43,77,20,36,0,0
2026-06-15,1019,2,85,82,3,27470,62,147,38,76,0,0
2026-06-15,1021,3,67,65,2,23075,48,117,29,57,9,2825
2026-06-15,1022,3,83,77,6,20328,62,103,28,65,9,4302
2026-06-15,1023,3,91,84,7,20412,79,97,28,68,12,4465
2026-06-15,1024,3,94,92,2,28796,78,96,24,75,7,4118
2026-06-15,1025,3,79,76,3,21736,63,148,35,69,7,4521
2026-06-15,1026,3,82,75,7,25725,65,108,28,59,9,5987
2026-06-15,1027,3,45,42,3,14028,39,63,15,32,5,2422
2026-06-15,1029,4,79,76,3,16568,59,140,35,65,0,0
2026-06-15,1030,4,93,90,3,21150,82,84,23,81,0,0
2026-06-15,1031,4,83,76,7,19532,71,86,23,60,0,0
2026-06-15,1032,4,47,45,2,15300,33,87,22,42,0,0
2026-06-15,1033,4,45,44,1,11968,32,64,17,37,0,0
2026-06-15,1034,4,68,62,6,16678,48,88,21,51,0,0
2026-06-15,1035,4,61,57,4,11115,50,62,14,54,0,0
2026-06-15,1036,4,45,42,3,13524,33,52,12,33,0,0
2026-06-15,1037,4,48,44,4,10472,35,49,13,33,0,0
2026-06-15,1038,4,91,88,3,26928,69,84,25,71,0,0
2026-06-15,1039,4,72,70,2,17290,51,119,29,56,0,0
2026-06-15,1040,4,63,60,3,13800,54,80,20,54,0,0
2026-06-15,1041,4,93,86,7,19436,72,123,32,70,0,0
2026-06-15,1042,4,56,52,4,11336,45,62,17,39,0,0
2026-06-15,1043,5,46,42,4,10122,33,63,17,31,0,0
2026-06-15,1044,5,93,89,4,23140,74,131,32,82,0,0
2026-06-15,1045,5,47,47,0,9870,46,56,16,39,0,0
2026-06-15,1046,5,50,48,2,12432,42,80,19,39,0,0
2026-06-15,1047,5,68,65,3,22490,49,107,27,54,0,0
2026-06-15,1048,5,84,79,5,22120,68,133,36,73,0,0
2026-06-15,1049,5,76,73,3,21535,66,95,24,57,0,0
2026-06-15,1050,5,68,67,1,15678,57,93,23,62,0,0
2026-06-15,1051,5,72,66,6,17226,55,63,17,50,0,0
2026-06-15,1052,5,74,68,6,17884,56,87,23,53,0,0
2026-06-15,1053,5,51,48,3,10272,39,71,17,42,0,0
2026-06-15,1055,6,87,84,3,16296,82,122,31,67,0,0
2026-06-15,1056,6,59,55,4,15620,46,55,15,47,0,0
2026-06-15,1057,6,64,63,1,15561,58,64,18,59,0,0
2026-06-15,1058,6,77,75,2,24975,71,139,35,57,0,0
2026-06-15,1060,6,93,89,4,17889,78,101,26,74,0,0
2026-06-15,1061,6,82,75,7,19275,54,135,34,58,0,0
2026-06-15,1062,6,85,81,4,15471,66,139,34,61,0,0
2026-06-15,1065,7,87,84,3,28644,65,165,40,66,6,3920
2026-06-15,1066,7,89,82,7,21566,76,92,25,69,5,2647
2026-06-15,1070,7,84,78,6,18642,60,84,19,68,5,1921
2026-06-15,1071,7,74,71,3,23998,66,118,31,53,7,3952
2026-06-15,1072,7,60,56,4,20160,53,53,14,50,4,1281
2026-06-15,1073,7,76,71,5,21868,59,67,17,66,11,3118
2026-06-15,1074,7,88,84,4,17724,75,152,38,65,9,5171
2026-06-15,1075,7,72,69,3,23598,55,108,26,62,11,3002
2026-06-15,1076,7,54,53,1,11130,42,97,23,43,6,1952
2026-06-15,1077,7,64,60,4,18720,57,113,26,56,5,2287
2026-06-15,1079,8,87,84,3,23940,68,108,28,75,15,3956
2026-06-15,1080,8,92,89,3,20826,66,157,39,74,9,4983
2026-06-15,1082,8,91,89,2,25098,65,132,32,80,5,2340
2026-06-15,1083,8,59,55,4,18920,47,95,23,44,10,6185
2026-06-15,1085,8,70,67,3,15410,59,100,27,55,8,5428
2026-06-15,1086,8,95,88,7,17952,84,102,26,75,16,10783
2026-06-15,1087,8,79,76,3,18620,62,99,28,60,10,5167
2026-06-15,1088,8,95,90,5,20430,83,128,31,77,5,1965
2026-06-15,1089,8,81,76,5,26296,64,135,36,71,5,2571
2026-06-15,1090,8,79,72,7,25632,69,112,26,67,8,4508
2026-06-15,1092,8,74,67,7,16683,59,85,23,51,4,1844
2026-06-15,1093,9,61,58,3,12180,45,75,20,44,0,0
2026-06-15,1094,9,91,89,2,31506,79,143,37,78,0,0
2026-06-15,1095,9,63,60,3,10860,45,97,24,53,0,0
2026-06-15,1096,9,70,68,2,20400,52,78,20,54,0,0
2026-06-15,1097,9,71,68,3,15028,60,84,23,61,0,0
2026-06-15,1098,9,93,89,4,19936,80,146,40,69,0,0
2026-06-15,1099,9,81,77,4,27335,70,135,36,70,0,0
2026-06-15,1100,9,82,79,3,23305,69,133,33,61,0,0
2026-06-15,1101,9,91,88,3,29568,78,119,31,79,0,0
2026-06-15,1102,9,88,84,4,16380,66,132,31,64,0,0
2026-06-15,1103,9,69,64,5,14528,51,99,25,56,0,0
2026-06-15,1104,9,94,92,2,30728,75,122,33,76,0,0
2026-06-15,1105,9,92,89,3,16821,78,146,40,78,0,0
2026-06-15,1106,10,90,87,3,26535,74,89,22,68,7,4181
2026-06-15,1107,10,65,61,4,18910,57,74,19,51,5,1365
2026-06-15,1109,10,69,67,2,19296,59,115,25,52,8,5220
2026-06-15,1110,10,63,61,2,12749,45,96,24,54,11,7424
2026-06-15,1111,10,53,50,3,13600,48,90,24,41,2,532
2026-06-15,1112,10,52,51,1,17187,48,81,22,39,7,2533
2026-06-15,1113,10,55,52,3,10192,46,58,15,39,2,1278
2026-06-15,1115,10,77,75,2,24225,59,89,22,57,14,7206
2026-06-16,1001,1,91,85,6,16320,63,151,38,76,14,5408
2026-06-16,1002,1,76,74,2,17168,65,133,36,57,6,2603
2026-06-16,1003,1,50,46,4,13110,44,66,17,36,4,1497
2026-06-16,1004,1,66,63,3,14742,52,110,28,59,6,3729
2026-06-16,1005,1,60,56,4,15400,51,71,18,49,7,2705
2026-06-16,1007,1,95,88,7,22792,77,131,32,72,14,8538
2026-06-16,1008,1,92,88,4,31328,78,124,32,68,13,4698
2026-06-16,1009,1,86,81,5,15876,76,107,28,75,9,5338
2026-06-16,1010,1,55,51,4,14739,40,95,24,41,5,1795
2026-06-16,1011,2,66,63,3,19845,45,102,25,49,0,0
2026-06-16,1013,2,76,73,3,19345,59,119,32,63,0,0
2026-06-16,1014,2,94,92,2,20884,86,118,31,86,0,0
2026-06-16,1016,2,88,85,3,20060,70,81,22,64,0,0
2026-06-16,1017,2,78,72,6,14184,64,131,34,63,0,0
2026-06-16,1018,2,88,85,3,20230,79,100,27,76,0,0
2026-06-16,1019,2,67,65,2,16575,50,82,20,60,0,0
2026-06-16,1021,3,82,78,4,16926,75,80,21,60,13,7650
2026-06-16,1022,3,82,79,3,23463,77,96,25,72,14,4884
2026-06-16,1023,3,84,76,8,15200,65,140,34,64,13,4706
2026-06-16,1024,3,58,54,4,10044,52,82,20,46,7,3260
2026-06-16,1025,3,56,51,5,14127,49,80,20,44,8,3050
2026-06-16,1026,3,58,54,4,12528,50,95,23,46,10,4833
2026-06-16,1027,3,46,42,4,12180,31,66,17,33,2,889
2026-06-16,1029,4,78,72,6,19584,64,138,33,62,0,0
2026-06-16,1030,4,65,60,5,11400,53,66,18,46,0,0
2026-06-16,1031,4,69,64,5,11712,53,88,21,58,0,0
2026-06-16,1032,4,72,71,1,14129,56,109,27,65,0,0
2026-06-16,1033,4,81,77,4,22869,69,128,37,61,0,0
2026-06-16,1034,4,80,78,2,24960,61,95,27,63,0,0
2026-06-16,1035,4,66,63,3,19278,52,62,16,47,0,0
2026-06-16,1036,4,93,88,5,29920,73,161,41,67,0,0
2026-06-16,1037,4,57,52,5,10608,42,58,15,48,0,0
2026-06-16,1038,4,85,83,2,22327,69,99,29,72,0,0
2026-06-16,1039,4,73,69,4,20286,63,71,19,53,0,0
2026-06-16,1040,4,95,93,2,22041,69,168,44,86,0,0
2026-06-16,1041,4,46,44,2,9812,41,47,13,39,0,0
2026-06-16,1042,4,89,83,6,23489,70,138,37,69,0,0
2026-06-16,1043,5,53,49,4,10535,36,93,23,41,0,0
2026-06-16,1044,5,88,81,7,23085,61,84,21,75,0,0
2026-06-16,1045,5,59,55,4,14520,52,93,24,48,0,0
2026-06-16,1046,5,69,66,3,16896,63,63,17,52,0,0
2026-06-16,1047,5,91,87,4,31320,69,94,26,78,0,0
2026-06-16,1048,5,56,53,3,13727,42,55,15,45,0,0
2026-06-16,1049,5,90,83,7,22908,63,117,30,66,0,0
2026-06-16,1050,5,92,90,2,21960,69,160,39,83,0,0
2026-06-16,1051,5,69,63,6,17829,56,92,22,57,0,0
2026-06-16,1052,5,81,79,2,27413,58,152,37,70,0,0
2026-06-16,1053,5,89,85,4,24310,78,107,28,76,0,0
2026-06-16,1055,6,91,83,8,26228,78,87,23,74,0,0
2026-06-16,1056,6,95,88,7,30536,79,89,22,70,0,0
2026-06-16,1057,6,52,49,3,15778,45,82,22,38,0,0
2026-06-16,1058,6,60,59,1,16402,53,100,28,52,0,0
2026-06-16,1060,6,67,64,3,19904,59,71,20,48,0,0
2026-06-16,1061,6,59,55,4,15510,45,66,16,47,0,0
2026-06-16,1062,6,68,66,2,12474,48,66,18,56,0,0
2026-06-16,1065,7,63,62,1,20522,44,68,18,47,11,4540
2026-06-16,1066,7,58,56,2,14672,47,78,19,43,10,4355
2026-06-16,1070,7,65,59,6,17582,51,115,29,54,4,1863
2026-06-16,1071,7,67,66,1,14256,50,94,24,59,12,3031
2026-06-16,1072,7,92,87,5,15747,75,160,40,72,6,1889
2026-06-16,1073,7,56,51,5,9537,41,82,19,46,2,894
2026-06-16,1074,7,83,82,1,25010,72,99,25,63,5,1422
2026-06-16,1075,7,92,88,4,17072,68,130,32,80,10,5498
2026-06-16,1076,7,66,61,5,21716,49,73,18,50,5,3312
2026-06-16,1077,7,46,45,1,13050,35,61,15,37,6,2864
2026-06-16,1079,8,85,79,6,16590,73,110,27,71,9,5397
2026-06-16,1080,8,80,73,7,18250,63,75,18,62,10,6805
2026-06-16,1082,8,68,62,6,12214,56,105,28,51,9,4078
2026-06-16,1083,8,60,55,5,10395,53,57,16,48,8,3657
2026-06-16,1085,8,94,90,4,29430,74,162,41,71,13,5689
2026-06-16,1086,8,60,55,5,19360,41,101,27,45,7,2905
2026-06-16,1087,8,88,85,3,20145,61,104,30,71,9,3064
2026-06-16,1088,8,78,73,5,14673,62,131,33,60,5,1492
2026-06-16,1089,8,81,74,7,22126,68,130,35,62,10,4788
2026-06-16,1090,8,92,85,7,26775,65,113,29,75,11,5949
2026-06-16,1092,8,84,83,1,20252,76,109,28,71,6,3538
2026-06-16,1093,9,53,51,2,14586,46,76,20,47,0,0
2026-06-16,1094,9,65,60,5,13380,57,63,16,56,0,0
2026-06-16,1095,9,71,67,4,14606,64,79,20,62,0,0
2026-06-16,1096,9,51,49,2,11172,46,53,16,43,0,0
2026-06-16,1097,9,58,54,4,10800,43,88,22,49,0,0
2026-06-16,1098,9,95,91,4,20384,73,127,31,84,0,0
2026-06-16,1099,9,52,47,5,11327,38,60,16,37,0,0
2026-06-16,1100,9,56,54,2,14418,50,68,17,44,0,0
2026-06-16,1101,9,87,86,1,21672,76,94,24,65,0,0
2026-06-16,1102,9,69,68,1,19244,66,84,22,59,0,0
2026-06-16,1103,9,46,42,4,8400,33,72,19,32,0,0
2026-06-16,1104,9,47,43,4,12771,35,84,20,40,0,0
2026-06-16,1105,9,54,52,2,18096,39,86,22,43,0,0
2026-06-16,1106,10,87,84,3,24780,73,161,39,71,16,8872
2026-06-16,1107,10,68,63,5,14301,59,97,25,50,5,3383
2026-06-16,1109,10,60,57,3,10488,48,75,20,53,6,2378
2026-06-16,1110,10,80,74,6,21164,60,116,32,68,6,1902
2026-06-16,1111,10,73,67,6,15008,52,72,18,52,6,3078
2026-06-16,1112,10,52,51,1,11322,40,81,20,44,4,1540
2026-06-16,1113,10,85,82,3,15990,60,114,29,71,10,5726
2026-06-16,1115,10,59,56,3,19096,48,88,22,48,7,3770
2026-06-17,1001,1,50,47,3,11327,35,92,23,37,6,1939
2026-06-17,1002,1,85,83,2,28718,76,127,32,74,8,5274
2026-06-17,1003,1,77,74,3,17834,54,108,27,56,14,5756
2026-06-17,1004,1,50,49,1,11613,43,67,19,45,4,2536
2026-06-17,1005,1,74,73,1,18469,68,106,30,60,4,2299
2026-06-17,1007,1,67,64,3,20224,49,84,22,56,3,1734
2026-06-17,1008,1,62,60,2,14880,43,61,16,53,3,823
2026-06-17,1009,1,52,47,5,9212,41,49,14,42,3,1349
2026-06-17,1010,1,75,68,7,16796,64,110,29,61,9,4908
2026-06-17,1011,2,82,77,5,16555,60,86,21,62,0,0
2026-06-17,1013,2,93,87,6,20358,69,83,23,73,0,0
2026-06-17,1014,2,77,75,2,22800,55,66,20,70,0,0
2026-06-17,1016,2,52,49,3,16317,39,81,22,44,0,0
2026-06-17,1017,2,64,62,2,12214,60,109,27,54,0,0
2026-06-17,1018,2,68,62,6,19468,45,55,15,48,0,0
2026-06-17,1019,2,46,44,2,8580,36,54,13,35,0,0
2026-06-17,1021,3,62,58,4,20010,50,107,28,52,6,3840
2026-06-17,1022,3,74,70,4,20440,65,97,23,64,8,2628
2026-06-17,1023,3,81,80,1,19920,67,102,25,71,14,7956
2026-06-17,1024,3,85,83,2,22410,63,160,40,67,8,3605
2026-06-17,1025,3,65,64,1,11840,50,96,24,53,12,4660
2026-06-17,1026,3,93,87,6,16965,66,122,32,77,9,4135
2026-06-17,1027,3,91,84,7,15540,77,114,30,74,10,6421
2026-06-17,1029,4,82,76,6,15428,69,121,32,64,0,0
2026-06-17,1030,4,73,67,6,20033,50,115,30,60,0,0
2026-06-17,1031,4,94,91,3,20748,71,123,30,71,0,0
2026-06-17,1032,4,45,44,1,15708,37,52,14,33,0,0
2026-06-17,1033,4,52,51,1,17595,44,53,14,38,0,0
2026-06-17,1034,4,67,63,4,15561,46,115,30,48,0,0
2026-06-17,1035,4,90,86,4,29240,84,94,24,80,0,0
2026-06-17,1036,4,95,87,8,23925,71,126,34,68,0,0
2026-06-17,1037,4,51,50,1,16700,40,79,24,38,0,0
2026-06-17,1038,4,85,80,5,23440,59,102,26,72,0,0
2026-06-17,1039,4,64,59,5,11210,56,60,16,50,0,0
2026-06-17,1040,4,95,92,3,32108,68,135,35,79,0,0
2026-06-17,1041,4,50,46,4,13340,41,78,22,36,0,0
2026-06-17,1042,4,50,48,2,13152,39,58,13,43,0,0
2026-06-17,1043,5,56,53,3,16854,45,101,25,42,0,0
2026-06-17,1044,5,94,88,6,18216,80,170,43,69,0,0
2026-06-17,1045,5,49,47,2,14946,34,55,15,38,0,0
2026-06-17,1046,5,50,47,3,15369,42,96,23,40,0,0
2026-06-17,1047,5,45,44,1,13640,38,57,15,33,0,0
2026-06-17,1048,5,50,49,1,12642,38,69,17,45,0,0
2026-06-17,1049,5,80,77,3,15939,63,147,35,68,0,0
2026-06-17,1050,5,48,45,3,11970,37,55,13,42,0,0
2026-06-17,1051,5,88,83,5,22327,76,69,21,62,0,0
2026-06-17,1052,5,85,77,8,17171,55,128,32,64,0,0
2026-06-17,1053,5,56,51,5,10659,45,78,19,43,0,0
2026-06-17,1055,6,85,79,6,23463,68,93,23,66,0,0
2026-06-17,1056,6,61,56,5,11872,42,70,17,49,0,0
2026-06-17,1057,6,95,89,6,27590,74,149,41,74,0,0
2026-06-17,1058,6,65,63,2,16695,45,82,20,52,0,0
2026-06-17,1060,6,76,72,4,21240,60,116,30,59,0,0
2026-06-17,1061,6,78,74,4,19462,64,80,20,61,0,0
2026-06-17,1062,6,92,84,8,22848,78,112,29,65,0,0
2026-06-17,1065,7,47,44,3,14960,35,51,14,41,3,1830
2026-06-17,1066,7,76,73,3,17082,54,81,21,68,8,3592
2026-06-17,1070,7,53,50,3,16850,36,55,13,40,2,1002
2026-06-17,1071,7,60,59,1,13629,52,83,22,53,7,2041
2026-06-17,1072,7,48,44,4,15268,37,74,18,33,5,3219
2026-06-17,1073,7,95,89,6,29459,74,158,42,72,8,3714
2026-06-17,1074,7,86,82,4,26158,77,113,29,77,13,8264
2026-06-17,1075,7,74,68,6,20060,63,91,22,53,7,4275
2026-06-17,1076,7,70,68,2,18904,49,114,29,56,9,5665
2026-06-17,1077,7,80,76,4,15960,60,116,28,69,11,7258
2026-06-17,1079,8,46,43,3,9245,40,37,10,33,4,2396
2026-06-17,1080,8,52,51,1,15147,40,56,15,43,2,558
2026-06-17,1082,8,62,58,4,16240,49,89,23,53,11,3064
2026-06-17,1083,8,90,86,4,22016,62,108,27,67,9,3429
2026-06-17,1085,8,92,90,2,24390,78,124,33,83,15,9905
2026-06-17,1086,8,91,89,2,29370,72,153,42,84,5,3130
2026-06-17,1087,8,61,58,3,15718,51,109,26,46,11,5641
2026-06-17,1088,8,83,77,6,18480,59,93,25,70,13,5236
2026-06-17,1089,8,49,46,3,9476,39,56,13,38,7,2166
2026-06-17,1090,8,77,75,2,26550,68,99,27,60,7,1791
2026-06-17,1092,8,68,64,4,13888,47,89,24,55,6,2786
2026-06-17,1093,9,54,52,2,17420,46,44,13,48,0,0
2026-06-17,1094,9,63,62,1,18352,56,90,23,49,0,0
2026-06-17,1095,9,58,55,3,19195,51,50,14,45,0,0
2026-06-17,1096,9,79,75,4,16575,63,105,25,61,0,0
2026-06-17,1097,9,92,86,6,27692,81,95,24,76,0,0
2026-06-17,1098,9,60,57,3,14193,46,99,24,45,0,0
2026-06-17,1099,9,77,70,7,13300,53,98,24,64,0,0
2026-06-17,1100,9,93,90,3,24390,77,108,28,76,0,0
2026-06-17,1101,9,46,43,3,12556,41,67,17,34,0,0
2026-06-17,1102,9,60,56,4,10864,49,80,22,51,0,0
2026-06-17,1103,9,81,78,3,26988,66,81,21,72,0,0
2026-06-17,1104,9,90,82,8,17712,63,97,22,67,0,0
2026-06-17,1105,9,82,80,2,20400,63,102,26,69,0,0
2026-06-17,1106,10,50,48,2,14880,42,96,23,36,2,1120
2026-06-17,1107,10,67,64,3,22784,58,81,20,53,8,2428
2026-06-17,1109,10,66,63,3,18333,51,106,27,53,6,2376
2026-06-17,1110,10,61,60,1,14400,52,62,16,54,8,4194
2026-06-17,1111,10,48,44,4,10604,40,76,20,33,5,2750
2026-06-17,1112,10,61,56,5,13888,52,87,24,42,9,4537
2026-06-17,1113,10,45,44,1,13640,38,69,17,36,7,1800
2026-06-17,1115,10,50,47,3,12925,42,83,21,41,8,4513
2026-06-18,1001,1,91,87,4,21054,74,167,41,75,10,4854
2026-06-18,1002,1,50,46,4,11270,42,75,20,41,3,1411
2026-06-18,1003,1,89,88,1,20680,84,112,28,70,16,11101
2026-06-18,1004,1,86,83,3,18509,74,120,31,78,15,9565
2026-06-18,1005,1,55,50,5,9250,48,80,20,45,3,1904
2026-06-18,1007,1,94,87,7,30711,64,167,43,73,11,3367
2026-06-18,1008,1,80,78,2,23322,65,130,33,72,12,6211
2026-06-18,1009,1,58,56,2,13440,54,64,17,46,7,3996
2026-06-18,1010,1,72,70,2,21980,55,127,30,58,11,7239
2026-06-18,1011,2,88,82,6,22550,63,88,22,69,0,0
2026-06-18,1013,2,58,55,3,18975,45,59,15,43,0,0
2026-06-18,1014,2,77,76,1,24928,72,111,28,68,0,0
2026-06-18,1016,2,45,45,0,15165,35,75,17,41,0,0
2026-06-18,1017,2,74,71,3,19667,52,91,22,59,0,0
2026-06-18,1018,2,82,76,6,14592,60,138,35,66,0,0
2026-06-18,1019,2,71,70,1,22680,53,90,22,54,0,0
2026-06-18,1021,3,48,46,2,14260,39,65,14,42,2,1232
2026-06-18,1022,3,76,71,5,21371,65,123,31,64,9,5329
2026-06-18,1023,3,95,89,6,26700,66,130,37,68,14,8567
2026-06-18,1024,3,60,58,2,10614,46,59,15,43,11,3800
2026-06-18,1025,3,88,85,3,27625,82,112,29,74,7,2524
2026-06-18,1026,3,88,82,6,19270,75,76,20,72,5,1510
2026-06-18,1027,3,54,52,2,13624,45,75,18,42,7,3926
2026-06-18,1029,4,48,45,3,11970,36,38,11,42,0,0
2026-06-18,1030,4,74,67,7,18023,48,114,30,54,0,0
2026-06-18,1031,4,81,74,7,20498,63,114,29,63,0,0
2026-06-18,1032,4,58,53,5,9858,49,91,24,48,0,0
2026-06-18,1033,4,64,60,4,19800,52,89,22,48,0,0
2026-06-18,1034,4,59,54,5,11502,45,90,24,43,0,0
2026-06-18,1035,4,91,86,5,20210,64,145,38,74,0,0
2026-06-18,1036,4,67,63,4,11781,51,114,30,57,0,0
2026-06-18,1037,4,60,59,1,14691,56,90,24,52,0,0
2026-06-18,1038,4,58,53,5,17861,42,82,23,47,0,0
2026-06-18,1039,4,49,45,4,14265,38,68,18,35,0,0
2026-06-18,1040,4,88,81,7,18549,62,95,26,71,0,0
2026-06-18,1041,4,53,48,5,12192,40,80,19,37,0,0
2026-06-18,1042,4,47,44,3,8536,37,67,17,37,0,0
2026-06-18,1043,5,59,55,4,16225,39,66,17,45,0,0
2026-06-18,1044,5,60,55,5,14190,41,87,22,49,0,0
2026-06-18,1045,5,75,70,5,15330,64,67,19,60,0,0
2026-06-18,1046,5,70,68,2,15640,52,97,25,62,0,0
2026-06-18,1047,5,47,43,4,13201,36,49,12,35,0,0
2026-06-18,1048,5,94,87,7,31320,77,141,33,77,0,0
2026-06-18,1049,5,95,88,7,20768,78,100,26,80,0,0
2026-06-18,1050,5,45,43,2,13631,33,74,18,34,0,0
2026-06-18,1051,5,72,68,4,22372,60,94,23,61,0,0
2026-06-18,1052,5,90,85,5,24565,71,146,37,66,0,0
2026-06-18,1053,5,86,85,1,17595,68,115,30,74,0,0
2026-06-18,1055,6,71,69,2,24357,67,77,18,62,0,0
2026-06-18,1056,6,89,84,5,26544,81,111,31,74,0,0
2026-06-18,1057,6,71,66,5,18282,62,92,22,61,0,0
2026-06-18,1058,6,62,60,2,14100,58,95,26,48,0,0
2026-06-18,1060,6,55,51,4,15198,40,91,22,47,0,0
2026-06-18,1061,6,80,74,6,15910,57,144,35,59,0,0
2026-06-18,1062,6,80,76,4,14364,73,86,23,57,0,0
2026-06-18,1065,7,82,75,7,21225,66,103,28,68,7,3068
2026-06-18,1066,7,55,51,4,10812,49,53,15,43,10,5266
2026-06-18,1070,7,60,57,3,11970,52,60,14,47,10,5170
2026-06-18,1071,7,51,48,3,9168,38,44,13,44,5,1754
2026-06-18,1072,7,68,64,4,14720,47,68,18,57,6,1832
2026-06-18,1073,7,82,77,5,18557,69,87,23,68,6,2306
2026-06-18,1074,7,59,57,2,17157,49,91,23,47,7,4758
2026-06-18,1075,7,65,61,4,12688,57,88,22,52,11,3387
2026-06-18,1076,7,74,70,4,16870,50,133,32,60,4,2321
2026-06-18,1077,7,66,64,2,19648,58,116,31,48,6,2375
2026-06-18,1079,8,83,79,4,26386,66,97,24,59,14,8760
2026-06-18,1080,8,55,53,2,13515,49,70,20,49,8,2394
2026-06-18,1082,8,47,45,2,13230,36,82,21,38,4,2656
2026-06-18,1083,8,68,64,4,19328,59,117,29,54,7,4318
2026-06-18,1085,8,46,45,1,16155,34,79,20,35,8,3525
2026-06-18,1086,8,58,56,2,17472,42,75,21,50,5,2964
2026-06-18,1087,8,93,91,2,18837,71,133,35,70,12,5602
2026-06-18,1088,8,59,54,5,10260,50,79,19,44,3,926
2026-06-18,1089,8,66,65,1,18135,58,91,25,59,7,3394
2026-06-18,1090,8,76,71,5,25134,68,99,27,61,9,4012
2026-06-18,1092,8,63,60,3,15000,47,71,19,55,10,6956
2026-06-18,1093,9,67,64,3,21504,56,124,29,53,0,0
2026-06-18,1094,9,67,64,3,17152,56,123,31,56,0,0
2026-06-18,1095,9,84,79,5,26702,70,90,22,66,0,0
2026-06-18,1096,9,57,52,5,18252,47,65,16,40,0,0
2026-06-18,1097,9,88,84,4,17304,71,90,23,76,0,0
2026-06-18,1098,9,75,71,4,24140,58,103,26,67,0,0
2026-06-18,1099,9,52,50,2,13600,37,49,13,42,0,0
2026-06-18,1100,9,85,80,5,24160,69,107,29,60,0,0
2026-06-18,1101,9,52,50,2,12250,43,73,18,38,0,0
2026-06-18,1102,9,86,83,3,28967,72,109,27,64,0,0
2026-06-18,1103,9,71,70,1,20650,66,82,19,55,0,0
2026-06-18,1104,9,84,81,3,20007,68,126,36,62,0,0
2026-06-18,1105,9,67,64,3,16512,52,114,27,51,0,0
2026-06-18,1106,10,89,86,3,29670,76,139,38,72,7,3384
2026-06-18,1107,10,67,64,3,16640,53,68,18,49,7,4725
2026-06-18,1109,10,77,75,2,19575,56,95,25,66,13,8256
2026-06-18,1110,10,89,81,8,26001,66,104,25,62,10,5590
2026-06-18,1111,10,75,74,1,23088,61,78,23,57,13,4016
2026-06-18,1112,10,65,62,3,20770,51,73,20,58,11,5447
2026-06-18,1113,10,54,53,1,15529,44,77,22,48,5,3383
2026-06-18,1115,10,86,85,1,22865,81,80,22,80,15,6880
2026-06-19,1001,1,63,59,4,13275,50,81,20,45,4,1020
2026-06-19,1002,1,61,60,1,13140,46,89,22,51,6,2819
2026-06-19,1003,1,77,74,3,24790,71,95,27,66,13,4718
2026-06-19,1004,1,75,69,6,20010,63,64,17,60,4,1773
2026-06-19,1005,1,72,67,5,12127,59,104,27,54,5,1490
2026-06-19,1007,1,84,82,2,23780,77,85,21,64,9,2665
2026-06-19,1008,1,58,54,4,10098,46,55,13,46,6,3553
2026-06-19,1009,1,87,82,5,15334,68,120,30,73,10,6576
2026-06-19,1010,1,70,64,6,12800,47,93,23,58,5,2553
2026-06-19,1011,2,85,80,5,26320,75,113,30,68,0,0
2026-06-19,1013,2,70,65,5,23140,53,95,25,60,0,0
2026-06-19,1014,2,93,86,7,17888,69,108,28,70,0,0
2026-06-19,1016,2,71,68,3,18428,64,92,23,52,0,0
2026-06-19,1017,2,63,60,3,10860,48,72,21,47,0,0
2026-06-19,1018,2,73,69,4,22080,67,68,18,53,0,0
2026-06-19,1019,2,84,81,3,26811,69,114,28,67,0,0
2026-06-19,1021,3,80,78,2,25116,59,120,32,72,12,6570
2026-06-19,1022,3,48,44,4,12100,35,61,15,35,6,3172
2026-06-19,1023,3,55,51,4,18207,38,58,14,46,5,2225
2026-06-19,1024,3,64,60,4,14280,52,112,29,53,6,2072
2026-06-19,1025,3,68,62,6,13020,46,118,29,56,8,3614
2026-06-19,1026,3,52,50,2,15500,43,85,22,42,8,2768
2026-06-19,1027,3,49,46,3,12926,39,79,20,40,7,2829
2026-06-19,1029,4,83,76,7,14896,59,86,21,66,0,0
2026-06-19,1030,4,55,50,5,17200,37,71,19,42,0,0
2026-06-19,1031,4,92,85,7,15640,76,93,23,74,0,0
2026-06-19,1032,4,88,85,3,26945,68,166,42,68,0,0
2026-06-19,1033,4,47,46,1,13984,42,87,21,41,0,0
2026-06-19,1034,4,68,64,4,13312,48,90,21,52,0,0
2026-06-19,1035,4,58,53,5,12614,46,95,24,47,0,0
2026-06-19,1036,4,78,75,3,15300,66,100,27,69,0,0
2026-06-19,1037,4,91,86,5,25800,73,106,27,80,0,0
2026-06-19,1038,4,50,48,2,9216,38,53,12,43,0,0
2026-06-19,1039,4,60,55,5,18480,52,80,18,44,0,0
2026-06-19,1040,4,95,87,8,24621,83,130,33,67,0,0
2026-06-19,1041,4,67,62,5,13330,58,71,19,55,0,0
2026-06-19,1042,4,75,72,3,17136,52,88,25,63,0,0
2026-06-19,1043,5,67,63,4,20349,52,87,21,56,0,0
2026-06-19,1044,5,71,66,5,14058,62,93,25,60,0,0
2026-06-19,1045,5,66,62,4,12958,48,83,21,54,0,0
2026-06-19,1046,5,46,42,4,10416,33,56,14,39,0,0
2026-06-19,1047,5,60,56,4,19656,44,65,16,46,0,0
2026-06-19,1048,5,52,49,3,12838,45,76,19,40,0,0
2026-06-19,1049,5,64,60,4,12660,57,108,28,52,0,0
2026-06-19,1050,5,93,90,3,17460,73,104,27,79,0,0
2026-06-19,1051,5,56,53,3,15211,40,70,19,43,0,0
2026-06-19,1052,5,94,92,2,30636,89,166,42,77,0,0
2026-06-19,1053,5,74,69,5,21804,63,84,22,57,0,0
2026-06-19,1055,6,56,55,1,12815,52,92,22,46,0,0
2026-06-19,1056,6,67,64,3,19520,46,68,18,48,0,0
2026-06-19,1057,6,61,57,4,13737,42,60,15,44,0,0
2026-06-19,1058,6,91,89,2,16465,66,163,41,69,0,0
2026-06-19,1060,6,61,59,2,17228,51,62,16,47,0,0
2026-06-19,1061,6,74,72,2,19440,69,88,21,58,0,0
2026-06-19,1062,6,82,80,2,16320,65,158,39,64,0,0
2026-06-19,1065,7,61,56,5,14112,52,111,27,42,7,4177
2026-06-19,1066,7,50,47,3,13442,39,65,16,39,7,3841
2026-06-19,1070,7,69,64,5,16960,55,53,16,50,12,6561
2026-06-19,1071,7,64,59,5,11505,50,98,25,55,11,4701
2026-06-19,1072,7,52,50,2,17800,37,39,13,46,9,3445
2026-06-19,1073,7,77,73,4,19126,57,100,25,55,7,2196
2026-06-19,1074,7,53,52,1,11284,43,50,14,41,7,3720
2026-06-19,1075,7,71,69,2,18768,52,91,21,58,5,3253
2026-06-19,1076,7,93,88,5,21208,81,111,28,81,9,4857
2026-06-19,1077,7,48,44,4,10384,35,71,20,33,5,2886
2026-06-19,1079,8,90,82,8,19762,64,161,40,62,11,5065
2026-06-19,1080,8,90,85,5,23120,70,117,29,68,4,2278
2026-06-19,1082,8,68,66,2,14718,58,108,30,53,4,1769
2026-06-19,1083,8,71,70,1,18410,53,72,18,63,11,2944
2026-06-19,1085,8,91,84,7,21252,76,112,32,70,15,4088
2026-06-19,1086,8,46,42,4,13818,34,60,15,35,2,1298
2026-06-19,1087,8,81,74,7,20942,70,139,36,68,11,3813
2026-06-19,1088,8,77,72,5,24912,63,131,34,65,5,1514
2026-06-19,1089,8,80,79,1,15247,71,89,22,73,5,2431
2026-06-19,1090,8,72,70,2,18130,65,99,26,56,12,6512
2026-06-19,1092,8,74,68,6,21488,49,94,24,58,4,1393
2026-06-19,1093,9,83,77,6,16632,72,87,23,68,0,0
2026-06-19,1094,9,71,67,4,21976,52,64,16,56,0,0
2026-06-19,1095,9,86,82,4,15498,66,120,31,76,0,0
2026-06-19,1096,9,47,44,3,13772,39,46,12,33,0,0
2026-06-19,1097,9,77,71,6,20235,52,134,33,56,0,0
2026-06-19,1098,9,52,49,3,16415,45,89,22,37,0,0
2026-06-19,1099,9,81,78,3,26832,66,104,25,60,0,0
2026-06-19,1100,9,51,48,3,14784,40,42,12,41,0,0
2026-06-19,1101,9,93,88,5,28864,77,125,32,78,0,0
2026-06-19,1102,9,48,47,1,13724,44,43,11,44,0,0
2026-06-19,1103,9,85,83,2,25398,74,121,31,78,0,0
2026-06-19,1104,9,83,77,6,16401,61,138,34,60,0,0
2026-06-19,1105,9,58,55,3,17600,49,96,23,49,0,0
2026-06-19,1106,10,48,46,2,9062,42,57,14,42,8,4798
2026-06-19,1107,10,69,65,4,17810,63,66,17,52,6,2129
2026-06-19,1109,10,87,85,2,28475,82,142,35,79,9,5620
2026-06-19,1110,10,84,82,2,23370,77,157,40,69,6,2183
2026-06-19,1111,10,51,49,2,14357,36,86,24,45,7,2098
2026-06-19,1112,10,74,72,2,25704,70,132,31,64,8,5319
2026-06-19,1113,10,87,81,6,21303,69,86,23,63,4,1466
2026-06-19,1115,10,61,60,1,15360,46,80,23,46,3,1040
2026-06-20,1001,1,27,26,1,7332,23,38,11,20,3,2086
2026-06-20,1002,1,32,31,1,8928,29,31,7,24,2,1354
2026-06-20,1003,1,31,29,2,8381,26,38,10,21,3,1716
2026-06-20,1004,1,43,43,0,12298,40,88,21,37,8,4714
2026-06-20,1005,1,44,41,3,8364,34,68,17,34,2,612
2026-06-20,1007,1,44,44,0,15840,35,77,20,36,5,1253
2026-06-20,1008,1,45,43,2,11180,31,64,16,35,4,1751
2026-06-20,1009,1,45,43,2,10105,35,66,16,35,6,3327
2026-06-20,1010,1,42,41,1,9430,36,43,10,34,4,2798
2026-06-20,1011,2,30,28,2,9184,23,34,8,26,0,0
2026-06-20,1013,2,45,42,3,13734,39,76,18,32,0,0
2026-06-20,1014,2,36,35,1,11340,30,62,16,32,0,0
2026-06-20,1016,2,39,37,2,13246,32,54,13,29,0,0
2026-06-20,1017,2,46,45,1,8505,33,84,22,37,0,0
2026-06-20,1018,2,26,25,1,8700,20,34,8,21,0,0
2026-06-20,1019,2,40,37,3,12913,27,55,15,31,0,0
2026-06-20,1021,3,44,43,1,8342,41,39,10,33,2,679
2026-06-20,1022,3,42,41,1,8651,37,73,17,30,3,1401
2026-06-20,1023,3,26,25,1,5675,20,50,12,22,2,972
2026-06-20,1024,3,37,35,2,11165,32,51,13,32,1,275
2026-06-20,1025,3,47,43,4,9245,41,59,14,32,5,1490
2026-06-20,1026,3,22,22,0,7414,19,24,6,18,2,704
2026-06-20,1027,3,43,40,3,12840,31,82,19,33,7,2968
2026-06-20,1029,4,24,23,1,6187,16,18,6,20,0,0
2026-06-20,1030,4,29,28,1,9492,20,54,13,22,0,0
2026-06-20,1031,4,27,27,0,6453,26,50,13,21,0,0
2026-06-20,1032,4,28,27,1,5508,19,48,13,21,0,0
2026-06-20,1033,4,36,35,1,8540,33,44,12,27,0,0
2026-06-20,1034,4,27,26,1,8658,23,42,11,21,0,0
2026-06-20,1035,4,23,21,2,5733,18,23,6,19,0,0
2026-06-20,1036,4,45,43,2,14706,38,58,15,37,0,0
2026-06-20,1037,4,47,45,2,8370,37,61,17,35,0,0
2026-06-20,1038,4,34,32,2,6208,23,44,11,24,0,0
2026-06-20,1039,4,40,40,0,9760,31,60,16,30,0,0
2026-06-20,1040,4,40,38,2,10070,28,41,10,35,0,0
2026-06-20,1041,4,30,29,1,7743,27,40,10,26,0,0
2026-06-20,1042,4,44,40,4,9440,37,42,10,30,0,0
2026-06-20,1043,5,38,35,3,11165,34,40,10,27,0,0
2026-06-20,1044,5,44,42,2,9912,34,66,16,32,0,0
2026-06-20,1045,5,42,40,2,9560,36,66,16,34,0,0
2026-06-20,1046,5,36,35,1,8645,30,64,16,32,0,0
2026-06-20,1047,5,32,30,2,5520,23,42,11,23,0,0
2026-06-20,1048,5,45,42,3,9534,37,45,11,32,0,0
2026-06-20,1049,5,33,32,1,10208,30,60,15,24,0,0
2026-06-20,1050,5,34,31,3,9238,22,46,12,25,0,0
2026-06-20,1051,5,41,38,3,12616,31,78,18,35,0,0
2026-06-20,1052,5,27,25,2,6425,24,31,10,21,0,0
2026-06-20,1053,5,43,42,1,12180,39,66,16,38,0,0
2026-06-20,1055,6,37,35,2,10710,26,61,16,31,0,0
2026-06-20,1056,6,24,22,2,4620,16,32,7,17,0,0
2026-06-20,1057,6,33,31,2,9145,24,33,9,28,0,0
2026-06-20,1058,6,31,30,1,8970,23,52,14,23,0,0
2026-06-20,1060,6,31,31,0,6076,30,31,9,23,0,0
2026-06-20,1061,6,23,22,1,6754,16,35,9,19,0,0
2026-06-20,1062,6,31,29,2,9338,25,34,9,25,0,0
2026-06-20,1065,7,33,33,0,7557,25,55,13,27,5,1844
2026-06-20,1066,7,23,22,1,7018,18,28,7,17,1,565
2026-06-20,1070,7,41,38,3,11628,34,55,15,29,4,1053
2026-06-20,1071,7,40,37,3,12691,31,49,13,34,6,2536
2026-06-20,1072,7,26,25,1,8850,20,27,6,19,3,1105
2026-06-20,1073,7,25,24,1,4728,18,36,10,21,3,951
2026-06-20,1074,7,40,40,0,12920,34,36,10,35,2,1033
2026-06-20,1075,7,22,20,2,5620,19,22,6,15,1,457
2026-06-20,1076,7,30,30,0,7470,27,33,9,22,2,505
2026-06-20,1077,7,47,44,3,14300,37,82,21,38,8,4176
2026-06-20,1079,8,45,44,1,15180,41,79,20,37,2,1153
2026-06-20,1080,8,37,36,1,10008,30,59,17,32,3,1453
2026-06-20,1082,8,37,35,2,11270,30,51,16,26,1,389
2026-06-20,1083,8,23,22,1,4730,16,27,7,20,2,748
2026-06-20,1085,8,33,31,2,11005,23,34,8,26,5,2856
2026-06-20,1086,8,39,37,2,6956,30,49,13,31,5,2384
2026-06-20,1087,8,36,34,2,6970,32,31,8,27,2,789
2026-06-20,1088,8,44,43,1,14233,35,59,14,35,3,972
2026-06-20,1089,8,40,39,1,10608,28,31,10,31,5,2531
2026-06-20,1090,8,28,28,0,7616,26,36,9,24,2,696
2026-06-20,1092,8,28,28,0,5152,23,45,13,23,1,639
2026-06-20,1093,9,26,26,0,8996,21,33,7,24,0,0
2026-06-20,1094,9,26,24,2,8448,19,40,11,18,0,0
2026-06-20,1095,9,25,24,1,6936,21,39,9,18,0,0
2026-06-20,1096,9,45,44,1,15664,38,66,14,41,0,0
2026-06-20,1097,9,44,41,3,9143,37,69,18,37,0,0
2026-06-20,1098,9,44,43,1,8729,38,76,20,38,0,0
2026-06-20,1099,9,34,31,3,7502,30,60,14,27,0,0
2026-06-20,1100,9,39,38,1,7752,28,60,16,32,0,0
2026-06-20,1101,9,39,36,3,8712,29,60,15,28,0,0
2026-06-20,1102,9,29,28,1,8960,26,42,10,25,0,0
2026-06-20,1103,9,34,31,3,10106,25,41,11,24,0,0
2026-06-20,1104,9,30,29,1,8004,27,59,14,26,0,0
2026-06-20,1105,9,27,26,1,8970,20,39,9,24,0,0
2026-06-20,1106,10,29,28,1,7196,27,32,7,25,3,1059
2026-06-20,1107,10,46,43,3,9073,37,32,10,37,6,3847
2026-06-20,1109,10,45,43,2,10707,33,78,19,36,4,2224
2026-06-20,1110,10,28,27,1,7695,23,26,7,24,2,1025
2026-06-20,1111,10,30,29,1,9396,22,34,8,25,4,1586
2026-06-20,1112,10,26,25,1,5450,23,43,12,20,2,739
2026-06-20,1113,10,36,33,3,8910,25,56,15,30,1,422
2026-06-20,1115,10,33,32,1,7808,27,48,13,26,3,1791
2026-06-21,1001,1,36,35,1,9660,29,66,16,28,3,1901
2026-06-21,1002,1,39,37,2,11988,32,70,16,28,3,1929
2026-06-21,1003,1,28,27,1,6453,25,30,8,21,3,857
2026-06-21,1004,1,31,29,2,5945,22,51,12,22,1,454
2026-06-21,1005,1,33,32,1,8576,23,35,8,25,2,850
2026-06-21,1007,1,47,44,3,12276,39,78,20,35,2,1084
2026-06-21,1008,1,45,44,1,10516,39,50,12,41,4,1866
2026-06-21,1009,1,28,27,1,6696,23,34,8,23,5,2014
2026-06-21,1010,1,37,36,1,8676,26,39,12,27,1,442
2026-06-21,1011,2,30,30,0,8370,21,30,8,24,0,0
2026-06-21,1013,2,33,32,1,9280,24,43,10,27,0,0
2026-06-21,1014,2,43,40,3,11400,35,36,10,36,0,0
2026-06-21,1016,2,24,23,1,7452,18,44,11,19,0,0
2026-06-21,1017,2,45,42,3,12138,39,66,15,36,0,0
2026-06-21,1018,2,29,27,2,9234,19,46,13,21,0,0
2026-06-21,1019,2,25,25,0,5675,22,23,7,20,0,0
2026-06-21,1021,3,27,25,2,6225,19,36,8,19,4,1871
2026-06-21,1022,3,38,38,0,9234,31,71,18,32,2,894
2026-06-21,1023,3,43,42,1,12600,38,55,15,32,6,2459
2026-06-21,1024,3,36,34,2,7446,25,59,14,29,5,2753
2026-06-21,1025,3,37,35,2,10920,27,33,8,28,6,3133
2026-06-21,1026,3,27,26,1,6474,24,28,7,22,3,922
2026-06-21,1027,3,43,42,1,11592,37,75,20,39,8,3977
2026-06-21,1029,4,22,22,0,5962,17,28,7,18,0,0
2026-06-21,1030,4,24,23,1,6417,19,34,9,17,0,0
2026-06-21,1031,4,36,34,2,8500,32,38,8,32,0,0
2026-06-21,1032,4,24,23,1,4876,21,35,8,19,0,0
2026-06-21,1033,4,29,29,0,5974,23,41,10,26,0,0
2026-06-21,1034,4,39,36,3,9036,30,58,14,33,0,0
2026-06-21,1035,4,29,29,0,7482,25,32,9,24,0,0
2026-06-21,1036,4,43,40,3,8520,30,78,18,35,0,0
2026-06-21,1037,4,31,29,2,7888,22,45,11,24,0,0
2026-06-21,1038,4,37,35,2,10500,31,50,12,31,0,0
2026-06-21,1039,4,31,29,2,9367,21,29,7,26,0,0
2026-06-21,1040,4,28,27,1,8370,20,34,9,23,0,0
2026-06-21,1041,4,38,37,1,10212,29,37,9,31,0,0
2026-06-21,1042,4,37,36,1,12708,26,37,9,31,0,0
2026-06-21,1043,5,45,44,1,15180,36,47,13,33,0,0
2026-06-21,1044,5,28,28,0,6244,26,25,7,24,0,0
2026-06-21,1045,5,33,31,2,7781,30,24,8,25,0,0
2026-06-21,1046,5,37,35,2,12250,28,34,9,26,0,0
2026-06-21,1047,5,35,34,1,10948,31,56,15,26,0,0
2026-06-21,1048,5,35,34,1,6596,27,57,15,27,0,0
2026-06-21,1049,5,22,21,1,5901,17,38,9,16,0,0
2026-06-21,1050,5,39,38,1,9956,33,57,15,33,0,0
2026-06-21,1051,5,26,25,1,7775,18,48,11,23,0,0
2026-06-21,1052,5,45,44,1,9108,35,65,16,33,0,0
2026-06-21,1053,5,36,33,3,7920,30,34,10,24,0,0
2026-06-21,1055,6,28,28,0,8764,20,27,7,25,0,0
2026-06-21,1056,6,27,26,1,8346,20,32,8,19,0,0
2026-06-21,1057,6,41,38,3,9614,31,61,16,34,0,0
2026-06-21,1058,6,24,24,0,7368,21,23,7,20,0,0
2026-06-21,1060,6,47,43,4,12599,38,76,20,33,0,0
2026-06-21,1061,6,26,24,2,7656,18,43,11,19,0,0
2026-06-21,1062,6,44,42,2,12810,32,54,15,34,0,0
2026-06-21,1065,7,46,45,1,15975,37,44,11,39,4,2596
2026-06-21,1066,7,28,27,1,9558,25,42,10,24,4,1692
2026-06-21,1070,7,34,33,1,7029,25,40,11,29,2,1291
2026-06-21,1071,7,36,34,2,8840,24,32,9,27,5,2638
2026-06-21,1072,7,25,24,1,8184,17,24,6,19,4,2077
2026-06-21,1073,7,37,34,3,9248,25,63,15,29,4,2504
2026-06-21,1074,7,46,44,2,10780,33,77,21,37,4,1722
2026-06-21,1075,7,32,30,2,6150,25,54,12,25,4,2477
2026-06-21,1076,7,32,31,1,9145,25,45,12,26,1,537
2026-06-21,1077,7,33,32,1,8992,29,27,8,26,2,906
2026-06-21,1079,8,29,27,2,4995,21,27,7,24,2,829
2026-06-21,1080,8,26,25,1,5075,18,41,9,21,2,779
2026-06-21,1082,8,25,23,2,6302,17,27,8,19,1,359
2026-06-21,1083,8,46,46,0,11960,38,55,15,34,6,2760
2026-06-21,1085,8,23,22,1,6996,17,24,6,18,2,632
2026-06-21,1086,8,44,42,2,8568,37,48,14,39,7,3209
2026-06-21,1087,8,38,37,1,10286,34,61,16,30,2,671
2026-06-21,1088,8,31,30,1,10350,28,59,14,27,4,1324
2026-06-21,1089,8,30,29,1,8555,27,57,14,21,3,791
2026-06-21,1090,8,36,35,1,6755,29,33,10,28,3,1808
2026-06-21,1092,8,39,37,2,8288,26,77,18,28,3,1704
2026-06-21,1093,9,36,34,2,9554,31,42,12,30,0,0
2026-06-21,1094,9,46,43,3,8600,33,47,13,37,0,0
2026-06-21,1095,9,28,27,1,7209,25,23,6,24,0,0
2026-06-21,1096,9,36,34,2,9622,28,36,9,29,0,0
2026-06-21,1097,9,36,34,2,11662,25,59,16,27,0,0
2026-06-21,1098,9,45,43,2,11997,40,55,14,34,0,0
2026-06-21,1099,9,44,41,3,7462,38,43,11,31,0,0
2026-06-21,1100,9,30,30,0,9870,26,47,14,28,0,0
2026-06-21,1101,9,33,31,2,9796,23,42,11,24,0,0
2026-06-21,1102,9,40,38,2,10374,29,41,11,32,0,0
2026-06-21,1103,9,36,35,1,7735,33,50,12,31,0,0
2026-06-21,1104,9,46,44,2,13684,42,44,13,36,0,0
2026-06-21,1105,9,25,25,0,7900,23,37,10,21,0,0
2026-06-21,1106,10,40,39,1,8268,28,56,15,31,4,2013
2026-06-21,1107,10,37,35,2,8505,28,42,10,30,3,787
2026-06-21,1109,10,46,45,1,8325,37,66,17,41,4,2631
2026-06-21,1110,10,39,37,2,12987,34,36,9,29,3,1762
2026-06-21,1111,10,22,21,1,5943,18,26,7,16,1,302
2026-06-21,1112,10,24,23,1,6831,22,40,10,20,1,553
2026-06-21,1113,10,31,29,2,6380,27,43,12,23,5,3351
2026-06-21,1115,10,39,38,1,7866,36,70,17,32,6,3167
2026-06-22,1001,1,66,62,4,18290,50,112,29,53,3,1489
2026-06-22,1002,1,74,70,4,12880,63,108,27,63,13,3397
2026-06-22,1003,1,76,74,2,22052,60,94,23,59,7,1756
2026-06-22,1004,1,51,47,4,11092,37,50,13,35,9,5113
2026-06-22,1005,1,65,62,3,17422,46,96,25,46,11,7286
2026-06-22,1007,1,51,49,2,12838,44,72,19,40,9,3299
2026-06-22,1008,1,66,62,4,17484,56,106,30,57,4,1887
2026-06-22,1009,1,70,64,6,12416,55,98,25,51,10,2716
2026-06-22,1010,1,92,85,7,26435,67,165,38,67,13,6754
2026-06-22,1011,2,49,48,1,16272,40,49,13,42,0,0
2026-06-22,1013,2,52,49,3,14112,42,53,14,37,0,0
2026-06-22,1014,2,85,79,6,28124,57,101,24,66,0,0
2026-06-22,1016,2,84,80,4,28800,70,129,35,60,0,0
2026-06-22,1017,2,59,55,4,19305,46,90,24,49,0,0
2026-06-22,1018,2,49,45,4,8910,42,40,12,35,0,0
2026-06-22,1019,2,76,70,6,22260,59,104,26,57,0,0
2026-06-22,1021,3,48,45,3,13905,43,54,13,41,2,702
2026-06-22,1022,3,73,67,6,22512,65,66,20,55,13,6549
2026-06-22,1023,3,71,66,5,19140,56,81,20,55,12,6156
2026-06-22,1024,3,61,58,3,19140,56,64,15,47,7,3086
2026-06-22,1025,3,47,43,4,9073,36,76,18,36,4,1309
2026-06-22,1026,3,90,88,2,31592,63,133,37,82,14,4098
2026-06-22,1027,3,82,80,2,17440,63,106,30,73,9,2328
2026-06-22,1029,4,68,63,5,11718,52,79,21,58,0,0
2026-06-22,1030,4,81,75,6,25575,58,127,34,69,0,0
2026-06-22,1031,4,57,55,2,16830,43,96,25,46,0,0
2026-06-22,1032,4,54,52,2,15808,37,87,22,47,0,0
2026-06-22,1033,4,49,46,3,16468,39,72,19,35,0,0
2026-06-22,1034,4,94,88,6,23320,64,122,34,74,0,0
2026-06-22,1035,4,93,86,7,22618,80,131,35,66,0,0
2026-06-22,1036,4,71,70,1,17990,67,93,24,59,0,0
2026-06-22,1037,4,72,69,3,22287,50,114,30,60,0,0
2026-06-22,1038,4,72,69,3,14352,59,127,34,52,0,0
2026-06-22,1039,4,56,52,4,18096,39,52,15,45,0,0
2026-06-22,1040,4,69,65,4,15080,55,72,18,53,0,0
2026-06-22,1041,4,71,67,4,23651,62,80,20,56,0,0
2026-06-22,1042,4,45,42,3,10416,30,58,15,38,0,0
2026-06-22,1043,5,78,71,7,24069,59,94,24,54,0,0
2026-06-22,1044,5,88,85,3,22185,62,111,27,71,0,0
2026-06-22,1045,5,84,82,2,21812,73,79,21,68,0,0
2026-06-22,1046,5,82,78,4,21216,75,77,19,66,0,0
2026-06-22,1047,5,51,48,3,12384,37,86,23,41,0,0
2026-06-22,1048,5,73,71,2,21797,58,123,32,62,0,0
2026-06-22,1049,5,55,54,1,15984,42,56,16,51,0,0
2026-06-22,1050,5,52,50,2,16650,45,57,15,46,0,0
2026-06-22,1051,5,65,63,2,15309,58,90,25,55,0,0
2026-06-22,1052,5,62,58,4,19488,46,97,26,45,0,0
2026-06-22,1053,5,49,49,0,10143,46,62,18,41,0,0
2026-06-22,1055,6,93,90,3,28530,85,113,28,84,0,0
2026-06-22,1056,6,90,87,3,21054,73,136,34,65,0,0
2026-06-22,1057,6,80,75,5,15525,69,111,28,68,0,0
2026-06-22,1058,6,94,92,2,25852,70,104,24,81,0,0
2026-06-22,1060,6,53,50,3,15950,42,70,18,39,0,0
2026-06-22,1061,6,51,49,2,13377,36,68,17,42,0,0
2026-06-22,1062,6,82,81,1,15309,69,106,25,67,0,0
2026-06-22,1065,7,67,64,3,12416,61,78,19,54,6,3751
2026-06-22,1066,7,94,92,2,19320,88,172,45,72,8,3157
2026-06-22,1070,7,66,63,3,14679,46,78,20,56,5,2612
2026-06-22,1071,7,53,50,3,17950,41,53,13,43,4,2111
2026-06-22,1072,7,84,82,2,17958,73,105,26,74,15,7151
2026-06-22,1073,7,75,70,5,24500,60,98,27,59,6,3602
2026-06-22,1074,7,79,72,7,14544,64,113,27,64,4,2484
2026-06-22,1075,7,57,52,5,13780,46,62,17,47,2,531
2026-06-22,1076,7,71,65,6,21905,48,132,31,52,5,1984
2026-06-22,1077,7,80,78,2,17394,73,117,31,64,12,5719
2026-06-22,1079,8,61,57,4,16701,53,71,18,53,8,4215
2026-06-22,1080,8,60,59,1,11033,43,96,24,49,4,1670
2026-06-22,1082,8,78,72,6,18360,66,134,35,67,11,7641
2026-06-22,1083,8,58,55,3,16830,50,86,21,43,8,3640
2026-06-22,1085,8,79,77,2,20636,70,130,35,69,12,4549
2026-06-22,1086,8,75,70,5,22120,61,84,20,57,5,3163
2026-06-22,1087,8,83,76,7,20520,71,117,30,64,9,6072
2026-06-22,1088,8,87,82,5,22960,59,121,30,65,10,5895
2026-06-22,1089,8,56,53,3,12296,50,89,22,46,5,3216
2026-06-22,1090,8,95,89,6,20559,86,156,41,73,5,1472
2026-06-22,1092,8,92,90,2,18630,83,142,36,72,13,5569
2026-06-22,1093,9,76,72,4,19512,59,113,27,65,0,0
2026-06-22,1094,9,95,92,3,16560,79,127,31,71,0,0
2026-06-22,1095,9,81,75,6,25350,72,119,30,64,0,0
2026-06-22,1096,9,45,42,3,9198,38,49,14,34,0,0
2026-06-22,1097,9,45,42,3,13608,33,48,13,32,0,0
2026-06-22,1098,9,72,71,1,23856,64,124,30,62,0,0
2026-06-22,1099,9,69,63,6,16380,49,81,21,51,0,0
2026-06-22,1100,9,62,61,1,14701,59,73,19,45,0,0
2026-06-22,1101,9,52,48,4,8832,41,76,20,36,0,0
2026-06-22,1102,9,47,46,1,12282,37,66,17,37,0,0
2026-06-22,1103,9,47,44,3,8756,33,78,21,36,0,0
2026-06-22,1104,9,86,81,5,20088,75,102,26,66,0,0
2026-06-22,1105,9,70,65,5,16900,52,106,27,50,0,0
2026-06-22,1106,10,94,90,4,32040,88,154,38,72,15,7850
2026-06-22,1107,10,49,48,1,11760,46,49,13,40,4,2378
2026-06-22,1109,10,64,58,6,14036,48,78,20,45,5,2496
2026-06-22,1110,10,94,91,3,20839,67,167,43,76,12,6425
2026-06-22,1111,10,84,77,7,24409,70,72,19,73,10,6920
2026-06-22,1112,10,85,82,3,28208,77,95,23,67,7,1956
2026-06-22,1113,10,83,80,3,21920,58,142,37,75,6,2056
2026-06-22,1115,10,82,80,2,20320,72,122,31,73,8,3308
2026-06-23,1001,1,57,53,4,10706,43,88,24,43,7,2910
2026-06-23,1002,1,45,43,2,7869,31,65,16,35,6,2823
2026-06-23,1003,1,93,90,3,30420,65,95,23,81,13,6430
2026-06-23,1004,1,75,69,6,21597,58,122,29,57,5,3340
2026-06-23,1005,1,84,80,4,16880,59,123,32,60,9,6062
2026-06-23,1007,1,95,87,8,23403,80,107,26,68,8,2338
2026-06-23,1008,1,49,46,3,12466,42,94,22,35,3,1568
2026-06-23,1009,1,83,81,2,24543,75,89,23,74,12,4047
2026-06-23,1010,1,73,67,6,16214,57,87,19,56,5,2896
2026-06-23,1011,2,59,58,1,12354,52,71,18,48,0,0
2026-06-23,1013,2,51,48,3,16224,37,74,19,45,0,0
2026-06-23,1014,2,65,60,5,16500,55,71,18,51,0,0
2026-06-23,1016,2,95,89,6,18334,75,126,37,67,0,0
2026-06-23,1017,2,95,89,6,20203,74,130,31,82,0,0
2026-06-23,1018,2,69,67,2,13199,64,100,27,60,0,0
2026-06-23,1019,2,45,44,1,11924,34,48,12,37,0,0
2026-06-23,1021,3,67,62,5,17050,60,110,28,53,10,5383
2026-06-23,1022,3,52,48,4,8688,40,52,13,43,8,2649
2026-06-23,1023,3,82,81,1,21141,72,111,30,70,11,6944
2026-06-23,1024,3,51,50,1,14700,36,60,16,47,7,2732
2026-06-23,1025,3,86,78,8,21216,61,125,31,60,13,4190
2026-06-23,1026,3,52,51,1,11730,41,74,19,42,3,1585
2026-06-23,1027,3,55,54,1,11718,43,72,18,44,10,2564
2026-06-23,1029,4,79,78,1,21528,63,125,34,67,0,0
2026-06-23,1030,4,94,88,6,22968,69,125,30,81,0,0
2026-06-23,1031,4,89,83,6,20086,65,109,27,65,0,0
2026-06-23,1032,4,63,61,2,11285,55,98,26,57,0,0
2026-06-23,1033,4,47,43,4,7783,38,56,14,34,0,0
2026-06-23,1034,4,63,59,4,14101,55,69,18,47,0,0
2026-06-23,1035,4,60,57,3,17271,46,64,16,47,0,0
2026-06-23,1036,4,68,65,3,17355,50,119,32,51,0,0
2026-06-23,1037,4,64,60,4,19500,46,69,17,46,0,0
2026-06-23,1038,4,74,70,4,16590,63,130,33,57,0,0
2026-06-23,1039,4,88,81,7,24462,60,147,37,72,0,0
2026-06-23,1040,4,47,46,1,14720,37,88,21,40,0,0
2026-06-23,1041,4,73,72,1,21168,58,121,31,57,0,0
2026-06-23,1042,4,86,78,8,19344,73,105,27,72,0,0
2026-06-23,1043,5,70,67,3,23115,59,119,30,55,0,0
2026-06-23,1044,5,77,76,1,15960,68,111,28,67,0,0
2026-06-23,1045,5,67,62,5,13640,55,82,20,54,0,0
2026-06-23,1046,5,95,89,6,18957,80,133,32,80,0,0
2026-06-23,1047,5,54,49,5,16709,35,67,17,40,0,0
2026-06-23,1048,5,81,79,2,25043,74,97,27,64,0,0
2026-06-23,1049,5,62,58,4,10556,54,65,18,47,0,0
2026-06-23,1050,5,52,51,1,10557,45,86,20,42,0,0
2026-06-23,1051,5,58,56,2,17192,40,49,17,45,0,0
2026-06-23,1052,5,85,78,7,23556,62,101,27,72,0,0
2026-06-23,1053,5,66,63,3,16191,55,95,26,49,0,0
2026-06-23,1055,6,59,57,2,19437,46,92,23,44,0,0
2026-06-23,1056,6,58,53,5,12084,51,59,14,44,0,0
2026-06-23,1057,6,52,48,4,14784,35,65,16,41,0,0
2026-06-23,1058,6,45,42,3,14028,33,47,13,33,0,0
2026-06-23,1060,6,71,65,6,15600,57,58,16,51,0,0
2026-06-23,1061,6,62,58,4,17342,44,68,16,52,0,0
2026-06-23,1062,6,51,50,1,14850,41,81,23,46,0,0
2026-06-23,1065,7,63,58,5,11368,48,60,15,44,8,3368
2026-06-23,1066,7,69,65,4,20930,52,110,31,60,7,3065
2026-06-23,1070,7,66,61,5,19154,53,67,18,47,3,828
2026-06-23,1071,7,59,54,5,10854,46,78,21,47,7,3959
2026-06-23,1072,7,95,91,4,19292,81,99,24,83,8,3763
2026-06-23,1073,7,61,57,4,10887,44,101,25,43,3,1301
2026-06-23,1074,7,90,87,3,16008,75,111,31,67,15,7690
2026-06-23,1075,7,59,56,3,16464,44,61,17,43,7,3865
2026-06-23,1076,7,57,56,1,15288,53,62,16,47,3,1585
2026-06-23,1077,7,80,77,3,26873,58,87,23,71,8,4756
2026-06-23,1079,8,67,62,5,11284,57,63,16,58,6,1561
2026-06-23,1080,8,65,63,2,21357,59,97,26,48,9,4636
2026-06-23,1082,8,78,74,4,16946,66,127,33,69,9,4598
2026-06-23,1083,8,81,77,4,16709,64,123,31,60,4,1666
2026-06-23,1085,8,62,59,3,20709,46,96,24,55,3,1666
2026-06-23,1086,8,52,49,3,15680,44,60,14,37,4,2460
2026-06-23,1087,8,54,52,2,10400,37,51,14,45,9,5317
2026-06-23,1088,8,68,62,6,12400,54,105,25,58,3,1314
2026-06-23,1089,8,84,82,2,20828,76,115,29,72,10,6535
2026-06-23,1090,8,80,74,6,24198,67,86,22,60,11,6676
2026-06-23,1092,8,81,74,7,17982,62,113,30,61,7,3170
2026-06-23,1093,9,48,45,3,12645,43,80,22,39,0,0
2026-06-23,1094,9,61,59,2,11741,54,93,23,55,0,0
2026-06-23,1095,9,90,83,7,28137,70,82,21,77,0,0
2026-06-23,1096,9,48,47,1,10669,36,71,18,43,0,0
2026-06-23,1097,9,61,58,3,20880,42,102,28,48,0,0
2026-06-23,1098,9,78,74,4,14874,57,109,26,56,0,0
2026-06-23,1099,9,77,71,6,14058,63,82,21,66,0,0
2026-06-23,1100,9,48,45,3,14040,42,68,16,35,0,0
2026-06-23,1101,9,84,79,5,27255,67,81,20,63,0,0
2026-06-23,1102,9,82,76,6,25080,62,91,23,62,0,0
2026-06-23,1103,9,74,69,5,17250,62,83,22,59,0,0
2026-06-23,1104,9,76,72,4,16992,58,67,19,57,0,0
2026-06-23,1105,9,66,65,1,17225,58,102,24,57,0,0
2026-06-23,1106,10,46,45,1,9585,36,68,16,37,8,4307
2026-06-23,1107,10,84,78,6,17082,64,109,27,58,13,6350
2026-06-23,1109,10,64,59,5,12626,49,112,27,44,5,2618
2026-06-23,1110,10,68,63,5,17010,52,117,28,54,7,4104
2026-06-23,1111,10,93,85,8,29835,82,91,22,68,7,2940
2026-06-23,1112,10,50,46,4,10948,37,87,21,40,5,1316
2026-06-23,1113,10,54,49,5,17150,36,53,15,40,2,769
2026-06-23,1115,10,71,66,5,17688,59,81,20,54,6,2714
2026-06-24,1001,1,56,52,4,15028,49,63,14,41,4,1075
2026-06-24,1002,1,57,55,2,12375,45,94,25,42,10,6424
2026-06-24,1003,1,62,58,4,20532,47,68,17,46,10,6797
2026-06-24,1004,1,72,68,4,15844,56,124,33,62,9,3023
2026-06-24,1005,1,78,76,2,14136,63,78,22,70,7,1943
2026-06-24,1007,1,79,72,7,25416,62,124,32,66,6,1627
2026-06-24,1008,1,57,54,3,18468,44,56,14,50,6,4015
2026-06-24,1009,1,79,76,3,26828,59,85,20,69,11,5121
2026-06-24,1010,1,52,51,1,13464,46,97,25,40,4,2399
2026-06-24,1011,2,76,72,4,23616,66,139,33,66,0,0
2026-06-24,1013,2,84,79,5,28440,70,127,31,66,0,0
2026-06-24,1014,2,87,81,6,28917,69,127,32,71,0,0
2026-06-24,1016,2,72,68,4,18088,61,81,21,63,0,0
2026-06-24,1017,2,46,43,3,11266,39,47,11,35,0,0
2026-06-24,1018,2,64,60,4,16560,45,81,19,45,0,0
2026-06-24,1019,2,65,64,1,23040,50,117,29,57,0,0
2026-06-24,1021,3,75,73,2,22338,69,82,22,62,5,2024
2026-06-24,1022,3,69,63,6,16632,46,71,20,48,9,2673
2026-06-24,1023,3,49,47,2,15463,37,55,13,43,7,2136
2026-06-24,1024,3,93,87,6,25926,65,96,25,76,12,3904
2026-06-24,1025,3,85,83,2,17015,70,136,33,64,5,3064
2026-06-24,1026,3,83,78,5,19500,71,89,25,73,10,5656
2026-06-24,1027,3,70,64,6,16064,48,79,22,50,7,2504
2026-06-24,1029,4,48,47,1,15933,38,58,16,42,0,0
2026-06-24,1030,4,69,63,6,22428,51,92,26,58,0,0
2026-06-24,1031,4,65,61,4,12810,44,100,23,52,0,0
2026-06-24,1032,4,48,46,2,15824,43,54,14,42,0,0
2026-06-24,1033,4,82,77,5,18172,66,129,34,70,0,0
2026-06-24,1034,4,64,60,4,18240,46,61,16,51,0,0
2026-06-24,1035,4,88,84,4,17724,69,85,22,78,0,0
2026-06-24,1036,4,72,67,5,22378,48,97,24,50,0,0
2026-06-24,1037,4,67,66,1,18678,58,125,30,61,0,0
2026-06-24,1038,4,88,83,5,26062,71,108,30,68,0,0
2026-06-24,1039,4,63,61,2,20923,52,113,29,53,0,0
2026-06-24,1040,4,94,87,7,19836,70,96,26,74,0,0
2026-06-24,1041,4,46,45,1,14355,41,64,18,38,0,0
2026-06-24,1042,4,93,87,6,19227,78,90,22,78,0,0
2026-06-24,1043,5,82,75,7,14700,66,135,34,62,0,0
2026-06-24,1044,5,78,74,4,21312,60,83,21,57,0,0
2026-06-24,1045,5,70,64,6,22720,60,63,16,54,0,0
2026-06-24,1046,5,56,52,4,11232,46,63,17,46,0,0
2026-06-24,1047,5,95,87,8,16095,77,97,25,77,0,0
2026-06-24,1048,5,69,65,4,20280,55,66,18,52,0,0
2026-06-24,1049,5,57,56,1,18144,43,80,20,46,0,0
2026-06-24,1050,5,87,84,3,28728,76,159,39,78,0,0
2026-06-24,1051,5,75,72,3,23544,66,115,31,62,0,0
2026-06-24,1052,5,59,56,3,10304,54,78,19,52,0,0
2026-06-24,1053,5,52,49,3,12985,43,50,12,41,0,0
2026-06-24,1055,6,81,75,6,16650,71,100,26,65,0,0
2026-06-24,1056,6,77,72,5,19584,66,120,30,55,0,0
2026-06-24,1057,6,71,67,4,20234,59,102,26,58,0,0
2026-06-24,1058,6,79,72,7,19152,63,81,20,57,0,0
2026-06-24,1060,6,90,83,7,27888,79,150,41,66,0,0
2026-06-24,1061,6,58,55,3,12210,43,77,20,46,0,0
2026-06-24,1062,6,94,86,8,30874,64,156,36,71,0,0
2026-06-24,1065,7,75,71,4,17537,64,81,21,60,13,3753
2026-06-24,1066,7,68,65,3,20540,59,72,18,59,3,1846
2026-06-24,1070,7,93,91,2,17290,86,157,42,69,16,4652
2026-06-24,1071,7,89,81,8,15957,76,118,32,76,9,4042
2026-06-24,1072,7,72,66,6,15180,53,122,30,59,12,4109
2026-06-24,1073,7,47,46,1,14720,44,67,17,34,2,1144
2026-06-24,1074,7,75,74,1,25900,68,122,32,57,14,6587
2026-06-24,1075,7,84,78,6,18096,72,111,27,72,6,1882
2026-06-24,1076,7,46,44,2,13596,40,76,20,37,8,2580
2026-06-24,1077,7,83,80,3,14880,59,81,22,62,11,7454
2026-06-24,1079,8,67,63,4,18270,47,67,19,48,10,6625
2026-06-24,1080,8,67,63,4,16128,57,77,20,53,12,3103
2026-06-24,1082,8,55,52,3,14144,49,99,25,44,10,4710
2026-06-24,1083,8,69,67,2,20770,60,67,18,54,13,3463
2026-06-24,1085,8,46,45,1,9450,39,49,11,39,7,4282
2026-06-24,1086,8,46,42,4,13986,38,72,18,32,3,1362
2026-06-24,1087,8,63,58,5,17110,47,108,27,53,9,5462
2026-06-24,1088,8,70,64,6,12160,53,82,23,51,8,2713
2026-06-24,1089,8,89,81,8,16281,66,82,20,69,11,3565
2026-06-24,1090,8,65,60,5,20520,46,106,25,50,5,3389
2026-06-24,1092,8,89,83,6,21082,60,139,37,75,4,2507
2026-06-24,1093,9,69,65,4,14105,52,105,28,59,0,0
2026-06-24,1094,9,59,58,1,18270,50,64,16,53,0,0
2026-06-24,1095,9,50,49,1,12446,44,88,22,44,0,0
2026-06-24,1096,9,94,89,5,23585,71,102,25,71,0,0
2026-06-24,1097,9,81,77,4,15092,63,88,24,64,0,0
2026-06-24,1098,9,53,50,3,16700,46,62,15,44,0,0
2026-06-24,1099,9,68,64,4,11840,54,80,19,58,0,0
2026-06-24,1100,9,52,48,4,13152,44,71,17,45,0,0
2026-06-24,1101,9,46,45,1,15165,32,84,19,38,0,0
2026-06-24,1102,9,95,89,6,22695,72,164,43,70,0,0
2026-06-24,1103,9,48,46,2,13524,34,62,16,37,0,0
2026-06-24,1104,9,73,67,6,13132,55,71,18,53,0,0
2026-06-24,1105,9,80,78,2,14040,69,128,29,68,0,0
2026-06-24,1106,10,45,44,1,13640,38,65,18,38,8,5190
2026-06-24,1107,10,70,65,5,16445,61,73,19,52,5,2695
2026-06-24,1109,10,52,49,3,12544,35,63,15,38,6,3591
2026-06-24,1110,10,80,73,7,20002,59,78,21,57,4,1125
2026-06-24,1111,10,82,78,4,17238,71,133,31,65,15,5169
2026-06-24,1112,10,75,70,5,23310,64,94,27,56,12,4585
2026-06-24,1113,10,69,66,3,21648,51,115,28,57,6,1558
2026-06-24,1115,10,64,60,4,11820,56,106,27,51,5,3248
2026-06-25,1001,1,92,87,5,23316,67,116,28,80,10,3742
2026-06-25,1002,1,75,73,2,26134,66,78,21,59,13,9030
2026-06-25,1003,1,51,48,3,10992,42,48,13,36,8,2339
2026-06-25,1004,1,54,53,1,16271,44,84,22,41,4,2627
2026-06-25,1005,1,62,58,4,12760,55,97,27,44,9,5145
2026-06-25,1007,1,49,47,2,14899,45,64,18,40,9,3301
2026-06-25,1008,1,90,83,7,15770,77,108,26,77,15,5072
2026-06-25,1009,1,69,65,4,19760,56,82,22,61,12,3157
2026-06-25,1010,1,83,81,2,25515,68,83,22,76,10,5573
2026-06-25,1011,2,83,77,6,19789,70,93,24,71,0,0
2026-06-25,1013,2,92,89,3,30616,78,155,39,70,0,0
2026-06-25,1014,2,91,85,6,29070,70,131,31,77,0,0
2026-06-25,1016,2,79,75,4,25875,68,127,33,57,0,0
2026-06-25,1017,2,73,71,2,23430,60,115,31,63,0,0
2026-06-25,1018,2,86,83,3,24568,68,141,35,72,0,0
2026-06-25,1019,2,75,70,5,24780,53,75,20,54,0,0
2026-06-25,1021,3,90,88,2,26664,74,151,39,78,8,3622
2026-06-25,1022,3,56,52,4,11804,39,71,17,48,3,1457
2026-06-25,1023,3,53,51,2,12801,37,68,16,42,8,2309
2026-06-25,1024,3,92,84,8,29904,62,124,35,71,5,3343
2026-06-25,1025,3,72,65,7,18265,54,77,21,50,10,3969
2026-06-25,1026,3,65,60,5,19020,54,85,22,46,5,2936
2026-06-25,1027,3,73,68,5,13192,59,75,20,52,9,3533
2026-06-25,1029,4,72,68,4,22644,58,74,21,63,0,0
2026-06-25,1030,4,95,92,3,29164,67,170,45,77,0,0
2026-06-25,1031,4,54,51,3,13770,38,51,14,46,0,0
2026-06-25,1032,4,56,55,1,14135,53,55,14,41,0,0
2026-06-25,1033,4,84,79,5,15168,58,98,26,62,0,0
2026-06-25,1034,4,51,50,1,10000,40,70,18,47,0,0
2026-06-25,1035,4,73,70,3,17430,62,123,31,64,0,0
2026-06-25,1036,4,62,58,4,16182,51,100,25,51,0,0
2026-06-25,1037,4,87,83,4,25481,77,144,39,74,0,0
2026-06-25,1038,4,64,59,5,13098,50,63,18,45,0,0
2026-06-25,1039,4,75,68,7,22304,57,95,26,57,0,0
2026-06-25,1040,4,62,58,4,12354,48,77,19,47,0,0
2026-06-25,1041,4,90,87,3,15921,65,154,40,76,0,0
2026-06-25,1042,4,69,68,1,14756,60,105,28,58,0,0
2026-06-25,1043,5,91,88,3,20064,80,138,33,78,0,0
2026-06-25,1044,5,67,65,2,15210,62,89,23,55,0,0
2026-06-25,1045,5,70,67,3,19765,62,128,30,54,0,0
2026-06-25,1046,5,78,74,4,25752,69,134,34,61,0,0
2026-06-25,1047,5,73,67,6,14740,62,84,22,60,0,0
2026-06-25,1048,5,52,49,3,14063,39,74,20,38,0,0
2026-06-25,1049,5,93,87,6,26883,73,110,27,74,0,0
2026-06-25,1050,5,62,60,2,12180,57,92,24,46,0,0
2026-06-25,1051,5,92,88,4,25432,74,136,33,81,0,0
2026-06-25,1052,5,45,42,3,8190,36,70,18,39,0,0
2026-06-25,1053,5,66,63,3,15309,47,76,19,59,0,0
2026-06-25,1055,6,48,47,1,10293,40,54,14,36,0,0
2026-06-25,1056,6,49,48,1,12240,46,72,18,37,0,0
2026-06-25,1057,6,66,64,2,13504,48,78,20,53,0,0
2026-06-25,1058,6,67,65,2,15925,59,118,32,57,0,0
2026-06-25,1060,6,63,59,4,12921,56,56,14,48,0,0
2026-06-25,1061,6,71,67,4,15745,62,73,17,57,0,0
2026-06-25,1062,6,80,74,6,21238,63,122,32,58,0,0
2026-06-25,1065,7,63,61,2,11468,57,67,17,51,10,2670
2026-06-25,1066,7,76,70,6,16170,66,70,18,52,10,6545
2026-06-25,1070,7,75,70,5,21350,59,84,23,52,8,4487
2026-06-25,1071,7,63,58,5,18792,43,61,16,53,9,4596
2026-06-25,1072,7,49,48,1,10272,36,62,16,40,5,2795
2026-06-25,1073,7,53,52,1,17004,49,63,18,44,2,872
2026-06-25,1074,7,47,45,2,13230,35,72,19,34,4,2499
2026-06-25,1075,7,75,69,6,16353,67,121,30,62,11,3971
2026-06-25,1076,7,79,76,3,14136,70,119,30,60,13,5767
2026-06-25,1077,7,58,53,5,10812,49,108,26,47,5,3387
2026-06-25,1079,8,82,80,2,17360,77,133,34,71,12,8294
2026-06-25,1080,8,64,60,4,21120,56,94,23,53,4,1342
2026-06-25,1082,8,45,42,3,8736,32,54,13,35,2,523
2026-06-25,1083,8,47,46,1,13018,40,56,16,39,9,2810
2026-06-25,1085,8,77,74,3,18870,58,93,25,60,5,1837
2026-06-25,1086,8,61,57,4,10545,52,89,20,50,3,1495
2026-06-25,1087,8,66,61,5,15738,44,110,27,50,8,3672
2026-06-25,1088,8,48,46,2,8648,42,70,18,38,4,2660
2026-06-25,1089,8,65,61,4,13054,59,83,21,55,10,4296
2026-06-25,1090,8,71,67,4,21842,57,80,20,51,11,6050
2026-06-25,1092,8,89,81,8,23652,67,96,24,70,9,5215
2026-06-25,1093,9,49,48,1,10896,35,50,12,41,0,0
2026-06-25,1094,9,89,87,2,30885,66,139,37,82,0,0
2026-06-25,1095,9,75,71,4,22152,55,108,28,59,0,0
2026-06-25,1096,9,80,73,7,23287,63,89,24,59,0,0
2026-06-25,1097,9,64,60,4,11400,56,75,19,55,0,0
2026-06-25,1098,9,85,83,2,15936,80,134,33,74,0,0
2026-06-25,1099,9,51,50,1,12850,41,48,13,42,0,0
2026-06-25,1100,9,93,87,6,30624,79,134,36,69,0,0
2026-06-25,1101,9,60,56,4,13776,46,53,14,51,0,0
2026-06-25,1102,9,72,69,3,14559,57,80,20,56,0,0
2026-06-25,1103,9,86,79,7,24332,66,102,25,73,0,0
2026-06-25,1104,9,53,50,3,9100,46,62,16,47,0,0
2026-06-25,1105,9,52,50,2,16800,37,92,22,42,0,0
2026-06-25,1106,10,76,70,6,16940,64,81,21,64,9,3611
2026-06-25,1107,10,84,79,5,24490,57,84,22,62,14,3983
2026-06-25,1109,10,45,41,4,12054,33,69,16,33,5,1733
2026-06-25,1110,10,80,78,2,20748,61,102,27,60,9,6103
2026-06-25,1111,10,45,43,2,9718,39,63,19,39,5,1648
2026-06-25,1112,10,53,49,4,11025,43,78,19,43,8,4641
2026-06-25,1113,10,57,53,4,19080,46,47,13,44,7,3913
2026-06-25,1115,10,74,71,3,17324,63,80,22,63,3,2051
2026-06-26,1001,1,53,50,3,11950,44,89,24,45,6,2481
2026-06-26,1002,1,56,55,1,13805,43,68,17,47,4,1781
2026-06-26,1003,1,46,44,2,11264,36,79,20,40,5,1285
2026-06-26,1004,1,66,61,5,21838,57,94,24,54,7,2484
2026-06-26,1005,1,66,61,5,14579,51,68,17,55,8,3878
2026-06-26,1007,1,93,91,2,30485,79,168,43,71,12,6388
2026-06-26,1008,1,60,59,1,10856,53,71,19,53,10,4683
2026-06-26,1009,1,46,45,1,12960,42,82,20,36,3,754
2026-06-26,1010,1,89,84,5,23604,65,151,36,77,5,1729
2026-06-26,1011,2,84,80,4,15840,72,118,29,61,0,0
2026-06-26,1013,2,62,59,3,14514,53,52,14,50,0,0
2026-06-26,1014,2,95,88,7,16280,68,141,37,70,0,0
2026-06-26,1016,2,91,87,4,18705,76,117,31,65,0,0
2026-06-26,1017,2,75,73,2,19345,70,137,33,69,0,0
2026-06-26,1018,2,79,73,6,19564,57,81,19,55,0,0
2026-06-26,1019,2,75,72,3,21024,67,123,31,67,0,0
2026-06-26,1021,3,88,83,5,17845,69,146,38,69,15,7510
2026-06-26,1022,3,81,73,8,25696,56,79,18,60,7,4382
2026-06-26,1023,3,53,49,4,11809,36,70,18,38,7,3066
2026-06-26,1024,3,50,48,2,14736,45,50,13,36,8,5463
2026-06-26,1025,3,76,71,5,15549,62,129,34,59,9,2706
2026-06-26,1026,3,76,71,5,13632,59,81,22,63,5,2367
2026-06-26,1027,3,47,44,3,9460,34,79,20,39,2,651
2026-06-26,1029,4,48,47,1,14993,37,99,22,43,0,0
2026-06-26,1030,4,51,50,1,9950,47,68,16,41,0,0
2026-06-26,1031,4,58,55,3,15840,49,101,26,44,0,0
2026-06-26,1032,4,51,50,1,9800,46,91,22,43,0,0
2026-06-26,1033,4,75,74,1,20646,64,68,18,60,0,0
2026-06-26,1034,4,71,67,4,22713,52,68,16,56,0,0
2026-06-26,1035,4,47,45,2,15525,43,44,11,39,0,0
2026-06-26,1036,4,46,42,4,9912,37,47,12,33,0,0
2026-06-26,1037,4,82,78,4,14196,65,134,35,60,0,0
2026-06-26,1038,4,58,54,4,18684,50,53,13,40,0,0
2026-06-26,1039,4,79,75,4,15075,63,105,26,59,0,0
2026-06-26,1040,4,80,78,2,18018,68,83,22,60,0,0
2026-06-26,1041,4,63,59,4,14868,49,99,26,44,0,0
2026-06-26,1042,4,86,78,8,15990,64,82,21,69,0,0
2026-06-26,1043,5,56,51,5,11934,38,72,17,43,0,0
2026-06-26,1044,5,46,44,2,10428,41,41,11,35,0,0
2026-06-26,1045,5,53,49,4,17346,35,79,19,41,0,0
2026-06-26,1046,5,46,45,1,14490,43,41,11,40,0,0
2026-06-26,1047,5,56,54,2,10422,39,100,26,43,0,0
2026-06-26,1048,5,86,84,2,17472,69,114,28,66,0,0
2026-06-26,1049,5,95,91,4,16562,73,104,26,74,0,0
2026-06-26,1050,5,56,54,2,15876,43,92,24,50,0,0
2026-06-26,1051,5,84,79,5,17459,69,82,20,61,0,0
2026-06-26,1052,5,50,48,2,12576,43,87,21,38,0,0
2026-06-26,1053,5,48,44,4,10164,38,45,11,33,0,0
2026-06-26,1055,6,45,42,3,10248,32,64,15,32,0,0
2026-06-26,1056,6,83,78,5,14352,76,97,26,66,0,0
2026-06-26,1057,6,47,43,4,9073,35,47,14,34,0,0
2026-06-26,1058,6,73,71,2,13632,66,123,32,56,0,0
2026-06-26,1060,6,53,49,4,15729,40,84,23,43,0,0
2026-06-26,1061,6,57,56,1,16072,52,71,18,45,0,0
2026-06-26,1062,6,70,64,6,17792,58,87,21,54,0,0
2026-06-26,1065,7,61,59,2,12036,56,92,24,46,7,3895
2026-06-26,1066,7,49,48,1,15024,46,79,19,39,7,1852
2026-06-26,1070,7,51,50,1,10050,39,56,15,45,4,1543
2026-06-26,1071,7,49,46,3,9246,39,58,16,40,6,2708
2026-06-26,1072,7,68,63,5,12222,54,108,26,51,4,2025
2026-06-26,1073,7,60,57,3,13395,49,105,25,51,5,2739
2026-06-26,1074,7,92,86,6,15566,82,168,40,77,11,6656
2026-06-26,1075,7,71,68,3,23120,60,73,19,60,8,5279
2026-06-26,1076,7,72,67,5,12395,56,74,17,57,4,1494
2026-06-26,1077,7,70,66,4,17556,58,119,32,53,7,3584
2026-06-26,1079,8,61,57,4,17271,50,60,15,51,9,2977
2026-06-26,1080,8,56,53,3,10441,50,69,20,45,4,2511
2026-06-26,1082,8,83,79,4,25043,63,91,22,61,12,5753
2026-06-26,1083,8,68,62,6,21638,57,69,16,50,3,2089
2026-06-26,1085,8,53,51,2,17952,48,64,17,44,3,922
2026-06-26,1086,8,53,51,2,14637,48,73,18,39,3,2050
2026-06-26,1087,8,87,79,8,27097,67,99,26,61,11,6236
2026-06-26,1088,8,67,66,1,19140,57,102,28,60,7,4881
2026-06-26,1089,8,92,85,7,17085,70,116,31,79,15,9421
2026-06-26,1090,8,53,50,3,12500,44,90,23,42,5,1498
2026-06-26,1092,8,83,76,7,25916,63,123,33,58,13,7722
2026-06-26,1093,9,89,88,1,16368,71,138,37,71,0,0
2026-06-26,1094,9,87,82,5,15990,60,107,31,64,0,0
2026-06-26,1095,9,67,61,6,21899,52,109,25,48,0,0
2026-06-26,1096,9,53,49,4,15582,35,97,24,43,0,0
2026-06-26,1097,9,91,88,3,26312,80,135,32,76,0,0
2026-06-26,1098,9,93,92,1,25944,83,93,23,75,0,0
2026-06-26,1099,9,89,84,5,22092,68,117,28,65,0,0
2026-06-26,1100,9,93,89,4,20381,86,146,38,73,0,0
2026-06-26,1101,9,61,57,4,15048,52,72,19,53,0,0
2026-06-26,1102,9,85,82,3,18614,71,105,25,77,0,0
2026-06-26,1103,9,72,66,6,19998,62,88,24,58,0,0
2026-06-26,1104,9,57,54,3,16902,44,66,17,43,0,0
2026-06-26,1105,9,51,48,3,9024,46,61,15,37,0,0
2026-06-26,1106,10,90,84,6,28308,63,124,32,70,4,1533
2026-06-26,1107,10,79,78,1,27690,57,138,35,60,3,1829
2026-06-26,1109,10,81,75,6,14625,71,134,36,66,14,6726
2026-06-26,1110,10,68,65,3,18850,62,126,30,59,11,3869
2026-06-26,1111,10,54,53,1,14045,50,71,18,43,9,4033
2026-06-26,1112,10,75,73,2,22484,54,129,32,66,7,3997
2026-06-26,1113,10,77,70,7,17990,65,66,19,53,3,1226
2026-06-26,1115,10,82,75,7,22350,71,116,30,61,13,4130
2026-06-27,1001,1,42,39,3,10608,28,57,15,35,3,1098
2026-06-27,1002,1,26,25,1,5550,18,33,9,19,2,974
2026-06-27,1003,1,29,27,2,8559,22,42,10,23,3,1519
2026-06-27,1004,1,47,45,2,9135,37,78,21,34,6,2633
2026-06-27,1005,1,35,35,0,6580,31,64,16,27,4,1204
2026-06-27,1007,1,47,46,1,12972,40,44,11,36,7,3259
2026-06-27,1008,1,46,43,3,11868,39,70,17,36,7,2180
2026-06-27,1009,1,31,29,2,9773,21,26,8,24,4,2415
2026-06-27,1010,1,39,36,3,8172,27,43,10,28,4,1565
2026-06-27,1011,2,35,33,2,10626,27,35,8,26,0,0
2026-06-27,1013,2,31,29,2,7569,21,37,9,22,0,0
2026-06-27,1014,2,33,31,2,8742,25,44,12,23,0,0
2026-06-27,1016,2,38,38,0,11172,33,55,13,34,0,0
2026-06-27,1017,2,26,25,1,6725,20,38,10,21,0,0
2026-06-27,1018,2,27,25,2,6125,21,28,7,20,0,0
2026-06-27,1019,2,31,30,1,9000,28,46,11,23,0,0
2026-06-27,1021,3,24,23,1,7038,21,28,8,18,2,1141
2026-06-27,1022,3,23,23,0,7130,16,26,7,21,3,1687
2026-06-27,1023,3,39,38,1,8208,36,67,16,28,4,1761
2026-06-27,1024,3,35,32,3,10752,26,56,15,29,3,1350
2026-06-27,1025,3,45,44,1,9988,37,52,12,41,5,1884
2026-06-27,1026,3,41,40,1,14360,29,42,10,32,2,1078
2026-06-27,1027,3,36,35,1,6930,32,57,14,28,3,972
2026-06-27,1029,4,46,45,1,15750,36,58,16,42,0,0
2026-06-27,1030,4,23,23,0,5888,18,30,8,20,0,0
2026-06-27,1031,4,24,24,0,5712,19,28,8,20,0,0
2026-06-27,1032,4,36,34,2,10948,30,65,15,30,0,0
2026-06-27,1033,4,26,26,0,7436,23,47,11,20,0,0
2026-06-27,1034,4,41,39,2,8697,33,43,12,29,0,0
2026-06-27,1035,4,35,35,0,8890,30,50,14,26,0,0
2026-06-27,1036,4,33,32,1,9952,31,37,9,27,0,0
2026-06-27,1037,4,37,36,1,11700,31,39,9,31,0,0
2026-06-27,1038,4,31,30,1,9600,24,46,11,25,0,0
2026-06-27,1039,4,43,41,2,8241,37,77,19,38,0,0
2026-06-27,1040,4,23,22,1,7788,18,27,7,17,0,0
2026-06-27,1041,4,36,34,2,7072,24,36,9,31,0,0
2026-06-27,1042,4,39,38,1,13490,34,63,17,28,0,0
2026-06-27,1043,5,25,24,1,6144,20,27,6,19,0,0
2026-06-27,1044,5,33,31,2,7223,27,31,7,24,0,0
2026-06-27,1045,5,27,27,0,8316,25,41,12,22,0,0
2026-06-27,1046,5,46,42,4,14868,36,48,14,37,0,0
2026-06-27,1047,5,24,23,1,7935,21,22,6,20,0,0
2026-06-27,1048,5,32,31,1,10478,27,50,12,28,0,0
2026-06-27,1049,5,37,36,1,9864,34,58,15,27,0,0
2026-06-27,1050,5,41,38,3,7448,32,51,13,29,0,0
2026-06-27,1051,5,39,37,2,12210,27,68,15,28,0,0
2026-06-27,1052,5,40,37,3,7548,35,40,10,34,0,0
2026-06-27,1053,5,41,38,3,6916,27,39,11,29,0,0
2026-06-27,1055,6,34,33,1,9966,24,34,9,27,0,0
2026-06-27,1056,6,43,41,2,7913,36,63,15,32,0,0
2026-06-27,1057,6,40,38,2,9880,28,47,12,35,0,0
2026-06-27,1058,6,24,23,1,4807,18,25,7,17,0,0
2026-06-27,1060,6,35,32,3,11136,28,58,13,28,0,0
2026-06-27,1061,6,23,22,1,7480,18,22,5,20,0,0
2026-06-27,1062,6,25,24,1,7728,22,43,10,18,0,0
2026-06-27,1065,7,43,40,3,7880,38,65,17,30,5,2418
2026-06-27,1066,7,23,22,1,7304,16,17,5,19,2,1056
2026-06-27,1070,7,42,40,2,10320,31,39,10,33,6,3734
2026-06-27,1071,7,46,42,4,10752,34,65,16,33,3,1725
2026-06-27,1072,7,43,42,1,13986,40,63,16,33,6,2855
2026-06-27,1073,7,31,30,1,6510,23,26,7,22,4,1449
2026-06-27,1074,7,46,43,3,10105,38,74,20,37,5,2323
2026-06-27,1075,7,23,22,1,7436,19,41,10,19,3,1769
2026-06-27,1076,7,34,33,1,6237,30,50,14,27,3,1123
2026-06-27,1077,7,37,36,1,7272,33,48,12,28,6,2597
2026-06-27,1079,8,22,21,1,4347,15,26,6,19,2,984
2026-06-27,1080,8,45,44,1,12276,33,47,12,34,4,1302
2026-06-27,1082,8,44,43,1,14147,38,53,14,40,5,2137
2026-06-27,1083,8,28,27,1,8586,19,38,11,24,3,1077
2026-06-27,1085,8,40,38,2,12122,30,65,17,30,3,1351
2026-06-27,1086,8,31,30,1,7080,27,35,11,25,2,1119
2026-06-27,1087,8,41,40,1,11680,30,46,11,31,3,1540
2026-06-27,1088,8,39,37,2,6697,33,52,13,34,4,1764
2026-06-27,1089,8,36,34,2,7480,24,60,16,27,3,1395
2026-06-27,1090,8,46,44,2,15224,35,49,12,39,3,2028
2026-06-27,1092,8,47,45,2,10260,42,50,12,34,5,1583
2026-06-27,1093,9,38,37,1,10323,30,52,15,28,0,0
2026-06-27,1094,9,37,36,1,10764,35,77,17,32,0,0
2026-06-27,1095,9,22,22,0,5192,20,37,9,18,0,0
2026-06-27,1096,9,43,42,1,12138,40,35,10,38,0,0
2026-06-27,1097,9,41,40,1,8640,38,62,18,35,0,0
2026-06-27,1098,9,28,26,2,6630,19,36,9,19,0,0
2026-06-27,1099,9,44,43,1,14577,36,45,12,35,0,0
2026-06-27,1100,9,27,26,1,4732,24,41,11,19,0,0
2026-06-27,1101,9,36,33,3,6963,31,34,9,27,0,0
2026-06-27,1102,9,45,42,3,13272,34,43,10,39,0,0
2026-06-27,1103,9,25,23,2,6923,20,39,9,20,0,0
2026-06-27,1104,9,43,40,3,8280,31,77,19,37,0,0
2026-06-27,1105,9,22,21,1,5880,19,34,9,18,0,0
2026-06-27,1106,10,40,38,2,9082,27,45,11,32,2,1289
2026-06-27,1107,10,31,29,2,9077,24,31,9,26,2,522
2026-06-27,1109,10,26,25,1,5700,20,25,6,19,3,2043
2026-06-27,1110,10,42,40,2,8880,38,57,14,35,3,1380
2026-06-27,1111,10,23,23,0,4531,20,38,10,20,3,1332
2026-06-27,1112,10,27,26,1,6760,24,34,9,21,4,2618
2026-06-27,1113,10,22,21,1,4746,17,30,7,16,2,859
2026-06-27,1115,10,42,40,2,13400,29,53,13,37,7,3297
2026-06-28,1001,1,27,26,1,6058,20,37,9,20,5,1962
2026-06-28,1002,1,22,21,1,4494,16,39,9,17,4,1623
2026-06-28,1003,1,23,23,0,7360,18,22,6,21,3,1275
2026-06-28,1004,1,33,32,1,8832,23,60,15,25,3,1376
2026-06-28,1005,1,26,25,1,5425,18,36,8,20,1,366
2026-06-28,1007,1,36,34,2,9724,24,48,12,25,6,2489
2026-06-28,1008,1,40,37,3,7918,35,78,18,29,7,3367
2026-06-28,1009,1,47,43,4,8729,31,39,11,35,5,3330
2026-06-28,1010,1,45,43,2,13545,38,76,20,37,5,2342
2026-06-28,1011,2,44,43,1,13975,38,73,18,35,0,0
2026-06-28,1013,2,23,23,0,8004,20,29,7,20,0,0
2026-06-28,1014,2,30,28,2,9100,24,31,7,25,0,0
2026-06-28,1016,2,32,31,1,6882,26,49,13,25,0,0
2026-06-28,1017,2,38,36,2,7056,32,36,10,31,0,0
2026-06-28,1018,2,43,40,3,12480,30,48,13,36,0,0
2026-06-28,1019,2,31,29,2,8410,25,46,12,24,0,0
2026-06-28,1021,3,36,36,0,11880,35,35,9,28,5,1718
2026-06-28,1022,3,27,27,0,6264,22,30,7,22,3,1188
2026-06-28,1023,3,35,33,2,6369,26,50,15,28,4,2047
2026-06-28,1024,3,30,29,1,8990,24,51,13,23,3,1951
2026-06-28,1025,3,47,44,3,11880,35,39,11,35,7,4270
2026-06-28,1026,3,41,39,2,9048,36,50,12,34,2,1299
2026-06-28,1027,3,43,42,1,11718,36,71,17,37,2,694
2026-06-28,1029,4,46,44,2,10120,32,82,21,40,0,0
2026-06-28,1030,4,35,34,1,10642,30,69,16,27,0,0
2026-06-28,1031,4,38,37,1,10767,34,63,17,34,0,0
2026-06-28,1032,4,27,25,2,6525,23,49,11,22,0,0
2026-06-28,1033,4,41,40,1,14320,30,68,17,30,0,0
2026-06-28,1034,4,47,43,4,13330,34,72,19,33,0,0
2026-06-28,1035,4,41,38,3,6916,35,43,10,31,0,0
2026-06-28,1036,4,30,28,2,6244,26,36,9,22,0,0
2026-06-28,1037,4,46,43,3,14018,31,60,15,40,0,0
2026-06-28,1038,4,23,23,0,5129,21,45,10,19,0,0
2026-06-28,1039,4,28,27,1,5994,26,34,8,21,0,0
2026-06-28,1040,4,29,27,2,7803,19,26,8,20,0,0
2026-06-28,1041,4,37,37,0,9583,34,60,15,33,0,0
2026-06-28,1042,4,45,43,2,8342,37,59,14,38,0,0
2026-06-28,1043,5,36,35,1,12110,34,52,13,31,0,0
2026-06-28,1044,5,42,41,1,10168,33,73,19,31,0,0
2026-06-28,1045,5,29,27,2,9045,21,36,9,22,0,0
2026-06-28,1046,5,39,37,2,7881,27,56,14,34,0,0
2026-06-28,1047,5,23,23,0,7544,19,26,6,21,0,0
2026-06-28,1048,5,28,27,1,8640,21,40,10,20,0,0
2026-06-28,1049,5,31,30,1,6360,22,53,11,27,0,0
2026-06-28,1050,5,41,40,1,10120,36,52,13,32,0,0
2026-06-28,1051,5,41,40,1,12280,34,42,11,36,0,0
2026-06-28,1052,5,23,22,1,6160,20,40,10,17,0,0
2026-06-28,1053,5,32,30,2,6120,26,49,12,24,0,0
2026-06-28,1055,6,38,36,2,9576,29,37,11,27,0,0
2026-06-28,1056,6,39,38,1,8474,32,36,10,35,0,0
2026-06-28,1057,6,22,21,1,5376,15,37,10,16,0,0
2026-06-28,1058,6,33,32,1,6560,23,56,14,25,0,0
2026-06-28,1060,6,34,32,2,9888,29,65,14,26,0,0
2026-06-28,1061,6,39,37,2,8695,27,41,12,34,0,0
2026-06-28,1062,6,44,42,2,9954,38,51,13,33,0,0
2026-06-28,1065,7,44,43,1,10019,34,52,15,40,7,2056
2026-06-28,1066,7,33,32,1,8320,30,47,12,29,4,1389
2026-06-28,1070,7,39,36,3,12852,34,39,9,27,4,2205
2026-06-28,1071,7,29,28,1,7616,21,46,11,23,2,601
2026-06-28,1072,7,43,41,2,8938,31,49,13,31,5,3100
2026-06-28,1073,7,38,37,1,8029,27,48,12,34,3,1546
2026-06-28,1074,7,23,22,1,6402,17,36,9,18,1,512
2026-06-28,1075,7,23,22,1,5478,17,24,7,16,2,593
2026-06-28,1076,7,26,25,1,7425,23,30,8,22,2,743
2026-06-28,1077,7,23,23,0,5773,18,24,6,17,1,459
2026-06-28,1079,8,47,45,2,14625,36,78,20,34,7,3763
2026-06-28,1080,8,32,32,0,11104,27,39,9,26,4,1892
2026-06-28,1082,8,32,29,3,8555,23,43,11,23,3,1534
2026-06-28,1083,8,45,42,3,12558,31,81,20,39,7,4429
2026-06-28,1085,8,32,30,2,10140,27,56,13,25,4,2506
2026-06-28,1086,8,32,32,0,10208,26,36,9,24,5,1570
2026-06-28,1087,8,44,41,3,8979,35,66,16,31,6,1613
2026-06-28,1088,8,37,36,1,11736,27,63,16,30,5,3271
2026-06-28,1089,8,24,24,0,7488,23,45,11,22,3,1215
2026-06-28,1090,8,23,22,1,6688,20,23,6,18,2,729
2026-06-28,1092,8,25,25,0,6475,24,37,9,20,3,932
2026-06-28,1093,9,35,33,2,8052,27,63,16,27,0,0
2026-06-28,1094,9,29,27,2,9288,23,34,9,21,0,0
2026-06-28,1095,9,34,33,1,8580,31,44,11,27,0,0
2026-06-28,1096,9,22,21,1,4641,15,40,10,17,0,0
2026-06-28,1097,9,43,41,2,7790,37,59,16,37,0,0
2026-06-28,1098,9,37,35,2,8890,30,55,14,29,0,0
2026-06-28,1099,9,31,29,2,6728,21,43,11,25,0,0
2026-06-28,1100,9,30,28,2,6216,23,48,12,22,0,0
2026-06-28,1101,9,26,26,0,8944,25,34,9,20,0,0
2026-06-28,1102,9,42,39,3,9165,35,53,13,31,0,0
2026-06-28,1103,9,40,37,3,10582,31,51,12,32,0,0
2026-06-28,1104,9,35,33,2,6204,32,56,14,27,0,0
2026-06-28,1105,9,47,45,2,11160,39,54,12,35,0,0
2026-06-28,1106,10,32,30,2,6210,22,44,13,26,3,1633
2026-06-28,1107,10,38,36,2,8208,30,41,11,32,4,2581
2026-06-28,1109,10,30,30,0,5760,29,48,11,26,3,1247
2026-06-28,1110,10,24,23,1,5842,21,44,11,20,1,699
2026-06-28,1111,10,45,43,2,14964,40,50,14,33,2,552
2026-06-28,1112,10,33,31,2,7037,26,31,8,26,4,2096
2026-06-28,1113,10,47,44,3,11264,36,58,14,41,5,1367
2026-06-28,1115,10,47,45,2,11790,43,58,14,38,3,1778
2026-06-29,1001,1,57,52,5,13728,49,60,15,47,7,2918
2026-06-29,1002,1,67,64,3,16320,47,61,16,50,6,2265
2026-06-29,1003,1,94,88,6,29832,70,102,24,78,15,4036
2026-06-29,1004,1,57,52,5,12740,46,95,25,45,7,2592
2026-06-29,1005,1,51,48,3,11424,44,54,15,37,6,1876
2026-06-29,1007,1,85,82,3,23452,65,159,39,69,14,6182
2026-06-29,1008,1,57,53,4,18656,49,52,13,49,5,2186
2026-06-29,1009,1,49,46,3,12098,42,66,16,36,8,2054
2026-06-29,1010,1,46,42,4,11004,33,48,13,37,7,2381
2026-06-29,1011,2,74,71,3,20164,54,105,27,60,0,0
2026-06-29,1013,2,59,54,5,13446,44,95,23,43,0,0
2026-06-29,1014,2,53,49,4,17150,39,70,17,39,0,0
2026-06-29,1016,2,77,71,6,23572,61,100,26,60,0,0
2026-06-29,1017,2,63,58,5,13398,52,87,22,48,0,0
2026-06-29,1018,2,76,73,3,23944,63,90,21,58,0,0
2026-06-29,1019,2,52,49,3,17346,44,57,17,45,0,0
2026-06-29,1021,3,83,79,4,18407,70,72,19,63,12,7273
2026-06-29,1022,3,70,68,2,21488,65,113,30,56,9,5865
2026-06-29,1023,3,55,53,2,11342,44,72,18,45,4,2229
2026-06-29,1024,3,46,42,4,14532,37,54,14,37,3,1757
2026-06-29,1025,3,89,81,8,22518,61,128,35,67,6,2768
2026-06-29,1026,3,77,73,4,20586,61,98,26,67,11,3344
2026-06-29,1027,3,45,42,3,10458,32,76,18,38,6,4149
2026-06-29,1029,4,46,46,0,14122,38,55,14,35,0,0
2026-06-29,1030,4,86,81,5,16929,78,92,23,62,0,0
2026-06-29,1031,4,53,48,5,9792,46,66,17,40,0,0
2026-06-29,1032,4,84,77,7,25795,72,114,27,64,0,0
2026-06-29,1033,4,88,82,6,27552,67,149,40,70,0,0
2026-06-29,1034,4,58,53,5,18974,46,59,15,49,0,0
2026-06-29,1035,4,83,75,8,25275,64,103,24,68,0,0
2026-06-29,1036,4,87,82,5,20828,79,93,24,74,0,0
2026-06-29,1037,4,57,53,4,18974,51,102,24,48,0,0
2026-06-29,1038,4,50,49,1,14847,45,92,24,41,0,0
2026-06-29,1039,4,45,44,1,10824,35,67,16,34,0,0
2026-06-29,1040,4,61,60,1,19560,48,97,26,48,0,0
2026-06-29,1041,4,53,49,4,9996,35,47,12,37,0,0
2026-06-29,1042,4,66,63,3,18333,56,103,27,52,0,0
2026-06-29,1043,5,74,72,2,25560,60,107,28,67,0,0
2026-06-29,1044,5,73,71,2,19951,54,124,31,66,0,0
2026-06-29,1045,5,79,78,1,22932,71,89,22,59,0,0
2026-06-29,1046,5,82,80,2,18160,76,160,39,74,0,0
2026-06-29,1047,5,74,71,3,21726,67,113,29,65,0,0
2026-06-29,1048,5,92,86,6,24424,74,99,28,75,0,0
2026-06-29,1049,5,65,64,1,14720,54,78,22,56,0,0
2026-06-29,1050,5,52,49,3,16807,44,88,20,41,0,0
2026-06-29,1051,5,65,61,4,20435,59,74,19,56,0,0
2026-06-29,1052,5,91,83,8,21580,68,125,31,75,0,0
2026-06-29,1053,5,81,77,4,20251,61,147,36,61,0,0
2026-06-29,1055,6,72,68,4,15028,52,80,21,64,0,0
2026-06-29,1056,6,76,74,2,20128,68,99,24,68,0,0
2026-06-29,1057,6,79,75,4,20325,55,149,36,69,0,0
2026-06-29,1058,6,87,80,7,25120,59,133,36,65,0,0
2026-06-29,1060,6,91,83,8,15687,63,129,34,76,0,0
2026-06-29,1061,6,70,67,3,15008,65,122,31,56,0,0
2026-06-29,1062,6,80,77,3,24024,57,119,29,66,0,0
2026-06-29,1065,7,64,59,5,17464,47,67,16,50,3,1783
2026-06-29,1066,7,57,54,3,18414,52,43,13,50,5,2971
2026-06-29,1070,7,59,54,5,12636,39,98,25,49,6,4024
2026-06-29,1071,7,51,47,4,14711,36,95,23,35,4,2636
2026-06-29,1072,7,93,87,6,19923,62,93,22,67,11,5393
2026-06-29,1073,7,95,87,8,23664,67,91,23,67,8,3524
2026-06-29,1074,7,53,50,3,13100,48,88,21,44,5,1909
2026-06-29,1075,7,68,65,3,21840,51,121,31,49,8,3658
2026-06-29,1076,7,47,44,3,13244,42,45,14,33,7,3871
2026-06-29,1077,7,62,60,2,18240,54,101,25,52,3,1771
2026-06-29,1079,8,53,49,4,17248,39,74,19,38,9,4745
2026-06-29,1080,8,81,78,3,17472,62,152,38,69,8,4189
2026-06-29,1082,8,52,49,3,13328,38,100,24,41,5,1593
2026-06-29,1083,8,50,47,3,13677,41,66,18,36,4,1142
2026-06-29,1085,8,94,87,7,26970,81,82,23,80,11,5493
2026-06-29,1086,8,64,63,1,22680,50,88,23,47,7,2539
2026-06-29,1087,8,53,50,3,13750,41,90,21,46,4,2685
2026-06-29,1088,8,82,79,3,16195,62,118,30,68,12,4093
2026-06-29,1089,8,87,79,8,15563,68,153,38,61,4,2053
2026-06-29,1090,8,72,67,5,22043,48,130,31,63,3,1064
2026-06-29,1092,8,85,78,7,17082,58,145,35,72,5,3165
2026-06-29,1093,9,86,82,4,15334,65,150,40,64,0,0
2026-06-29,1094,9,55,52,3,17004,48,62,16,47,0,0
2026-06-29,1095,9,80,78,2,21918,72,140,37,58,0,0
2026-06-29,1096,9,48,46,2,14858,33,58,14,39,0,0
2026-06-29,1097,9,61,58,3,14848,56,84,23,48,0,0
2026-06-29,1098,9,71,68,3,13124,56,75,21,56,0,0
2026-06-29,1099,9,52,50,2,12750,40,82,19,46,0,0
2026-06-29,1100,9,82,80,2,21600,74,116,29,62,0,0
2026-06-29,1101,9,81,80,1,19520,77,101,25,63,0,0
2026-06-29,1102,9,58,55,3,13420,48,91,23,45,0,0
2026-06-29,1103,9,54,51,3,17748,43,82,20,39,0,0
2026-06-29,1104,9,47,43,4,11696,36,64,15,40,0,0
2026-06-29,1105,9,64,59,5,15753,53,57,15,46,0,0
2026-06-29,1106,10,66,63,3,21042,50,64,17,59,9,3694
2026-06-29,1107,10,94,85,9,18190,68,126,33,70,9,4837
2026-06-29,1109,10,95,91,4,22204,65,143,37,76,6,1933
2026-06-29,1110,10,55,52,3,17576,39,91,23,40,6,2092
2026-06-29,1111,10,56,52,4,17784,44,71,18,48,9,5160
2026-06-29,1112,10,70,69,1,20976,54,130,30,64,4,1006
2026-06-29,1113,10,58,54,4,10962,52,81,19,48,3,980
2026-06-29,1115,10,57,53,4,17755,40,83,22,49,9,6169
2026-06-30,1001,1,82,77,5,15169,66,126,32,69,13,7459
2026-06-30,1002,1,81,80,1,16160,77,141,38,75,13,7246
2026-06-30,1003,1,60,58,2,18270,54,60,14,54,5,2248
2026-06-30,1004,1,52,51,1,15045,47,64,16,44,7,3494
2026-06-30,1005,1,75,69,6,22011,63,91,22,54,5,2755
2026-06-30,1007,1,65,60,5,13380,43,71,17,56,10,6192
2026-06-30,1008,1,70,64,6,21824,60,70,17,56,11,3577
2026-06-30,1009,1,83,76,7,17176,67,98,22,63,10,3452
2026-06-30,1010,1,55,54,1,10908,47,61,14,40,4,2265
2026-06-30,1011,2,82,76,6,18772,67,97,25,68,0,0
2026-06-30,1013,2,51,47,4,12314,35,89,23,36,0,0
2026-06-30,1014,2,54,53,1,14734,46,81,19,40,0,0
2026-06-30,1016,2,48,45,3,8100,36,61,16,41,0,0
2026-06-30,1017,2,50,49,1,13769,46,85,22,36,0,0
2026-06-30,1018,2,54,49,5,14896,36,62,16,45,0,0
2026-06-30,1019,2,88,85,3,16830,62,106,26,78,0,0
2026-06-30,1021,3,92,89,3,19580,85,154,41,81,7,2412
2026-06-30,1022,3,46,44,2,11132,40,62,15,35,7,2714
2026-06-30,1023,3,74,70,4,14280,54,72,20,63,5,3400
2026-06-30,1024,3,63,60,3,13500,55,58,16,54,5,3304
2026-06-30,1025,3,51,47,4,13301,36,41,13,42,5,2926
2026-06-30,1026,3,90,82,8,21238,73,113,29,68,15,6517
2026-06-30,1027,3,66,61,5,15189,52,55,16,51,11,3897
2026-06-30,1029,4,52,48,4,14640,44,77,20,39,0,0
2026-06-30,1030,4,55,50,5,10900,41,77,21,41,0,0
2026-06-30,1031,4,92,85,7,25925,62,114,29,64,0,0
2026-06-30,1032,4,56,53,3,16324,41,58,13,43,0,0
2026-06-30,1033,4,65,63,2,12411,52,80,20,52,0,0
2026-06-30,1034,4,63,61,2,11407,45,94,25,54,0,0
2026-06-30,1035,4,91,85,6,26350,79,123,31,71,0,0
2026-06-30,1036,4,94,89,5,20025,71,162,40,67,0,0
2026-06-30,1037,4,73,66,7,23562,62,71,17,58,0,0
2026-06-30,1038,4,75,73,2,21973,62,132,31,63,0,0
2026-06-30,1039,4,90,88,2,16720,81,132,32,75,0,0
2026-06-30,1040,4,74,68,6,21420,50,115,28,63,0,0
2026-06-30,1041,4,83,80,3,17920,67,145,34,63,0,0
2026-06-30,1042,4,76,69,7,19389,58,81,22,56,0,0
2026-06-30,1043,5,68,62,6,20398,47,107,27,56,0,0
2026-06-30,1044,5,49,46,3,10902,33,61,16,37,0,0
2026-06-30,1045,5,92,84,8,22344,67,100,26,77,0,0
2026-06-30,1046,5,87,84,3,27132,66,149,38,68,0,0
2026-06-30,1047,5,47,46,1,14260,34,79,21,39,0,0
2026-06-30,1048,5,80,75,5,15600,54,93,24,58,0,0
2026-06-30,1049,5,57,52,5,15912,43,69,16,39,0,0
2026-06-30,1050,5,76,71,5,21655,59,97,26,63,0,0
2026-06-30,1051,5,51,49,2,10682,45,81,20,42,0,0
2026-06-30,1052,5,82,74,8,23014,63,85,20,65,0,0
2026-06-30,1053,5,94,87,7,18966,68,130,33,80,0,0
2026-06-30,1055,6,60,59,1,21181,50,66,18,50,0,0
2026-06-30,1056,6,85,79,6,15642,60,95,24,60,0,0
2026-06-30,1057,6,95,90,5,27090,84,157,40,67,0,0
2026-06-30,1058,6,95,89,6,23585,70,173,44,75,0,0
2026-06-30,1060,6,66,63,3,16695,60,110,27,54,0,0
2026-06-30,1061,6,50,49,1,15337,39,70,18,38,0,0
2026-06-30,1062,6,90,85,5,24990,69,157,40,80,0,0
2026-06-30,1065,7,79,75,4,25800,64,103,28,69,4,2756
2026-06-30,1066,7,73,67,6,21775,61,104,24,51,11,5454
2026-06-30,1070,7,58,55,3,14740,50,88,21,51,3,1392
2026-06-30,1071,7,74,68,6,18768,60,94,24,54,8,4545
2026-06-30,1072,7,87,82,5,26158,74,161,40,68,6,4115
2026-06-30,1073,7,65,64,1,11712,60,111,31,54,5,1425
2026-06-30,1074,7,49,47,2,15745,35,70,17,36,6,2277
2026-06-30,1075,7,47,44,3,12144,36,72,19,41,3,944
2026-06-30,1076,7,80,77,3,16170,58,81,19,57,3,1052
2026-06-30,1077,7,92,83,9,27058,64,111,27,66,6,2412
2026-06-30,1079,8,91,84,7,23940,72,124,31,78,15,10359
2026-06-30,1080,8,45,41,4,14473,38,58,16,32,6,2464
2026-06-30,1082,8,70,64,6,20992,57,66,18,51,5,2596
2026-06-30,1083,8,75,73,2,23944,55,116,28,68,6,4169
2026-06-30,1085,8,79,75,4,21600,59,108,25,71,8,5268
2026-06-30,1086,8,50,48,2,16512,40,69,17,40,5,2057
2026-06-30,1087,8,64,59,5,20886,47,89,24,49,9,5278
2026-06-30,1088,8,46,43,3,15480,37,52,12,37,5,2833
2026-06-30,1089,8,92,90,2,17280,83,112,27,69,10,3071
2026-06-30,1090,8,56,52,4,11804,44,65,17,48,9,3902
2026-06-30,1092,8,64,59,5,20414,53,92,24,54,7,4144
2026-06-30,1093,9,93,90,3,26820,80,137,35,70,0,0
2026-06-30,1094,9,93,86,7,23994,81,144,38,71,0,0
2026-06-30,1095,9,52,50,2,13200,44,98,24,37,0,0
2026-06-30,1096,9,79,76,3,17176,74,150,37,65,0,0
2026-06-30,1097,9,63,58,5,19198,43,71,18,46,0,0
2026-06-30,1098,9,58,55,3,10890,46,49,15,45,0,0
2026-06-30,1099,9,59,58,1,16066,54,63,15,46,0,0
2026-06-30,1100,9,61,57,4,14706,44,109,27,45,0,0
2026-06-30,1101,9,88,80,8,21760,59,107,27,74,0,0
2026-06-30,1102,9,73,69,4,21183,56,69,17,63,0,0
2026-06-30,1103,9,75,70,5,23030,50,125,32,53,0,0
2026-06-30,1104,9,81,79,2,16274,76,82,21,65,0,0
2026-06-30,1105,9,56,52,4,17680,45,76,20,41,0,0
2026-06-30,1106,10,61,58,3,17052,53,101,25,47,4,2107
2026-06-30,1107,10,75,72,3,22320,57,63,19,64,7,3731
2026-06-30,1109,10,92,85,7,21420,61,107,26,72,8,3637
2026-06-30,1110,10,86,80,6,19680,65,146,34,64,4,2357
2026-06-30,1111,10,80,75,5,17475,64,79,21,59,13,9039
2026-06-30,1112,10,94,92,2,26496,89,118,30,81,13,7386
2026-06-30,1113,10,88,84,4,18900,60,135,33,76,14,6907
2026-06-30,1115,10,81,74,7,17982,69,144,36,66,4,1348
2026-07-01,1001,1,60,56,4,19264,43,75,17,47,4,2089
2026-07-01,1002,1,74,71,3,15762,53,112,28,64,9,2432
2026-07-01,1003,1,56,52,4,16640,42,38,13,40,6,3790
2026-07-01,1004,1,65,63,2,16317,53,60,15,55,8,2304
2026-07-01,1005,1,66,63,3,11781,56,66,16,59,9,3145
2026-07-01,1007,1,95,90,5,28080,80,127,32,71,17,10264
2026-07-01,1008,1,69,63,6,17010,61,72,18,48,8,4426
2026-07-01,1009,1,86,84,2,27132,60,86,23,74,8,5052
2026-07-01,1010,1,52,49,3,13769,47,81,18,42,2,536
2026-07-01,1011,2,51,49,2,10731,45,89,20,40,0,0
2026-07-01,1013,2,58,54,4,14310,42,67,20,43,0,0
2026-07-01,1014,2,84,79,5,22436,72,124,32,70,0,0
2026-07-01,1016,2,75,70,5,19320,60,129,33,65,0,0
2026-07-01,1017,2,89,87,2,24795,64,153,41,79,0,0
2026-07-01,1018,2,48,45,3,12690,42,68,18,38,0,0
2026-07-01,1019,2,88,86,2,20038,66,167,41,77,0,0
2026-07-01,1021,3,90,88,2,19712,72,131,34,70,13,5146
2026-07-01,1022,3,78,75,3,25875,67,141,35,58,14,8957
2026-07-01,1023,3,60,57,3,11571,54,53,14,45,4,1745
2026-07-01,1024,3,71,69,2,16698,58,65,17,56,3,1973
2026-07-01,1025,3,54,51,3,9894,44,55,13,48,6,1802
2026-07-01,1026,3,83,81,2,20898,73,115,28,64,16,10355
2026-07-01,1027,3,87,80,7,25200,68,140,36,66,6,3224
2026-07-01,1029,4,52,48,4,12432,42,50,12,44,0,0
2026-07-01,1030,4,48,44,4,15268,38,62,15,34,0,0
2026-07-01,1031,4,82,80,2,15440,69,148,37,66,0,0
2026-07-01,1032,4,66,65,1,11960,49,118,29,53,0,0
2026-07-01,1033,4,49,45,4,9855,38,64,15,34,0,0
2026-07-01,1034,4,71,68,3,18904,55,101,24,62,0,0
2026-07-01,1035,4,65,63,2,20916,47,102,26,59,0,0
2026-07-01,1036,4,94,90,4,20700,80,113,28,72,0,0
2026-07-01,1037,4,75,69,6,17319,57,77,20,54,0,0
2026-07-01,1038,4,84,82,2,16646,61,117,30,68,0,0
2026-07-01,1039,4,55,53,2,18550,45,81,19,42,0,0
2026-07-01,1040,4,59,57,2,19323,42,99,25,44,0,0
2026-07-01,1041,4,87,82,5,17466,65,120,28,70,0,0
2026-07-01,1042,4,63,58,5,12122,43,60,16,47,0,0
2026-07-01,1043,5,89,82,7,20910,60,99,26,70,0,0
2026-07-01,1044,5,95,92,3,22080,71,174,43,83,0,0
2026-07-01,1045,5,54,53,1,15158,39,69,17,42,0,0
2026-07-01,1046,5,73,70,3,18480,60,128,33,57,0,0
2026-07-01,1047,5,94,87,7,27666,67,138,34,78,0,0
2026-07-01,1048,5,47,44,3,11748,41,68,17,37,0,0
2026-07-01,1049,5,57,53,4,17278,44,82,19,44,0,0
2026-07-01,1050,5,68,62,6,11470,46,92,24,53,0,0
2026-07-01,1051,5,93,88,5,16544,78,174,43,81,0,0
2026-07-01,1052,5,49,45,4,11970,35,69,18,40,0,0
2026-07-01,1053,5,58,53,5,17278,42,56,17,45,0,0
2026-07-01,1055,6,93,86,7,25542,69,130,33,68,0,0
2026-07-01,1056,6,60,56,4,14112,50,57,14,43,0,0
2026-07-01,1057,6,52,48,4,12240,38,80,20,39,0,0
2026-07-01,1058,6,63,60,3,18060,50,93,23,46,0,0
2026-07-01,1060,6,49,46,3,9108,39,59,15,35,0,0
2026-07-01,1061,6,60,58,2,16066,45,79,21,51,0,0
2026-07-01,1062,6,62,58,4,18792,54,99,23,43,0,0
2026-07-01,1065,7,52,48,4,10848,43,84,22,39,8,4136
2026-07-01,1066,7,94,92,2,25116,85,97,24,71,9,5812
2026-07-01,1070,7,46,44,2,10604,40,52,16,34,8,5177
2026-07-01,1071,7,95,92,3,22356,66,133,35,77,14,7454
2026-07-01,1072,7,66,63,3,14301,46,98,24,54,6,1689
2026-07-01,1073,7,88,83,5,22991,60,86,23,70,14,7997
2026-07-01,1074,7,95,93,2,27156,80,98,25,71,6,3898
2026-07-01,1075,7,59,57,2,16074,46,66,17,52,9,2851
2026-07-01,1076,7,56,53,3,9593,43,52,13,40,5,2836
2026-07-01,1077,7,61,56,5,12432,49,54,16,46,3,826
2026-07-01,1079,8,84,80,4,27360,58,109,28,69,4,1677
2026-07-01,1080,8,83,80,3,22080,61,118,30,68,13,7542
2026-07-01,1082,8,71,66,5,12870,52,106,27,61,9,3125
2026-07-01,1083,8,93,89,4,23140,74,140,34,74,11,6242
2026-07-01,1085,8,48,45,3,12105,36,75,19,40,4,1293
2026-07-01,1086,8,76,71,5,16472,60,80,21,66,13,8251
2026-07-01,1087,8,88,84,4,23520,71,133,33,64,9,3441
2026-07-01,1088,8,47,45,2,13770,40,69,19,35,6,3915
2026-07-01,1089,8,52,49,3,10339,41,73,21,40,7,4619
2026-07-01,1090,8,65,61,4,18971,57,97,25,51,10,4048
2026-07-01,1092,8,93,84,9,15624,78,125,30,68,13,4061
2026-07-01,1093,9,64,58,6,20010,50,100,25,50,0,0
2026-07-01,1094,9,51,50,1,17150,45,69,17,45,0,0
2026-07-01,1095,9,46,42,4,12474,39,62,17,39,0,0
2026-07-01,1096,9,83,76,7,17100,64,97,25,64,0,0
2026-07-01,1097,9,90,88,2,21296,68,163,42,68,0,0
2026-07-01,1098,9,57,53,4,14045,49,91,21,49,0,0
2026-07-01,1099,9,45,45,0,10620,39,89,21,36,0,0
2026-07-01,1100,9,59,57,2,10773,43,89,23,44,0,0
2026-07-01,1101,9,71,68,3,14552,53,115,30,52,0,0
2026-07-01,1102,9,60,55,5,16005,52,86,21,42,0,0
2026-07-01,1103,9,73,68,5,15232,66,95,27,51,0,0
2026-07-01,1104,9,80,78,2,18408,72,110,29,68,0,0
2026-07-01,1105,9,58,57,1,13452,54,83,23,50,0,0
2026-07-01,1106,10,48,46,2,14950,42,89,22,43,6,2505
2026-07-01,1107,10,87,80,7,16720,66,96,23,60,6,1702
2026-07-01,1109,10,61,58,3,20068,47,94,26,47,4,1188
2026-07-01,1110,10,73,67,6,18291,53,92,22,60,12,5858
2026-07-01,1111,10,84,78,6,24570,58,130,33,68,6,1952
2026-07-01,1112,10,72,68,4,15232,57,92,25,59,10,2531
2026-07-01,1113,10,85,83,2,18011,69,137,35,64,5,2389
2026-07-01,1115,10,64,61,3,14030,52,92,24,52,4,1594
2026-07-02,1001,1,87,85,2,28985,65,163,41,71,16,8381
2026-07-02,1002,1,61,56,5,11928,47,87,23,43,7,2374
2026-07-02,1003,1,91,87,4,25665,72,103,26,77,14,5372
2026-07-02,1004,1,72,68,4,21216,65,76,19,55,7,3325
2026-07-02,1005,1,49,45,4,14310,33,61,15,38,8,2323
2026-07-02,1007,1,62,58,4,12528,50,80,20,54,10,5561
2026-07-02,1008,1,50,47,3,10716,36,72,19,42,3,870
2026-07-02,1009,1,87,81,6,21465,63,90,22,75,4,1976
2026-07-02,1010,1,65,63,2,14490,50,106,26,58,10,5857
2026-07-02,1011,2,93,85,8,18615,71,109,28,66,0,0
2026-07-02,1013,2,63,58,5,18270,52,61,15,44,0,0
2026-07-02,1014,2,53,51,2,15555,40,67,18,40,0,0
2026-07-02,1016,2,53,49,4,15484,40,65,16,42,0,0
2026-07-02,1017,2,54,49,5,10143,41,56,15,42,0,0
2026-07-02,1018,2,95,93,2,27435,72,95,24,86,0,0
2026-07-02,1019,2,88,81,7,26892,61,110,29,69,0,0
2026-07-02,1021,3,70,67,3,15477,51,81,21,62,8,3826
2026-07-02,1022,3,47,45,2,12060,40,46,11,39,7,3083
2026-07-02,1023,3,73,69,4,15732,56,110,27,55,11,5149
2026-07-02,1024,3,61,58,3,17806,44,90,22,51,8,4722
2026-07-02,1025,3,53,52,1,17992,47,100,25,39,3,1460
2026-07-02,1026,3,76,75,1,24975,56,114,29,59,12,6583
2026-07-02,1027,3,90,88,2,27280,63,84,23,75,6,3804
2026-07-02,1029,4,92,85,7,28560,67,114,30,80,0,0
2026-07-02,1030,4,93,90,3,19080,79,161,40,82,0,0
2026-07-02,1031,4,57,52,5,9620,45,47,14,43,0,0
2026-07-02,1032,4,48,47,1,15980,42,71,17,40,0,0
2026-07-02,1033,4,68,66,2,22044,60,125,32,51,0,0
2026-07-02,1034,4,88,86,2,20210,67,176,42,76,0,0
2026-07-02,1035,4,62,60,2,21420,56,80,22,55,0,0
2026-07-02,1036,4,48,45,3,15030,40,82,20,37,0,0
2026-07-02,1037,4,58,56,2,13216,48,79,19,50,0,0
2026-07-02,1038,4,88,80,8,23760,74,94,24,74,0,0
2026-07-02,1039,4,93,86,7,23306,73,135,35,75,0,0
2026-07-02,1040,4,92,87,5,16704,84,116,30,79,0,0
2026-07-02,1041,4,73,67,6,22177,62,90,21,52,0,0
2026-07-02,1042,4,95,88,7,29040,73,107,28,74,0,0
2026-07-02,1043,5,69,66,3,16566,48,94,24,54,0,0
2026-07-02,1044,5,76,73,3,23652,53,109,28,63,0,0
2026-07-02,1045,5,72,65,7,20410,61,62,16,49,0,0
2026-07-02,1046,5,66,65,1,14105,58,85,19,58,0,0
2026-07-02,1047,5,82,78,4,14976,70,123,29,60,0,0
2026-07-02,1048,5,84,79,5,23700,76,134,33,73,0,0
2026-07-02,1049,5,87,80,7,26720,60,151,39,67,0,0
2026-07-02,1050,5,60,56,4,10640,48,75,21,44,0,0
2026-07-02,1051,5,79,75,4,23250,65,115,29,70,0,0
2026-07-02,1052,5,79,72,7,14040,55,82,20,57,0,0
2026-07-02,1053,5,47,43,4,14147,35,80,20,40,0,0
2026-07-02,1055,6,59,58,1,12122,48,57,15,54,0,0
2026-07-02,1056,6,88,84,4,22176,67,136,34,77,0,0
2026-07-02,1057,6,45,44,1,12980,36,53,14,39,0,0
2026-07-02,1058,6,59,55,4,13805,48,88,24,45,0,0
2026-07-02,1060,6,58,56,2,17920,52,50,14,42,0,0
2026-07-02,1061,6,90,86,4,26144,63,122,32,65,0,0
2026-07-02,1062,6,70,64,6,14272,55,92,22,56,0,0
2026-07-02,1065,7,89,83,6,27058,64,121,30,63,10,5042
2026-07-02,1066,7,50,46,4,14904,41,59,16,34,9,5544
2026-07-02,1070,7,91,85,6,17425,81,139,35,74,5,3193
2026-07-02,1071,7,65,63,2,15813,54,106,28,49,6,2071
2026-07-02,1072,7,94,92,2,21160,76,162,41,81,15,8616
2026-07-02,1073,7,55,52,3,11024,39,51,13,39,3,1404
2026-07-02,1074,7,67,64,3,18496,62,66,17,48,4,2473
2026-07-02,1075,7,83,77,6,20944,66,128,32,58,9,4228
2026-07-02,1076,7,78,77,1,26950,59,86,21,60,9,4616
2026-07-02,1077,7,91,88,3,21032,76,140,38,78,10,6727
2026-07-02,1079,8,65,64,1,22144,52,58,16,49,9,4755
2026-07-02,1080,8,65,60,5,13500,51,95,24,45,3,1126
2026-07-02,1082,8,94,88,6,25344,73,102,26,67,5,1514
2026-07-02,1083,8,83,80,3,23520,76,140,33,64,11,4160
2026-07-02,1085,8,61,56,5,15064,45,102,27,42,8,5248
2026-07-02,1086,8,89,81,8,24705,67,85,21,65,5,2331
2026-07-02,1087,8,81,80,1,21200,74,131,34,64,12,5310
2026-07-02,1088,8,61,56,5,14840,49,92,24,50,7,3731
2026-07-02,1089,8,59,55,4,11165,49,55,14,44,3,1407
2026-07-02,1090,8,93,88,5,19712,82,148,36,73,13,5783
2026-07-02,1092,8,59,57,2,11457,46,112,27,53,6,2586
2026-07-02,1093,9,57,54,3,9990,46,83,21,47,0,0
2026-07-02,1094,9,66,61,5,12383,46,107,25,50,0,0
2026-07-02,1095,9,81,77,4,24178,63,105,26,62,0,0
2026-07-02,1096,9,59,56,3,16072,49,85,23,44,0,0
2026-07-02,1097,9,90,86,4,29842,69,144,38,67,0,0
2026-07-02,1098,9,64,60,4,12900,50,116,29,51,0,0
2026-07-02,1099,9,59,57,2,17385,49,81,22,43,0,0
2026-07-02,1100,9,47,43,4,10621,39,60,14,32,0,0
2026-07-02,1101,9,82,77,5,23254,70,120,29,65,0,0
2026-07-02,1102,9,53,51,2,15300,48,92,23,44,0,0
2026-07-02,1103,9,57,53,4,9752,51,66,16,43,0,0
2026-07-02,1104,9,58,55,3,16500,49,72,16,43,0,0
2026-07-02,1105,9,66,60,6,20400,46,99,27,53,0,0
2026-07-02,1106,10,72,71,1,14555,68,96,26,58,9,4696
2026-07-02,1107,10,76,73,3,22484,70,154,36,60,4,2654
2026-07-02,1109,10,68,67,1,13869,57,123,32,55,10,3543
2026-07-02,1110,10,76,75,1,24450,71,137,35,61,8,2829
2026-07-02,1111,10,57,52,5,11648,40,105,24,42,7,1854
2026-07-02,1112,10,80,78,2,21684,74,82,21,60,9,3447
2026-07-02,1113,10,61,59,2,19116,55,72,21,53,7,3812
2026-07-02,1115,10,61,58,3,14268,45,115,27,46,9,3017
2026-07-03,1001,1,49,45,4,12105,39,53,16,37,4,2636
2026-07-03,1002,1,93,89,4,17266,67,154,40,77,15,5612
2026-07-03,1003,1,62,57,5,15675,49,80,23,45,6,2575
2026-07-03,1004,1,65,60,5,12240,47,92,24,56,9,3564
2026-07-03,1005,1,67,62,5,15314,55,100,25,47,5,1571
2026-07-03,1007,1,73,70,3,19320,57,131,34,55,8,4952
2026-07-03,1008,1,84,82,2,22878,76,150,39,70,8,2059
2026-07-03,1009,1,76,74,2,19240,70,101,27,64,4,1985
2026-07-03,1010,1,70,65,5,22295,51,66,17,61,7,1808
2026-07-03,1011,2,45,43,2,10320,38,74,17,39,0,0
2026-07-03,1013,2,64,61,3,21472,51,87,21,55,0,0
2026-07-03,1014,2,65,64,1,20288,52,105,25,60,0,0
2026-07-03,1016,2,77,72,5,21960,62,101,28,62,0,0
2026-07-03,1017,2,95,87,8,26100,71,164,40,70,0,0
2026-07-03,1018,2,69,66,3,23760,62,81,18,57,0,0
2026-07-03,1019,2,62,57,5,18810,51,84,20,43,0,0
2026-07-03,1021,3,85,81,4,25272,63,113,27,63,8,2857
2026-07-03,1022,3,89,84,5,19236,79,89,22,68,10,3691
2026-07-03,1023,3,95,92,3,28888,66,137,36,72,7,4288
2026-07-03,1024,3,65,60,5,21240,45,55,15,47,3,1939
2026-07-03,1025,3,72,68,4,16660,64,123,32,53,11,4462
2026-07-03,1026,3,69,65,4,17680,59,85,19,61,11,6021
2026-07-03,1027,3,72,69,3,13731,59,114,30,52,5,3174
2026-07-03,1029,4,63,62,1,12090,52,76,17,52,0,0
2026-07-03,1030,4,72,66,6,18480,53,133,32,61,0,0
2026-07-03,1031,4,84,78,6,22464,65,109,29,71,0,0
2026-07-03,1032,4,79,74,5,19240,65,122,30,61,0,0
2026-07-03,1033,4,45,44,1,14960,36,82,20,38,0,0
2026-07-03,1034,4,86,83,3,16600,76,138,36,75,0,0
2026-07-03,1035,4,79,74,5,14356,62,80,20,55,0,0
2026-07-03,1036,4,53,51,2,12903,41,87,22,44,0,0
2026-07-03,1037,4,95,92,3,21160,80,97,27,75,0,0
2026-07-03,1038,4,80,74,6,16354,57,110,28,56,0,0
2026-07-03,1039,4,49,48,1,15504,35,52,14,38,0,0
2026-07-03,1040,4,72,69,3,22977,59,103,27,62,0,0
2026-07-03,1041,4,49,47,2,16920,42,86,21,35,0,0
2026-07-03,1042,4,69,68,1,12988,59,63,19,60,0,0
2026-07-03,1043,5,60,57,3,19437,46,102,24,53,0,0
2026-07-03,1044,5,84,76,8,17556,69,121,31,69,0,0
2026-07-03,1045,5,47,43,4,10062,37,42,11,37,0,0
2026-07-03,1046,5,55,52,3,16900,46,74,18,48,0,0
2026-07-03,1047,5,91,86,5,28638,81,113,26,73,0,0
2026-07-03,1048,5,67,62,5,19034,52,83,19,54,0,0
2026-07-03,1049,5,67,65,2,19045,63,105,27,55,0,0
2026-07-03,1050,5,79,76,3,27132,55,126,33,65,0,0
2026-07-03,1051,5,45,43,2,11696,31,61,15,38,0,0
2026-07-03,1052,5,73,67,6,17822,53,73,21,58,0,0
2026-07-03,1053,5,75,73,2,21024,63,95,24,66,0,0
2026-07-03,1055,6,91,83,8,24900,63,144,35,73,0,0
2026-07-03,1056,6,52,50,2,11450,45,71,18,43,0,0
2026-07-03,1057,6,94,90,4,31410,83,131,34,84,0,0
2026-07-03,1058,6,66,60,6,12480,51,71,19,53,0,0
2026-07-03,1060,6,75,69,6,19458,55,107,27,59,0,0
2026-07-03,1061,6,56,53,3,10600,40,80,20,48,0,0
2026-07-03,1062,6,95,87,8,23316,78,150,39,68,0,0
2026-07-03,1065,7,82,74,8,20350,65,148,35,58,9,5014
2026-07-03,1066,7,65,61,4,13237,49,106,27,50,6,3823
2026-07-03,1070,7,75,72,3,24192,67,103,25,60,7,2624
2026-07-03,1071,7,91,84,7,15288,68,122,30,79,5,2711
2026-07-03,1072,7,65,62,3,21452,56,100,29,51,7,4279
2026-07-03,1073,7,83,81,2,19764,58,94,24,74,12,3945
2026-07-03,1074,7,64,63,1,14238,52,98,27,57,7,3369
2026-07-03,1075,7,85,78,7,15990,68,85,22,64,5,3402
2026-07-03,1076,7,88,85,3,27965,77,153,39,73,4,1709
2026-07-03,1077,7,49,46,3,8418,34,78,20,35,4,2270
2026-07-03,1079,8,82,78,4,26364,61,115,28,65,4,1030
2026-07-03,1080,8,93,90,3,17010,86,161,42,69,15,9207
2026-07-03,1082,8,76,75,1,22575,55,122,31,59,7,4102
2026-07-03,1083,8,63,60,3,19920,50,69,19,49,4,2341
2026-07-03,1085,8,80,78,2,16770,73,91,23,61,5,1363
2026-07-03,1086,8,78,74,4,24050,54,118,31,59,5,2922
2026-07-03,1087,8,64,59,5,15399,45,84,23,47,10,3079
2026-07-03,1088,8,49,46,3,8602,38,51,14,39,4,2274
2026-07-03,1089,8,92,88,4,25960,64,140,37,71,10,3922
2026-07-03,1090,8,74,73,1,20732,65,121,31,59,4,1616
2026-07-03,1092,8,84,82,2,24682,72,109,26,64,13,8586
2026-07-03,1093,9,52,50,2,11800,42,81,23,44,0,0
2026-07-03,1094,9,70,67,3,19296,62,73,17,52,0,0
2026-07-03,1095,9,81,79,2,22041,76,134,34,63,0,0
2026-07-03,1096,9,74,69,5,12420,59,120,28,62,0,0
2026-07-03,1097,9,92,85,7,17850,78,165,40,68,0,0
2026-07-03,1098,9,50,47,3,14617,33,80,21,41,0,0
2026-07-03,1099,9,84,77,7,18018,63,128,33,65,0,0
2026-07-03,1100,9,47,43,4,14147,39,69,18,35,0,0
2026-07-03,1101,9,63,60,3,14100,47,114,28,55,0,0
2026-07-03,1102,9,70,65,5,16835,51,84,20,52,0,0
2026-07-03,1103,9,89,82,7,25994,71,107,27,62,0,0
2026-07-03,1104,9,92,85,7,23800,71,140,37,70,0,0
2026-07-03,1105,9,45,42,3,12978,34,46,12,38,0,0
2026-07-03,1106,10,56,52,4,17056,47,100,25,46,6,2748
2026-07-03,1107,10,65,64,1,21760,52,87,21,53,7,4183
2026-07-03,1109,10,79,73,6,22119,66,116,29,67,4,2214
2026-07-03,1110,10,53,50,3,12000,36,92,24,44,3,826
2026-07-03,1111,10,87,81,6,20088,78,118,31,65,4,1514
2026-07-03,1112,10,45,42,3,12180,35,49,12,39,7,1938
2026-07-03,1113,10,89,87,2,28101,80,105,26,66,12,5779
2026-07-03,1115,10,80,76,4,15960,69,127,33,57,4,1636
2026-07-04,1001,1,43,42,1,11424,35,54,15,38,5,2289
2026-07-04,1002,1,47,45,2,13410,41,59,15,42,4,1498
2026-07-04,1003,1,35,35,0,12040,29,44,12,26,2,856
2026-07-04,1004,1,37,35,2,9345,26,45,11,32,2,1092
2026-07-04,1005,1,37,34,3,8432,27,59,15,26,1,656
2026-07-04,1007,1,25,24,1,5880,19,33,8,19,4,2547
2026-07-04,1008,1,44,40,4,13160,34,42,11,31,3,1278
2026-07-04,1009,1,46,45,1,15570,34,75,20,41,2,1151
2026-07-04,1010,1,28,26,2,7280,20,22,6,19,2,1084
2026-07-04,1011,2,45,43,2,8170,33,45,13,34,0,0
2026-07-04,1013,2,46,44,2,12716,37,77,19,34,0,0
2026-07-04,1014,2,39,38,1,11970,32,53,13,33,0,0
2026-07-04,1016,2,29,29,0,9744,21,43,11,23,0,0
2026-07-04,1017,2,34,33,1,7887,23,58,15,30,0,0
2026-07-04,1018,2,41,39,2,7605,30,42,10,29,0,0
2026-07-04,1019,2,47,44,3,13112,34,58,15,36,0,0
2026-07-04,1021,3,35,34,1,6766,31,40,10,32,6,2272
2026-07-04,1022,3,27,26,1,5642,23,34,8,22,3,1422
2026-07-04,1023,3,30,29,1,7047,24,49,14,22,4,1651
2026-07-04,1024,3,36,34,2,11220,26,52,16,29,3,1827
2026-07-04,1025,3,27,26,1,9074,20,31,7,22,3,1667
2026-07-04,1026,3,45,43,2,8815,35,64,15,38,3,1511
2026-07-04,1027,3,43,40,3,12480,31,42,11,34,3,1551
2026-07-04,1029,4,31,30,1,6480,24,18,7,24,0,0
2026-07-04,1030,4,26,26,0,5096,25,43,12,23,0,0
2026-07-04,1031,4,37,36,1,7668,27,63,14,32,0,0
2026-07-04,1032,4,39,36,3,12312,27,48,12,29,0,0
2026-07-04,1033,4,45,41,4,13940,29,45,11,35,0,0
2026-07-04,1034,4,38,36,2,11736,28,67,17,29,0,0
2026-07-04,1035,4,28,28,0,6160,20,31,8,22,0,0
2026-07-04,1036,4,28,28,0,6384,23,32,7,21,0,0
2026-07-04,1037,4,43,39,4,10647,33,49,13,31,0,0
2026-07-04,1038,4,40,37,3,11692,30,72,17,31,0,0
2026-07-04,1039,4,38,37,1,7844,32,40,11,32,0,0
2026-07-04,1040,4,25,25,0,7775,21,35,9,21,0,0
2026-07-04,1041,4,42,39,3,9321,36,71,18,33,0,0
2026-07-04,1042,4,42,41,1,9061,38,58,13,36,0,0
2026-07-04,1043,5,32,31,1,7006,22,45,11,27,0,0
2026-07-04,1044,5,37,35,2,12390,29,51,13,32,0,0
2026-07-04,1045,5,24,23,1,4301,20,46,11,20,0,0
2026-07-04,1046,5,23,22,1,4840,19,36,8,17,0,0
2026-07-04,1047,5,28,28,0,7672,27,26,7,25,0,0
2026-07-04,1048,5,23,22,1,7304,18,42,10,18,0,0
2026-07-04,1049,5,26,24,2,5568,23,38,9,19,0,0
2026-07-04,1050,5,24,23,1,5957,17,41,10,21,0,0
2026-07-04,1051,5,23,22,1,4180,18,26,6,18,0,0
2026-07-04,1052,5,44,41,3,9348,30,58,14,36,0,0
2026-07-04,1053,5,40,39,1,13845,37,55,16,29,0,0
2026-07-04,1055,6,27,26,1,5876,21,33,8,24,0,0
2026-07-04,1056,6,27,25,2,7225,19,25,6,20,0,0
2026-07-04,1057,6,26,24,2,6360,20,37,10,20,0,0
2026-07-04,1058,6,26,26,0,7280,18,54,12,20,0,0
2026-07-04,1060,6,33,32,1,8320,29,46,13,25,0,0
2026-07-04,1061,6,34,34,0,8976,28,41,10,25,0,0
2026-07-04,1062,6,37,36,1,9900,31,56,15,27,0,0
2026-07-04,1065,7,24,23,1,4324,22,26,6,20,1,294
2026-07-04,1066,7,34,34,0,8126,28,60,14,28,4,2661
2026-07-04,1070,7,42,41,1,13817,40,57,14,36,2,502
2026-07-04,1071,7,46,43,3,7783,31,43,11,37,4,2723
2026-07-04,1072,7,42,39,3,12168,29,56,14,31,4,2715
2026-07-04,1073,7,42,40,2,10520,29,46,11,30,7,3249
2026-07-04,1074,7,39,37,2,8214,29,63,17,28,3,1261
2026-07-04,1075,7,34,32,2,9120,29,40,9,30,3,1237
2026-07-04,1076,7,33,30,3,6030,26,29,8,25,3,1974
2026-07-04,1077,7,26,25,1,4650,18,42,10,22,3,1317
2026-07-04,1079,8,28,27,1,9612,26,45,11,24,3,1949
2026-07-04,1080,8,44,40,4,8480,35,63,16,37,3,1381
2026-07-04,1082,8,27,26,1,6266,23,47,12,19,3,1947
2026-07-04,1083,8,24,22,2,4224,19,31,9,18,3,1113
2026-07-04,1085,8,34,33,1,8811,30,53,15,25,4,2268
2026-07-04,1086,8,33,33,0,10362,26,46,11,25,1,277
2026-07-04,1087,8,34,32,2,8704,30,30,8,28,3,1965
2026-07-04,1088,8,39,38,1,11438,35,44,12,33,7,4140
2026-07-04,1089,8,27,26,1,6630,24,26,6,24,4,1252
2026-07-04,1090,8,28,28,0,6356,23,42,11,24,4,1088
2026-07-04,1092,8,41,40,1,12480,36,56,13,36,7,4497
2026-07-04,1093,9,31,30,1,8310,28,41,12,23,0,0
2026-07-04,1094,9,32,30,2,6510,25,45,11,22,0,0
2026-07-04,1095,9,44,41,3,8979,32,40,11,31,0,0
2026-07-04,1096,9,42,39,3,11700,33,57,13,34,0,0
2026-07-04,1097,9,46,42,4,12222,37,68,16,33,0,0
2026-07-04,1098,9,24,24,0,5256,21,32,8,21,0,0
2026-07-04,1099,9,47,43,4,9804,37,61,15,39,0,0
2026-07-04,1100,9,23,21,2,5124,18,41,10,18,0,0
2026-07-04,1101,9,31,29,2,9309,24,44,12,25,0,0
2026-07-04,1102,9,47,46,1,10580,38,47,13,37,0,0
2026-07-04,1103,9,42,40,2,13040,29,80,19,35,0,0
2026-07-04,1104,9,33,32,1,9152,29,51,13,27,0,0
2026-07-04,1105,9,31,30,1,5880,22,32,9,25,0,0
2026-07-04,1106,10,46,44,2,9768,39,63,16,38,5,1340
2026-07-04,1107,10,40,38,2,13490,29,69,17,34,5,2575
2026-07-04,1109,10,33,32,1,9504,28,35,8,28,4,1076
2026-07-04,1110,10,47,44,3,13904,38,48,14,35,2,1044
2026-07-04,1111,10,47,44,3,12936,35,78,21,39,2,1092
2026-07-04,1112,10,29,29,0,8265,26,25,7,22,2,1100
2026-07-04,1113,10,31,31,0,8494,24,47,11,27,5,1349
2026-07-04,1115,10,29,29,0,6873,27,50,12,27,5,2989
2026-07-05,1001,1,26,26,0,4966,18,41,12,21,2,868
2026-07-05,1002,1,43,40,3,7360,31,46,11,31,2,610
2026-07-05,1003,1,30,28,2,9268,20,29,8,25,2,911
2026-07-05,1004,1,42,40,2,10360,37,61,15,31,4,2344
2026-07-05,1005,1,34,33,1,10791,28,36,9,29,2,942
2026-07-05,1007,1,46,45,1,10575,42,64,15,34,6,3487
2026-07-05,1008,1,41,41,0,10209,37,87,20,36,3,857
2026-07-05,1009,1,29,28,1,7896,20,31,8,24,2,1052
2026-07-05,1010,1,47,44,3,11836,40,64,15,35,8,5254
2026-07-05,1011,2,46,44,2,13948,31,48,13,38,0,0
2026-07-05,1013,2,23,22,1,4356,17,33,10,20,0,0
2026-07-05,1014,2,43,42,1,8568,32,44,12,36,0,0
2026-07-05,1016,2,41,40,1,12880,29,73,18,36,0,0
2026-07-05,1017,2,42,38,4,13110,29,58,16,33,0,0
2026-07-05,1018,2,42,40,2,9600,29,39,10,31,0,0
2026-07-05,1019,2,24,23,1,4853,22,32,8,19,0,0
2026-07-05,1021,3,32,31,1,7750,27,55,14,26,5,2436
2026-07-05,1022,3,30,28,2,9408,25,26,7,25,2,1361
2026-07-05,1023,3,44,43,1,12943,39,50,12,38,6,1919
2026-07-05,1024,3,47,45,2,10125,41,87,20,38,7,3921
2026-07-05,1025,3,23,23,0,5336,19,22,5,19,3,1443
2026-07-05,1026,3,25,24,1,7944,21,27,7,22,3,1419
2026-07-05,1027,3,39,38,1,8018,35,47,13,33,6,3810
2026-07-05,1029,4,32,31,1,6262,27,55,15,29,0,0
2026-07-05,1030,4,23,22,1,4202,17,34,9,19,0,0
2026-07-05,1031,4,31,30,1,9270,22,58,14,27,0,0
2026-07-05,1032,4,40,38,2,10222,37,52,14,35,0,0
2026-07-05,1033,4,40,39,1,8697,34,68,16,30,0,0
2026-07-05,1034,4,23,22,1,4774,20,27,7,17,0,0
2026-07-05,1035,4,37,34,3,6766,29,50,14,30,0,0
2026-07-05,1036,4,47,46,1,8510,36,74,19,40,0,0
2026-07-05,1037,4,45,42,3,8148,38,56,14,39,0,0
2026-07-05,1038,4,37,36,1,9540,35,65,17,31,0,0
2026-07-05,1039,4,27,26,1,8060,20,28,8,22,0,0
2026-07-05,1040,4,22,22,0,4906,19,29,7,18,0,0
2026-07-05,1041,4,37,34,3,10438,28,30,9,27,0,0
2026-07-05,1042,4,29,28,1,6832,23,42,9,26,0,0
2026-07-05,1043,5,41,40,1,13000,32,71,19,31,0,0
2026-07-05,1044,5,47,43,4,15308,33,76,19,38,0,0
2026-07-05,1045,5,43,41,2,12997,38,56,14,34,0,0
2026-07-05,1046,5,30,28,2,6076,25,34,8,25,0,0
2026-07-05,1047,5,32,30,2,6510,23,34,9,23,0,0
2026-07-05,1048,5,30,29,1,8729,25,48,12,23,0,0
2026-07-05,1049,5,32,31,1,9052,28,61,15,28,0,0
2026-07-05,1050,5,36,33,3,6006,26,42,9,26,0,0
2026-07-05,1051,5,29,27,2,7830,20,40,10,21,0,0
2026-07-05,1052,5,41,40,1,11000,38,77,19,31,0,0
2026-07-05,1053,5,41,38,3,9234,34,36,10,29,0,0
2026-07-05,1055,6,43,41,2,8323,36,66,17,35,0,0
2026-07-05,1056,6,36,34,2,11696,32,41,11,29,0,0
2026-07-05,1057,6,33,30,3,5820,28,37,10,23,0,0
2026-07-05,1058,6,46,43,3,11567,40,81,21,32,0,0
2026-07-05,1060,6,24,24,0,5712,18,31,8,20,0,0
2026-07-05,1061,6,44,43,1,13201,32,55,16,33,0,0
2026-07-05,1062,6,30,29,1,9657,20,45,10,23,0,0
2026-07-05,1065,7,22,21,1,5082,16,36,8,19,3,1445
2026-07-05,1066,7,43,40,3,10760,29,57,13,31,7,4081
2026-07-05,1070,7,42,41,1,10947,30,60,16,35,5,2285
2026-07-05,1071,7,38,37,1,6993,34,46,10,31,4,2619
2026-07-05,1072,7,28,27,1,6507,22,32,10,24,1,358
2026-07-05,1073,7,35,34,1,7548,30,36,9,28,4,1027
2026-07-05,1074,7,39,38,1,11856,28,72,18,32,2,1119
2026-07-05,1075,7,36,35,1,11305,34,36,9,26,5,3046
2026-07-05,1076,7,41,41,0,14514,34,73,18,32,4,2439
2026-07-05,1077,7,32,30,2,8520,21,57,14,23,1,492
2026-07-05,1079,8,26,24,2,6216,18,35,8,18,3,1588
2026-07-05,1080,8,41,38,3,10640,33,60,14,35,5,2635
2026-07-05,1082,8,24,23,1,5060,18,42,11,20,2,678
2026-07-05,1083,8,40,37,3,10952,27,38,10,30,7,1989
2026-07-05,1085,8,25,23,2,4646,22,38,9,19,2,1269
2026-07-05,1086,8,39,37,2,9620,32,47,11,28,6,3175
2026-07-05,1087,8,36,33,3,6567,26,61,14,28,3,2067
2026-07-05,1088,8,46,45,1,10125,36,67,19,40,4,2246
2026-07-05,1089,8,37,36,1,10548,33,64,17,33,5,1548
2026-07-05,1090,8,42,38,4,11932,28,67,16,30,2,1073
2026-07-05,1092,8,39,36,3,9576,34,45,11,27,6,1917
2026-07-05,1093,9,46,45,1,16110,33,56,14,34,0,0
2026-07-05,1094,9,42,41,1,13612,37,52,15,35,0,0
2026-07-05,1095,9,26,24,2,7896,19,40,11,18,0,0
2026-07-05,1096,9,46,43,3,11309,32,66,17,33,0,0
2026-07-05,1097,9,42,39,3,13884,30,68,17,33,0,0
2026-07-05,1098,9,30,29,1,5945,24,40,10,26,0,0
2026-07-05,1099,9,36,35,1,8400,28,41,10,27,0,0
2026-07-05,1100,9,42,40,2,13040,33,62,13,33,0,0
2026-07-05,1101,9,45,43,2,14233,36,67,17,39,0,0
2026-07-05,1102,9,40,37,3,10434,31,35,10,30,0,0
2026-07-05,1103,9,47,44,3,13948,37,69,17,34,0,0
2026-07-05,1104,9,35,32,3,8000,27,47,12,25,0,0
2026-07-05,1105,9,34,34,0,9792,32,35,9,30,0,0
2026-07-05,1106,10,43,41,2,12341,29,45,12,37,8,2820
2026-07-05,1107,10,35,33,2,9504,28,52,14,29,6,3443
2026-07-05,1109,10,40,37,3,10101,28,64,16,28,2,1143
2026-07-05,1110,10,44,40,4,10280,29,74,18,37,2,669
2026-07-05,1111,10,44,42,2,13818,33,68,16,32,4,1307
2026-07-05,1112,10,40,37,3,11285,27,41,12,33,3,1268
2026-07-05,1113,10,47,44,3,11924,38,65,20,35,8,3582
2026-07-05,1115,10,41,40,1,13400,31,73,19,36,4,2468
2026-07-06,1001,1,94,86,8,18834,68,150,35,72,9,2301
2026-07-06,1002,1,68,65,3,19435,57,71,19,58,6,2349
2026-07-06,1003,1,57,56,1,19936,41,89,23,47,7,2365
2026-07-06,1004,1,75,73,2,24163,59,129,34,54,14,4617
2026-07-06,1005,1,60,55,5,14190,52,96,25,50,4,2023
2026-07-06,1007,1,58,56,2,10864,53,65,17,47,7,3959
2026-07-06,1008,1,51,48,3,16320,38,67,15,43,7,2365
2026-07-06,1009,1,85,79,6,27413,73,82,21,62,7,2119
2026-07-06,1010,1,60,56,4,11592,41,88,24,51,11,6571
2026-07-06,1011,2,67,63,4,22176,50,88,22,55,0,0
2026-07-06,1013,2,73,70,3,18550,65,125,32,56,0,0
2026-07-06,1014,2,68,64,4,18560,51,91,23,48,0,0
2026-07-06,1016,2,49,47,2,12032,45,48,12,41,0,0
2026-07-06,1017,2,58,57,1,17898,41,66,16,48,0,0
2026-07-06,1018,2,58,53,5,17490,41,60,16,40,0,0
2026-07-06,1019,2,62,57,5,12711,51,56,14,51,0,0
2026-07-06,1021,3,51,47,4,9729,34,78,19,39,7,3663
2026-07-06,1022,3,58,57,1,14478,49,96,22,43,4,1674
2026-07-06,1023,3,73,66,7,17952,48,98,24,53,7,4536
2026-07-06,1024,3,92,83,9,16268,62,158,40,72,5,2337
2026-07-06,1025,3,84,83,1,27722,67,154,40,67,14,6293
2026-07-06,1026,3,59,56,3,17976,54,65,16,45,5,3168
2026-07-06,1027,3,67,61,6,20923,55,88,23,57,11,4191
2026-07-06,1029,4,69,63,6,14112,55,98,23,55,0,0
2026-07-06,1030,4,90,84,6,26292,63,127,33,77,0,0
2026-07-06,1031,4,82,80,2,20160,73,148,36,73,0,0
2026-07-06,1032,4,76,73,3,17228,53,134,35,67,0,0
2026-07-06,1033,4,85,82,3,23698,72,114,30,74,0,0
2026-07-06,1034,4,95,91,4,29939,84,125,31,85,0,0
2026-07-06,1035,4,57,55,2,18480,41,61,15,49,0,0
2026-07-06,1036,4,85,80,5,25600,65,101,23,70,0,0
2026-07-06,1037,4,89,84,5,22848,65,124,32,76,0,0
2026-07-06,1038,4,60,59,1,11741,48,108,28,54,0,0
2026-07-06,1039,4,88,82,6,20582,60,142,38,68,0,0
2026-07-06,1040,4,70,67,3,12596,60,128,33,61,0,0
2026-07-06,1041,4,75,69,6,21390,59,74,19,56,0,0
2026-07-06,1042,4,60,59,1,17405,54,57,15,45,0,0
2026-07-06,1043,5,64,62,2,16430,57,108,27,52,0,0
2026-07-06,1044,5,95,92,3,18124,86,168,42,84,0,0
2026-07-06,1045,5,79,76,3,14288,69,108,28,61,0,0
2026-07-06,1046,5,95,92,3,32108,86,128,35,85,0,0
2026-07-06,1047,5,55,54,1,10800,50,81,21,49,0,0
2026-07-06,1048,5,46,43,3,11094,40,54,13,37,0,0
2026-07-06,1049,5,91,85,6,16490,67,85,22,63,0,0
2026-07-06,1050,5,46,42,4,13398,39,66,17,33,0,0
2026-07-06,1051,5,95,90,5,30240,87,149,40,70,0,0
2026-07-06,1052,5,56,53,3,18391,49,78,21,46,0,0
2026-07-06,1053,5,60,55,5,10395,48,83,20,42,0,0
2026-07-06,1055,6,64,60,4,15240,55,59,15,54,0,0
2026-07-06,1056,6,84,80,4,27280,65,94,27,62,0,0
2026-07-06,1057,6,72,66,6,14190,64,75,19,58,0,0
2026-07-06,1058,6,89,85,4,17510,72,93,23,67,0,0
2026-07-06,1060,6,91,88,3,21824,70,172,42,70,0,0
2026-07-06,1061,6,50,46,4,15502,36,76,18,37,0,0
2026-07-06,1062,6,48,44,4,14388,32,66,18,35,0,0
2026-07-06,1065,7,88,84,4,28728,63,93,23,68,13,7837
2026-07-06,1066,7,85,84,1,27132,70,148,38,65,10,6886
2026-07-06,1070,7,93,85,8,24820,77,150,38,79,11,3106
2026-07-06,1071,7,79,74,5,23236,65,129,34,58,6,4111
2026-07-06,1072,7,79,74,5,16946,68,73,20,59,6,3839
2026-07-06,1073,7,75,70,5,18970,53,94,22,56,6,2416
2026-07-06,1074,7,79,74,5,18722,65,137,34,57,5,2666
2026-07-06,1075,7,48,45,3,9855,42,66,17,33,3,837
2026-07-06,1076,7,46,44,2,10340,40,59,15,36,3,2092
2026-07-06,1077,7,70,69,1,14559,62,95,24,56,13,5640
2026-07-06,1079,8,58,56,2,15904,48,85,21,44,9,2662
2026-07-06,1080,8,71,67,4,13735,60,110,28,62,8,2440
2026-07-06,1082,8,57,56,1,12040,50,95,25,51,4,1010
2026-07-06,1083,8,79,74,5,14578,62,126,31,62,4,1091
2026-07-06,1085,8,49,48,1,10944,44,63,18,36,6,4047
2026-07-06,1086,8,62,58,4,17516,54,78,21,46,5,3197
2026-07-06,1087,8,47,43,4,8643,36,58,14,38,7,2804
2026-07-06,1088,8,69,67,2,14338,65,120,28,60,3,1566
2026-07-06,1089,8,56,54,2,16254,42,94,24,47,8,5078
2026-07-06,1090,8,55,54,1,18306,42,95,24,42,8,2255
2026-07-06,1092,8,74,68,6,15776,63,134,32,60,7,2314
2026-07-06,1093,9,46,43,3,14147,32,72,18,38,0,0
2026-07-06,1094,9,86,79,7,20777,57,114,31,72,0,0
2026-07-06,1095,9,95,87,8,27057,65,135,34,77,0,0
2026-07-06,1096,9,45,43,2,10105,37,56,14,34,0,0
2026-07-06,1097,9,91,87,4,29580,62,87,24,71,0,0
2026-07-06,1098,9,89,86,3,23048,81,93,25,81,0,0
2026-07-06,1099,9,93,91,2,20748,67,116,32,84,0,0
2026-07-06,1100,9,72,68,4,20808,49,127,32,63,0,0
2026-07-06,1101,9,86,78,8,16458,74,130,33,71,0,0
2026-07-06,1102,9,72,66,6,23298,57,103,26,62,0,0
2026-07-06,1103,9,59,58,1,13630,44,104,27,46,0,0
2026-07-06,1104,9,46,43,3,9546,31,75,20,37,0,0
2026-07-06,1105,9,50,47,3,10810,43,71,16,37,0,0
2026-07-06,1106,10,50,49,1,11711,37,52,15,45,3,1565
2026-07-06,1107,10,46,45,1,16020,36,68,17,37,6,3636
2026-07-06,1109,10,88,86,2,21328,76,153,38,67,9,2839
2026-07-06,1110,10,73,66,7,15510,64,128,32,59,10,5829
2026-07-06,1111,10,59,56,3,11592,50,91,23,44,10,5809
2026-07-06,1112,10,71,66,5,19602,57,119,30,61,12,7709
2026-07-06,1113,10,63,62,1,17112,59,104,27,52,6,1810
2026-07-06,1115,10,91,89,2,27590,86,119,33,74,7,4119
2026-07-07,1001,1,60,59,1,19293,45,114,28,50,9,5451
2026-07-07,1002,1,82,74,8,14504,55,117,34,55,4,2256
2026-07-07,1003,1,91,87,4,25578,65,87,24,80,9,2282
2026-07-07,1004,1,59,55,4,13310,41,113,27,46,2,1120
2026-07-07,1005,1,90,87,3,30624,75,167,41,71,10,4003
2026-07-07,1007,1,45,42,3,9996,33,77,20,31,4,1784
2026-07-07,1008,1,86,79,7,20698,77,135,35,63,11,3982
2026-07-07,1009,1,55,53,2,10176,44,76,19,41,10,6316
2026-07-07,1010,1,48,46,2,13432,36,71,19,37,4,1802
2026-07-07,1011,2,62,57,5,12084,51,87,22,46,0,0
2026-07-07,1013,2,57,52,5,15808,41,81,19,42,0,0
2026-07-07,1014,2,75,69,6,18699,61,93,23,52,0,0
2026-07-07,1016,2,74,68,6,18360,59,97,25,54,0,0
2026-07-07,1017,2,91,85,6,26605,75,119,32,78,0,0
2026-07-07,1018,2,84,81,3,20250,67,147,35,71,0,0
2026-07-07,1019,2,70,67,3,13735,57,75,20,50,0,0
2026-07-07,1021,3,76,71,5,24921,51,114,27,66,7,4353
2026-07-07,1022,3,68,62,6,20956,48,91,23,51,7,4743
2026-07-07,1023,3,52,51,1,13872,43,95,24,41,6,2658
2026-07-07,1024,3,86,80,6,21360,62,138,37,68,7,2824
2026-07-07,1025,3,73,69,4,12489,61,103,26,64,8,4996
2026-07-07,1026,3,55,52,3,14560,46,71,17,39,2,1138
2026-07-07,1027,3,56,55,1,15895,47,88,21,50,8,4464
2026-07-07,1029,4,64,63,1,13293,59,119,30,55,0,0
2026-07-07,1030,4,87,84,3,16716,73,85,22,64,0,0
2026-07-07,1031,4,59,57,2,17556,52,66,17,49,0,0
2026-07-07,1032,4,68,64,4,22784,50,127,31,55,0,0
2026-07-07,1033,4,50,47,3,9541,37,74,20,41,0,0
2026-07-07,1034,4,57,53,4,19080,40,75,20,49,0,0
2026-07-07,1035,4,80,79,1,20619,62,135,37,60,0,0
2026-07-07,1036,4,90,87,3,22011,68,154,38,79,0,0
2026-07-07,1037,4,87,84,3,21504,78,134,36,76,0,0
2026-07-07,1038,4,83,78,5,22386,66,96,24,68,0,0
2026-07-07,1039,4,58,57,1,15105,42,65,17,49,0,0
2026-07-07,1040,4,60,57,3,11970,55,53,15,44,0,0
2026-07-07,1041,4,71,69,2,22218,59,85,21,62,0,0
2026-07-07,1042,4,58,53,5,16536,41,81,19,43,0,0
2026-07-07,1043,5,94,86,8,15824,76,118,30,70,0,0
2026-07-07,1044,5,63,60,3,16560,45,97,25,55,0,0
2026-07-07,1045,5,78,73,5,20294,69,135,36,59,0,0
2026-07-07,1046,5,76,71,5,16401,55,73,19,64,0,0
2026-07-07,1047,5,68,65,3,16965,51,114,28,53,0,0
2026-07-07,1048,5,74,68,6,15504,54,87,24,59,0,0
2026-07-07,1049,5,52,51,1,16167,49,88,22,40,0,0
2026-07-07,1050,5,86,80,6,21120,72,115,30,65,0,0
2026-07-07,1051,5,81,79,2,18328,73,128,34,62,0,0
2026-07-07,1052,5,65,61,4,20740,48,63,15,50,0,0
2026-07-07,1053,5,69,63,6,16065,45,68,18,54,0,0
2026-07-07,1055,6,64,61,3,15738,50,98,24,46,0,0
2026-07-07,1056,6,59,56,3,15624,42,58,15,42,0,0
2026-07-07,1057,6,74,68,6,16456,64,85,23,52,0,0
2026-07-07,1058,6,52,50,2,10750,41,53,13,40,0,0
2026-07-07,1060,6,66,63,3,20223,54,80,20,53,0,0
2026-07-07,1061,6,66,63,3,19089,50,87,22,50,0,0
2026-07-07,1062,6,54,50,4,11000,47,57,14,47,0,0
2026-07-07,1065,7,69,63,6,15813,51,109,27,53,7,2155
2026-07-07,1066,7,65,61,4,14945,56,95,24,48,7,2063
2026-07-07,1070,7,66,63,3,13986,51,96,24,58,4,1808
2026-07-07,1071,7,61,59,2,12154,57,58,15,52,8,3754
2026-07-07,1072,7,70,65,5,15860,50,121,31,60,10,3712
2026-07-07,1073,7,69,63,6,21546,57,104,26,57,6,2196
2026-07-07,1074,7,49,46,3,8924,43,78,19,39,5,1617
2026-07-07,1075,7,86,84,2,22848,79,152,38,69,5,1589
2026-07-07,1076,7,91,85,6,23630,71,84,23,78,8,2247
2026-07-07,1077,7,51,48,3,9792,39,59,15,42,6,2547
2026-07-07,1079,8,73,72,1,13176,54,125,31,60,12,6485
2026-07-07,1080,8,51,47,4,9447,36,74,19,44,5,2508
2026-07-07,1082,8,67,64,3,13248,46,91,21,59,6,3765
2026-07-07,1083,8,77,73,4,16133,60,78,22,58,4,1899
2026-07-07,1085,8,61,60,1,13140,44,84,21,52,7,4397
2026-07-07,1086,8,93,85,8,16490,74,87,21,70,7,3441
2026-07-07,1087,8,59,55,4,11935,46,69,17,45,8,2107
2026-07-07,1088,8,91,88,3,24200,77,99,24,67,16,8831
2026-07-07,1089,8,74,72,2,15768,62,82,19,60,5,2833
2026-07-07,1090,8,94,85,9,21930,77,125,31,69,5,2588
2026-07-07,1092,8,85,77,8,20097,64,133,33,60,5,2706
2026-07-07,1093,9,51,49,2,10437,37,87,22,45,0,0
2026-07-07,1094,9,73,68,5,14484,53,87,23,62,0,0
2026-07-07,1095,9,63,59,4,16579,52,81,20,48,0,0
2026-07-07,1096,9,45,42,3,11382,35,50,11,39,0,0
2026-07-07,1097,9,70,65,5,13390,60,92,27,53,0,0
2026-07-07,1098,9,65,62,3,16864,54,106,25,55,0,0
2026-07-07,1099,9,87,80,7,21040,58,132,34,66,0,0
2026-07-07,1100,9,87,80,7,24480,71,149,37,64,0,0
2026-07-07,1101,9,70,66,4,19866,57,129,32,58,0,0
2026-07-07,1102,9,75,70,5,18620,64,79,21,55,0,0
2026-07-07,1103,9,46,44,2,15224,38,61,15,35,0,0
2026-07-07,1104,9,50,46,4,13616,35,75,22,38,0,0
2026-07-07,1105,9,75,69,6,17457,54,81,20,62,0,0
2026-07-07,1106,10,61,57,4,13623,50,80,19,44,9,3662
2026-07-07,1107,10,92,90,2,22770,78,80,22,79,15,5982
2026-07-07,1109,10,87,79,8,19987,57,123,30,66,11,5465
2026-07-07,1110,10,81,79,2,24253,71,120,31,74,13,8265
2026-07-07,1111,10,78,71,7,18531,66,80,20,65,9,5277
2026-07-07,1112,10,80,75,5,14625,68,72,20,66,7,3928
2026-07-07,1113,10,78,72,6,18432,62,87,21,58,13,7671
2026-07-07,1115,10,73,68,5,21284,61,119,30,64,4,2184
2026-07-08,1001,1,71,66,5,20922,62,118,29,57,6,3497
2026-07-08,1002,1,45,44,1,9284,37,84,21,36,4,2573
2026-07-08,1003,1,67,63,4,21546,54,73,19,47,3,1246
2026-07-08,1004,1,51,50,1,13850,43,82,20,44,2,530
2026-07-08,1005,1,95,88,7,26400,67,166,42,79,5,2349
2026-07-08,1007,1,78,76,2,17708,56,91,25,71,6,2512
2026-07-08,1008,1,80,77,3,17633,66,135,34,64,12,3836
2026-07-08,1009,1,86,80,6,18240,72,153,39,73,15,7227
2026-07-08,1010,1,81,76,5,18240,68,156,37,64,14,8890
2026-07-08,1011,2,70,67,3,20301,49,70,18,59,0,0
2026-07-08,1013,2,62,60,2,11520,48,79,20,53,0,0
2026-07-08,1014,2,67,65,2,12805,47,61,17,56,0,0
2026-07-08,1016,2,62,60,2,13260,46,76,20,50,0,0
2026-07-08,1017,2,88,83,5,24734,64,145,37,68,0,0
2026-07-08,1018,2,89,87,2,16095,65,143,37,70,0,0
2026-07-08,1019,2,53,52,1,11492,43,86,20,39,0,0
2026-07-08,1021,3,91,83,8,21331,78,139,34,76,11,6203
2026-07-08,1022,3,46,45,1,12870,43,74,17,37,8,3997
2026-07-08,1023,3,76,70,6,13440,55,99,27,60,7,2699
2026-07-08,1024,3,88,80,8,25520,74,83,20,62,13,7409
2026-07-08,1025,3,84,79,5,26623,76,89,23,73,10,4337
2026-07-08,1026,3,94,90,4,24840,87,112,29,74,11,4565
2026-07-08,1027,3,70,64,6,18496,57,84,20,52,11,5734
2026-07-08,1029,4,67,66,1,15180,55,116,32,57,0,0
2026-07-08,1030,4,63,57,6,11457,52,75,19,52,0,0
2026-07-08,1031,4,86,79,7,14931,65,102,26,69,0,0
2026-07-08,1032,4,84,79,5,26939,62,77,20,61,0,0
2026-07-08,1033,4,46,43,3,11094,37,62,17,34,0,0
2026-07-08,1034,4,94,91,3,18018,82,111,27,83,0,0
2026-07-08,1035,4,70,67,3,18157,51,118,29,63,0,0
2026-07-08,1036,4,50,47,3,9118,41,79,19,43,0,0
2026-07-08,1037,4,77,74,3,17316,56,135,35,62,0,0
2026-07-08,1038,4,91,83,8,17181,60,137,34,69,0,0
2026-07-08,1039,4,89,85,4,22865,64,151,38,78,0,0
2026-07-08,1040,4,62,58,4,10962,53,56,16,53,0,0
2026-07-08,1041,4,71,67,4,21976,55,119,31,60,0,0
2026-07-08,1042,4,45,42,3,11172,32,41,10,36,0,0
2026-07-08,1043,5,82,76,6,22876,65,95,25,62,0,0
2026-07-08,1044,5,82,75,7,14775,69,108,31,57,0,0
2026-07-08,1045,5,63,59,4,19470,55,106,26,55,0,0
2026-07-08,1046,5,75,72,3,21168,68,131,32,65,0,0
2026-07-08,1047,5,47,44,3,12452,40,50,15,34,0,0
2026-07-08,1048,5,88,85,3,27965,82,98,26,72,0,0
2026-07-08,1049,5,59,55,4,19250,43,108,26,43,0,0
2026-07-08,1050,5,50,49,1,13132,35,49,13,39,0,0
2026-07-08,1051,5,45,44,1,11352,42,80,19,40,0,0
2026-07-08,1052,5,51,48,3,9600,40,91,22,39,0,0
2026-07-08,1053,5,46,44,2,13244,33,68,18,37,0,0
2026-07-08,1055,6,49,45,4,8955,39,48,11,39,0,0
2026-07-08,1056,6,46,45,1,11340,33,92,21,34,0,0
2026-07-08,1057,6,56,51,5,18003,43,67,17,38,0,0
2026-07-08,1058,6,63,59,4,12272,47,119,29,45,0,0
2026-07-08,1060,6,60,57,3,10317,46,107,25,52,0,0
2026-07-08,1061,6,79,78,1,18954,62,134,34,73,0,0
2026-07-08,1062,6,88,80,8,16400,73,129,32,65,0,0
2026-07-08,1065,7,76,72,4,21384,56,71,19,65,6,1638
2026-07-08,1066,7,69,66,3,12738,52,101,26,50,7,2630
2026-07-08,1070,7,69,63,6,17073,47,73,19,52,8,5486
2026-07-08,1071,7,95,89,6,26344,86,130,35,68,17,4932
2026-07-08,1072,7,64,59,5,20532,48,91,25,54,4,1883
2026-07-08,1073,7,90,87,3,17487,66,150,38,67,15,7223
2026-07-08,1074,7,90,87,3,20706,76,161,38,74,14,9216
2026-07-08,1075,7,83,77,6,27412,75,106,26,67,4,1933
2026-07-08,1076,7,50,49,1,11809,41,83,20,40,4,1129
2026-07-08,1077,7,56,54,2,18036,45,98,25,41,9,5385
2026-07-08,1079,8,69,66,3,17622,60,127,32,62,8,4228
2026-07-08,1080,8,65,63,2,14616,48,100,25,50,9,5444
2026-07-08,1082,8,67,65,2,20085,52,69,16,53,9,4697
2026-07-08,1083,8,83,77,6,15477,69,117,28,63,5,1316
2026-07-08,1085,8,50,47,3,11938,39,50,12,36,4,2528
2026-07-08,1086,8,67,64,3,22656,51,103,26,53,7,2662
2026-07-08,1087,8,52,49,3,14406,40,51,12,37,2,822
2026-07-08,1088,8,78,73,5,13578,59,111,27,69,5,2916
2026-07-08,1089,8,60,58,2,16762,51,118,27,54,5,3266
2026-07-08,1090,8,62,57,5,16017,53,98,22,43,8,4344
2026-07-08,1092,8,75,72,3,24336,63,143,35,58,9,4061
2026-07-08,1093,9,88,83,5,28884,71,165,40,74,0,0
2026-07-08,1094,9,91,85,6,18615,79,133,35,78,0,0
2026-07-08,1095,9,60,57,3,14136,42,105,25,45,0,0
2026-07-08,1096,9,86,84,2,29148,75,106,27,66,0,0
2026-07-08,1097,9,79,76,3,14668,66,146,37,61,0,0
2026-07-08,1098,9,90,85,5,20145,83,103,26,64,0,0
2026-07-08,1099,9,62,58,4,16588,52,87,22,50,0,0
2026-07-08,1100,9,55,52,3,13468,44,68,18,44,0,0
2026-07-08,1101,9,85,81,4,15471,70,131,35,62,0,0
2026-07-08,1102,9,73,67,6,15678,49,102,25,51,0,0
2026-07-08,1103,9,72,68,4,17408,57,84,21,60,0,0
2026-07-08,1104,9,45,42,3,8652,36,85,19,31,0,0
2026-07-08,1105,9,51,50,1,14300,42,73,17,41,0,0
2026-07-08,1106,10,45,41,4,9266,36,66,17,38,4,1834
2026-07-08,1107,10,84,82,2,15416,75,144,39,72,11,5761
2026-07-08,1109,10,81,75,6,22125,60,100,25,59,3,868
2026-07-08,1110,10,86,79,7,27729,72,83,21,65,15,8173
2026-07-08,1111,10,82,79,3,26939,61,145,37,65,15,5453
2026-07-08,1112,10,49,48,1,11616,45,49,12,40,3,998
2026-07-08,1113,10,65,60,5,20160,50,60,17,47,11,7254
2026-07-08,1115,10,51,48,3,10176,38,62,15,43,4,2070
2026-07-09,1001,1,73,72,1,19368,69,135,35,61,9,4607
2026-07-09,1002,1,50,48,2,12672,46,53,14,39,3,2021
2026-07-09,1003,1,77,74,3,20350,67,122,31,55,7,3822
2026-07-09,1004,1,60,58,2,14558,51,74,19,49,8,3354
2026-07-09,1005,1,79,75,4,22425,58,137,34,68,10,2681
2026-07-09,1007,1,83,80,3,19040,75,123,32,64,13,5197
2026-07-09,1008,1,52,50,2,18000,40,80,21,43,8,3652
2026-07-09,1009,1,55,52,3,12740,44,76,21,40,7,3149
2026-07-09,1010,1,94,90,4,25470,74,117,34,83,6,2607
2026-07-09,1011,2,81,74,7,16724,71,145,36,69,0,0
2026-07-09,1013,2,52,48,4,13008,45,89,23,36,0,0
2026-07-09,1014,2,81,74,7,22792,57,83,23,57,0,0
2026-07-09,1016,2,70,68,2,23936,63,65,18,61,0,0
2026-07-09,1017,2,66,62,4,15996,53,86,21,47,0,0
2026-07-09,1018,2,54,53,1,18974,40,93,25,46,0,0
2026-07-09,1019,2,93,85,8,26350,81,102,25,72,0,0
2026-07-09,1021,3,84,79,5,22515,56,159,39,74,8,3788
2026-07-09,1022,3,52,50,2,11750,37,75,19,43,4,1388
2026-07-09,1023,3,51,48,3,13488,36,47,12,42,3,2073
2026-07-09,1024,3,46,43,3,11739,38,44,11,34,8,2175
2026-07-09,1025,3,63,59,4,19234,52,81,25,51,3,1575
2026-07-09,1026,3,48,47,1,8930,34,60,15,35,5,1867
2026-07-09,1027,3,49,48,1,12720,37,56,16,37,3,916
2026-07-09,1029,4,55,52,3,11492,44,77,19,45,0,0
2026-07-09,1030,4,57,53,4,14204,44,89,24,44,0,0
2026-07-09,1031,4,63,59,4,16402,43,109,24,51,0,0
2026-07-09,1032,4,79,76,3,15884,67,97,23,57,0,0
2026-07-09,1033,4,64,59,5,13924,57,87,21,50,0,0
2026-07-09,1034,4,87,85,2,16660,76,90,22,76,0,0
2026-07-09,1035,4,95,90,5,27000,79,145,37,71,0,0
2026-07-09,1036,4,70,64,6,13632,52,83,20,48,0,0
2026-07-09,1037,4,73,68,5,18428,57,89,23,62,0,0
2026-07-09,1038,4,49,48,1,16080,43,76,20,38,0,0
2026-07-09,1039,4,64,62,2,18476,47,59,18,55,0,0
2026-07-09,1040,4,81,75,6,23400,63,127,31,65,0,0
2026-07-09,1041,4,45,44,1,9504,41,56,14,33,0,0
2026-07-09,1042,4,73,69,4,21597,61,74,20,64,0,0
2026-07-09,1043,5,56,55,1,12870,53,91,22,44,0,0
2026-07-09,1044,5,61,58,3,19198,49,73,20,47,0,0
2026-07-09,1045,5,53,52,1,10816,47,96,22,39,0,0
2026-07-09,1046,5,60,58,2,17284,55,84,23,53,0,0
2026-07-09,1047,5,84,81,3,26001,66,93,24,69,0,0
2026-07-09,1048,5,95,92,3,28336,69,108,27,71,0,0
2026-07-09,1049,5,77,70,7,24780,56,84,22,56,0,0
2026-07-09,1050,5,84,82,2,17466,63,107,29,73,0,0
2026-07-09,1051,5,83,79,4,24885,71,155,39,73,0,0
2026-07-09,1052,5,64,63,1,14427,47,114,28,51,0,0
2026-07-09,1053,5,75,68,7,13328,51,80,18,53,0,0
2026-07-09,1055,6,70,67,3,20435,61,85,22,53,0,0
2026-07-09,1056,6,57,52,5,16796,38,105,24,48,0,0
2026-07-09,1057,6,75,70,5,19530,62,127,32,55,0,0
2026-07-09,1058,6,53,52,1,15548,48,93,25,42,0,0
2026-07-09,1060,6,58,57,1,18126,54,98,24,47,0,0
2026-07-09,1061,6,78,76,2,18848,59,125,32,63,0,0
2026-07-09,1062,6,49,48,1,14016,37,91,22,37,0,0
2026-07-09,1065,7,63,61,2,12200,57,113,25,51,5,1924
2026-07-09,1066,7,92,87,5,20184,71,134,33,78,7,4331
2026-07-09,1070,7,94,89,5,29014,69,112,27,82,10,5911
2026-07-09,1071,7,63,58,5,14732,48,94,23,54,8,4659
2026-07-09,1072,7,50,47,3,16027,43,74,20,38,6,1674
2026-07-09,1073,7,79,73,6,19637,69,119,28,59,9,4956
2026-07-09,1074,7,62,60,2,10920,55,97,25,47,10,5034
2026-07-09,1075,7,66,62,4,16988,59,101,26,56,6,3985
2026-07-09,1076,7,46,44,2,13640,33,66,18,38,5,1305
2026-07-09,1077,7,79,75,4,21450,70,85,21,66,12,7575
2026-07-09,1079,8,55,53,2,16430,51,101,25,43,9,3905
2026-07-09,1080,8,78,71,7,23075,63,100,26,57,11,4259
2026-07-09,1082,8,67,65,2,11960,47,87,21,56,6,3112
2026-07-09,1083,8,54,53,1,16589,46,64,15,48,2,1383
2026-07-09,1085,8,46,42,4,8358,33,65,19,33,6,1638
2026-07-09,1086,8,83,75,8,20400,57,130,32,68,5,1626
2026-07-09,1087,8,91,84,7,27972,78,104,28,72,5,2231
2026-07-09,1088,8,70,69,1,19251,52,71,20,57,10,4712
2026-07-09,1089,8,60,58,2,12064,48,89,22,45,7,3298
2026-07-09,1090,8,51,48,3,11328,43,81,21,42,7,4501
2026-07-09,1092,8,64,60,4,18180,50,55,15,53,10,4365
2026-07-09,1093,9,68,65,3,18785,49,92,24,61,0,0
2026-07-09,1094,9,67,66,1,15642,61,91,24,53,0,0
2026-07-09,1095,9,53,50,3,13300,42,99,24,45,0,0
2026-07-09,1096,9,76,72,4,15336,56,95,23,58,0,0
2026-07-09,1097,9,68,65,3,17875,52,103,26,58,0,0
2026-07-09,1098,9,87,79,8,20935,74,138,35,73,0,0
2026-07-09,1099,9,81,75,6,19275,65,91,23,58,0,0
2026-07-09,1100,9,51,49,2,16317,36,50,13,45,0,0
2026-07-09,1101,9,65,62,3,16244,46,98,25,56,0,0
2026-07-09,1102,9,81,75,6,17175,71,119,29,68,0,0
2026-07-09,1103,9,83,75,8,16350,62,102,25,56,0,0
2026-07-09,1104,9,50,48,2,12048,41,87,23,41,0,0
2026-07-09,1105,9,75,73,2,20878,53,112,30,68,0,0
2026-07-09,1106,10,52,48,4,14304,37,78,20,40,2,863
2026-07-09,1107,10,46,44,2,12056,34,52,12,35,2,642
2026-07-09,1109,10,47,46,1,11868,44,52,13,43,6,2185
2026-07-09,1110,10,73,67,6,23517,49,101,27,61,8,2440
2026-07-09,1111,10,56,51,5,15402,42,68,16,48,6,2892
2026-07-09,1112,10,82,81,1,28107,68,85,21,65,13,7129
2026-07-09,1113,10,63,58,5,18734,51,93,25,45,11,6705
2026-07-09,1115,10,63,60,3,12300,56,103,25,50,10,3429
2026-07-10,1001,1,75,68,7,17340,57,58,17,57,13,8247
2026-07-10,1002,1,69,64,5,16960,46,99,25,58,6,3861
2026-07-10,1003,1,72,71,1,13419,61,73,19,55,12,7355
2026-07-10,1004,1,90,82,8,14760,71,105,29,64,16,7962
2026-07-10,1005,1,51,49,2,12397,43,84,24,40,7,4379
2026-07-10,1007,1,76,72,4,17928,53,106,26,63,9,4827
2026-07-10,1008,1,87,83,4,16766,77,130,35,72,10,5931
2026-07-10,1009,1,89,83,6,18260,71,85,22,73,14,6064
2026-07-10,1010,1,89,82,7,17466,74,102,25,66,11,6385
2026-07-10,1011,2,51,49,2,10486,40,95,23,44,0,0
2026-07-10,1013,2,90,83,7,19173,63,124,30,78,0,0
2026-07-10,1014,2,76,69,7,19734,66,102,28,56,0,0
2026-07-10,1016,2,49,47,2,14429,34,79,20,40,0,0
2026-07-10,1017,2,94,89,5,24831,70,90,26,77,0,0
2026-07-10,1018,2,89,88,1,25960,79,133,34,76,0,0
2026-07-10,1019,2,48,44,4,15444,42,68,17,40,0,0
2026-07-10,1021,3,73,69,4,16077,61,120,29,53,11,5795
2026-07-10,1022,3,59,58,1,18502,48,95,24,53,10,3590
2026-07-10,1023,3,79,73,6,16644,61,74,19,64,13,8230
2026-07-10,1024,3,76,69,7,16353,54,121,31,52,10,4370
2026-07-10,1025,3,45,44,1,12012,42,73,19,40,7,2971
2026-07-10,1026,3,68,66,2,16236,63,119,30,56,12,6558
2026-07-10,1027,3,70,68,2,15436,57,110,28,53,4,2113
2026-07-10,1029,4,80,77,3,14476,72,107,25,62,0,0
2026-07-10,1030,4,66,62,4,19778,59,58,15,49,0,0
2026-07-10,1031,4,67,64,3,21952,56,80,21,51,0,0
2026-07-10,1032,4,92,90,2,19170,70,130,33,77,0,0
2026-07-10,1033,4,79,72,7,22392,54,95,24,55,0,0
2026-07-10,1034,4,87,84,3,20664,65,109,29,72,0,0
2026-07-10,1035,4,87,83,4,16185,79,84,22,74,0,0
2026-07-10,1036,4,74,67,7,15142,62,72,19,54,0,0
2026-07-10,1037,4,68,64,4,21184,56,85,21,49,0,0
2026-07-10,1038,4,59,55,4,15070,51,84,21,41,0,0
2026-07-10,1039,4,59,57,2,12939,54,81,20,42,0,0
2026-07-10,1040,4,89,82,7,25174,62,138,36,69,0,0
2026-07-10,1041,4,47,45,2,8955,33,50,12,36,0,0
2026-07-10,1042,4,52,50,2,13750,39,87,20,42,0,0
2026-07-10,1043,5,60,59,1,15930,43,66,17,53,0,0
2026-07-10,1044,5,46,45,1,16065,43,89,21,36,0,0
2026-07-10,1045,5,89,87,2,22446,74,102,29,81,0,0
2026-07-10,1046,5,76,70,6,22050,55,142,33,65,0,0
2026-07-10,1047,5,83,81,2,28188,61,144,35,76,0,0
2026-07-10,1048,5,74,72,2,16272,68,122,32,59,0,0
2026-07-10,1049,5,51,48,3,9792,44,65,17,39,0,0
2026-07-10,1050,5,48,45,3,11835,39,47,12,35,0,0
2026-07-10,1051,5,86,84,2,23268,65,125,34,73,0,0
2026-07-10,1052,5,70,64,6,12672,46,88,24,52,0,0
2026-07-10,1053,5,78,73,5,20659,54,103,27,58,0,0
2026-07-10,1055,6,91,87,4,20271,65,81,21,75,0,0
2026-07-10,1056,6,71,69,2,16422,51,108,28,57,0,0
2026-07-10,1057,6,57,52,5,13780,40,88,21,45,0,0
2026-07-10,1058,6,60,56,4,16856,49,94,23,47,0,0
2026-07-10,1060,6,52,51,1,12903,38,61,15,40,0,0
2026-07-10,1061,6,51,47,4,8836,38,88,21,38,0,0
2026-07-10,1062,6,93,85,8,29240,62,154,40,79,0,0
2026-07-10,1065,7,53,49,4,12789,43,56,14,42,8,2609
2026-07-10,1066,7,90,86,4,22704,69,103,26,77,5,2838
2026-07-10,1070,7,66,64,2,14208,55,89,21,59,4,2319
2026-07-10,1071,7,88,87,1,26013,78,167,43,73,13,8266
2026-07-10,1072,7,64,59,5,11564,53,64,17,53,7,4030
2026-07-10,1073,7,79,76,3,23712,60,105,30,64,9,4936
2026-07-10,1074,7,60,55,5,15895,52,99,27,52,5,2831
2026-07-10,1075,7,79,77,2,18095,66,90,22,68,7,2706
2026-07-10,1076,7,63,59,4,19765,43,112,28,49,5,1756
2026-07-10,1077,7,64,61,3,20740,55,80,21,52,3,1156
2026-07-10,1079,8,73,68,5,15980,52,109,28,63,8,3205
2026-07-10,1080,8,50,46,4,10120,41,66,17,42,5,3172
2026-07-10,1082,8,45,44,1,14080,33,74,21,34,3,1236
2026-07-10,1083,8,49,45,4,8640,34,49,13,42,7,2459
2026-07-10,1085,8,79,75,4,20475,69,127,31,60,12,4137
2026-07-10,1086,8,48,45,3,13410,36,78,21,35,8,3540
2026-07-10,1087,8,56,55,1,17490,45,82,20,43,10,4662
2026-07-10,1088,8,65,60,5,21600,58,103,25,49,7,4892
2026-07-10,1089,8,62,59,3,12213,54,66,20,49,11,3120
2026-07-10,1090,8,53,51,2,11424,38,68,17,38,5,2702
2026-07-10,1092,8,67,65,2,11765,54,81,20,55,3,1299
2026-07-10,1093,9,45,44,1,12848,36,78,17,37,0,0
2026-07-10,1094,9,78,76,2,14440,72,92,21,70,0,0
2026-07-10,1095,9,72,67,5,14874,59,71,18,54,0,0
2026-07-10,1096,9,83,79,4,20619,71,127,32,60,0,0
2026-07-10,1097,9,54,50,4,11400,43,83,23,46,0,0
2026-07-10,1098,9,73,66,7,20394,54,71,18,57,0,0
2026-07-10,1099,9,47,43,4,9073,41,56,14,33,0,0
2026-07-10,1100,9,82,80,2,24560,70,82,22,73,0,0
2026-07-10,1101,9,49,48,1,10704,45,65,18,39,0,0
2026-07-10,1102,9,51,49,2,10339,43,67,17,43,0,0
2026-07-10,1103,9,93,90,3,25470,82,137,35,67,0,0
2026-07-10,1104,9,70,68,2,23732,65,136,33,59,0,0
2026-07-10,1105,9,85,81,4,28674,77,153,37,72,0,0
2026-07-10,1106,10,54,49,5,10241,44,92,22,43,9,5148
2026-07-10,1107,10,83,79,4,25043,64,105,26,72,12,6599
2026-07-10,1109,10,89,86,3,20296,69,157,40,64,9,4222
2026-07-10,1110,10,60,58,2,15660,49,68,18,44,5,1380
2026-07-10,1111,10,82,80,2,25040,72,94,23,74,14,5281
2026-07-10,1112,10,52,50,2,15750,42,52,13,42,7,3091
2026-07-10,1113,10,84,80,4,25040,67,85,20,60,13,6954
2026-07-10,1115,10,92,87,5,18531,72,156,41,67,7,4208
2026-07-11,1001,1,34,34,0,11662,28,55,13,31,4,1324
2026-07-11,1002,1,32,29,3,8642,26,51,13,22,1,355
2026-07-11,1003,1,36,34,2,6936,27,66,16,30,6,3787
2026-07-11,1004,1,38,38,0,12806,37,73,18,30,3,998
2026-07-11,1005,1,25,24,1,8112,22,25,6,21,3,1907
2026-07-11,1007,1,47,47,0,13019,40,72,20,37,7,2307
2026-07-11,1008,1,40,39,1,13416,29,33,9,34,2,663
2026-07-11,1009,1,30,29,1,6960,24,50,14,27,4,2416
2026-07-11,1010,1,35,34,1,7922,28,37,9,26,6,1633
2026-07-11,1011,2,30,30,0,8790,23,35,9,25,0,0
2026-07-11,1013,2,41,40,1,11320,38,52,14,30,0,0
2026-07-11,1014,2,33,32,1,9440,25,36,10,24,0,0
2026-07-11,1016,2,45,44,1,14696,40,69,17,34,0,0
2026-07-11,1017,2,43,39,4,10959,33,55,15,31,0,0
2026-07-11,1018,2,33,33,0,6633,31,28,8,30,0,0
2026-07-11,1019,2,46,43,3,13846,40,70,18,38,0,0
2026-07-11,1021,3,43,41,2,7626,37,61,15,37,7,2632
2026-07-11,1022,3,25,25,0,8100,21,36,10,22,3,822
2026-07-11,1023,3,33,32,1,8384,30,53,12,26,3,1957
2026-07-11,1024,3,39,37,2,11544,33,72,18,28,5,2021
2026-07-11,1025,3,33,31,2,10726,27,62,14,26,5,2863
2026-07-11,1026,3,41,39,2,8775,35,73,17,34,2,512
2026-07-11,1027,3,40,37,3,7733,29,50,12,28,2,1086
2026-07-11,1029,4,42,41,1,14227,39,40,11,30,0,0
2026-07-11,1030,4,24,24,0,6744,19,39,10,18,0,0
2026-07-11,1031,4,39,36,3,7020,34,66,16,33,0,0
2026-07-11,1032,4,35,33,2,6171,29,33,10,30,0,0
2026-07-11,1033,4,45,44,1,11484,33,62,16,39,0,0
2026-07-11,1034,4,25,23,2,4370,17,45,10,18,0,0
2026-07-11,1035,4,23,22,1,5192,21,31,7,20,0,0
2026-07-11,1036,4,24,24,0,5712,17,32,8,20,0,0
2026-07-11,1037,4,35,32,3,7776,23,34,9,27,0,0
2026-07-11,1038,4,43,41,2,10701,30,85,20,38,0,0
2026-07-11,1039,4,41,39,2,11076,37,43,12,31,0,0
2026-07-11,1040,4,30,28,2,9016,23,30,7,21,0,0
2026-07-11,1041,4,23,22,1,7832,20,36,9,20,0,0
2026-07-11,1042,4,37,35,2,7735,30,40,13,27,0,0
2026-07-11,1043,5,33,31,2,8308,25,35,10,24,0,0
2026-07-11,1044,5,36,34,2,6188,32,31,8,26,0,0
2026-07-11,1045,5,36,35,1,12565,33,49,13,29,0,0
2026-07-11,1046,5,42,41,1,9184,31,42,11,32,0,0
2026-07-11,1047,5,29,27,2,7398,25,28,7,23,0,0
2026-07-11,1048,5,34,32,2,8352,29,49,12,29,0,0
2026-07-11,1049,5,30,30,0,8790,21,35,9,28,0,0
2026-07-11,1050,5,38,35,3,7280,31,39,10,27,0,0
2026-07-11,1051,5,25,25,0,4650,20,21,6,21,0,0
2026-07-11,1052,5,28,27,1,5940,23,41,11,20,0,0
2026-07-11,1053,5,31,30,1,7740,29,54,12,26,0,0
2026-07-11,1055,6,38,37,1,8473,34,59,15,32,0,0
2026-07-11,1056,6,47,45,2,15525,42,66,17,36,0,0
2026-07-11,1057,6,45,42,3,13062,35,57,14,36,0,0
2026-07-11,1058,6,25,25,0,6200,21,41,11,23,0,0
2026-07-11,1060,6,22,21,1,6384,15,35,9,19,0,0
2026-07-11,1061,6,42,39,3,10842,36,44,11,35,0,0
2026-07-11,1062,6,38,36,2,9000,30,66,16,30,0,0
2026-07-11,1065,7,34,33,1,6237,26,57,15,24,6,1883
2026-07-11,1066,7,45,41,4,7872,38,62,16,33,7,2478
2026-07-11,1070,7,29,28,1,7280,27,31,7,23,1,267
2026-07-11,1071,7,39,37,2,11433,33,71,17,33,3,860
2026-07-11,1072,7,41,40,1,14280,30,66,17,30,2,1079
2026-07-11,1073,7,27,25,2,6500,18,45,11,18,4,2499
2026-07-11,1074,7,38,36,2,12384,29,58,17,31,6,1690
2026-07-11,1075,7,30,29,1,8758,27,49,13,24,3,1007
2026-07-11,1076,7,26,24,2,7704,21,29,8,21,1,631
2026-07-11,1077,7,23,21,2,4200,16,37,9,17,2,1232
2026-07-11,1079,8,45,42,3,13860,40,67,18,31,2,928
2026-07-11,1080,8,23,23,0,7452,17,43,10,20,2,664
2026-07-11,1082,8,26,25,1,6325,20,38,9,20,4,2003
2026-07-11,1083,8,34,33,1,7326,29,37,11,25,6,3049
2026-07-11,1085,8,38,37,1,10841,32,37,10,28,3,1275
2026-07-11,1086,8,44,40,4,9840,33,40,11,31,2,943
2026-07-11,1087,8,31,31,0,5580,30,49,13,23,2,1383
2026-07-11,1088,8,35,33,2,6996,28,36,10,30,2,1009
2026-07-11,1089,8,46,44,2,9504,31,73,18,37,8,2009
2026-07-11,1090,8,29,27,2,8910,26,38,10,24,3,1143
2026-07-11,1092,8,34,33,1,8415,27,47,12,24,3,974
2026-07-11,1093,9,43,40,3,11520,34,39,10,36,0,0
2026-07-11,1094,9,27,27,0,8019,21,40,11,20,0,0
2026-07-11,1095,9,34,31,3,10664,28,55,13,24,0,0
2026-07-11,1096,9,36,36,0,8964,28,38,10,32,0,0
2026-07-11,1097,9,28,26,2,7254,21,37,10,22,0,0
2026-07-11,1098,9,35,34,1,11118,28,48,13,26,0,0
2026-07-11,1099,9,32,30,2,6870,27,55,14,27,0,0
2026-07-11,1100,9,40,39,1,7371,35,50,13,31,0,0
2026-07-11,1101,9,33,32,1,8352,24,59,14,27,0,0
2026-07-11,1102,9,27,27,0,5184,22,34,8,23,0,0
2026-07-11,1103,9,43,42,1,11676,37,78,20,36,0,0
2026-07-11,1104,9,28,27,1,5697,26,30,8,23,0,0
2026-07-11,1105,9,47,45,2,15570,37,53,13,38,0,0
2026-07-11,1106,10,46,43,3,15222,39,63,15,32,2,1245
2026-07-11,1107,10,42,41,1,10250,33,59,16,31,7,2264
2026-07-11,1109,10,37,36,1,11268,29,44,11,28,4,1706
2026-07-11,1110,10,29,28,1,8904,27,39,9,23,4,2549
2026-07-11,1111,10,44,43,1,14448,34,55,16,32,2,603
2026-07-11,1112,10,44,42,2,11676,36,44,13,39,7,2296
2026-07-11,1113,10,22,22,0,4224,19,38,10,16,2,811
2026-07-11,1115,10,34,32,2,8864,29,38,10,29,3,1314
2026-07-12,1001,1,36,36,0,8244,26,50,13,27,6,1886
2026-07-12,1002,1,42,40,2,12600,38,58,16,32,4,1449
2026-07-12,1003,1,26,24,2,7392,23,26,6,22,1,597
2026-07-12,1004,1,46,44,2,10252,42,62,16,37,3,1480
2026-07-12,1005,1,37,34,3,7616,27,48,11,28,3,1562
2026-07-12,1007,1,33,33,0,8646,26,43,12,29,2,743
2026-07-12,1008,1,22,22,0,4136,16,23,7,18,1,517
2026-07-12,1009,1,24,24,0,4320,20,47,11,22,1,586
2026-07-12,1010,1,44,42,2,8022,33,51,13,34,8,5443
2026-07-12,1011,2,45,41,4,9143,38,67,17,38,0,0
2026-07-12,1013,2,36,34,2,9962,31,51,11,26,0,0
2026-07-12,1014,2,47,44,3,8008,32,58,15,39,0,0
2026-07-12,1016,2,43,39,4,11349,31,34,9,35,0,0
2026-07-12,1017,2,26,26,0,6656,19,43,10,22,0,0
2026-07-12,1018,2,46,43,3,10965,37,81,21,40,0,0
2026-07-12,1019,2,32,32,0,11392,25,38,9,26,0,0
2026-07-12,1021,3,34,34,0,12104,27,45,12,26,5,1502
2026-07-12,1022,3,31,28,3,8624,25,54,13,25,1,340
2026-07-12,1023,3,28,28,0,5124,27,29,7,26,2,1247
2026-07-12,1024,3,28,28,0,5908,24,51,13,21,2,728
2026-07-12,1025,3,31,30,1,9090,26,35,8,25,3,1604
2026-07-12,1026,3,41,39,2,12597,37,74,18,32,4,1805
2026-07-12,1027,3,23,23,0,6187,17,36,11,19,2,936
2026-07-12,1029,4,24,23,1,7360,20,23,5,18,0,0
2026-07-12,1030,4,45,44,1,9900,32,66,17,36,0,0
2026-07-12,1031,4,28,27,1,6993,23,49,13,24,0,0
2026-07-12,1032,4,23,23,0,5382,21,41,9,17,0,0
2026-07-12,1033,4,37,37,0,13172,34,53,14,30,0,0
2026-07-12,1034,4,35,32,3,11040,27,42,11,27,0,0
2026-07-12,1035,4,47,44,3,11924,33,45,11,33,0,0
2026-07-12,1036,4,39,38,1,10108,36,50,13,33,0,0
2026-07-12,1037,4,34,32,2,7680,28,50,13,24,0,0
2026-07-12,1038,4,25,24,1,4392,20,35,9,20,0,0
2026-07-12,1039,4,45,44,1,9152,34,66,17,34,0,0
2026-07-12,1040,4,23,22,1,7590,18,39,10,19,0,0
2026-07-12,1041,4,30,29,1,6786,24,24,7,23,0,0
2026-07-12,1042,4,43,42,1,11466,40,48,11,39,0,0
2026-07-12,1043,5,37,34,3,11798,26,50,11,27,0,0
2026-07-12,1044,5,41,40,1,7320,29,45,12,37,0,0
2026-07-12,1045,5,38,36,2,9396,28,40,9,31,0,0
2026-07-12,1046,5,35,33,2,8778,28,29,9,24,0,0
2026-07-12,1047,5,47,45,2,12555,37,81,19,36,0,0
2026-07-12,1048,5,37,36,1,9216,31,32,9,27,0,0
2026-07-12,1049,5,40,37,3,11433,33,61,18,31,0,0
2026-07-12,1050,5,41,40,1,13880,34,58,14,33,0,0
2026-07-12,1051,5,29,28,1,5236,22,39,10,21,0,0
2026-07-12,1052,5,22,21,1,7371,16,25,6,16,0,0
2026-07-12,1053,5,31,30,1,6300,21,49,13,28,0,0
2026-07-12,1055,6,28,27,1,7803,25,25,6,24,0,0
2026-07-12,1056,6,39,39,0,13728,36,44,11,35,0,0
2026-07-12,1057,6,30,28,2,7336,22,35,9,25,0,0
2026-07-12,1058,6,41,40,1,12760,32,55,14,31,0,0
2026-07-12,1060,6,38,37,1,12247,35,50,12,28,0,0
2026-07-12,1061,6,26,24,2,8280,17,41,11,22,0,0
2026-07-12,1062,6,34,31,3,9827,30,45,12,25,0,0
2026-07-12,1065,7,45,42,3,14406,35,77,19,36,3,915
2026-07-12,1066,7,27,26,1,9100,23,33,8,19,1,255
2026-07-12,1070,7,29,27,2,5724,24,36,9,24,4,1233
2026-07-12,1071,7,32,31,1,7719,29,33,8,28,5,3387
2026-07-12,1072,7,23,22,1,5126,20,21,7,19,1,573
2026-07-12,1073,7,23,23,0,6762,16,39,9,18,2,921
2026-07-12,1074,7,32,29,3,6409,24,37,12,27,2,658
2026-07-12,1075,7,35,34,1,6392,29,54,14,30,6,2678
2026-07-12,1076,7,30,29,1,10237,25,36,9,23,1,293
2026-07-12,1077,7,31,30,1,10110,28,39,9,24,5,3400
2026-07-12,1079,8,35,32,3,9312,28,48,13,27,6,3388
2026-07-12,1080,8,36,36,0,12240,27,54,15,33,4,1212
2026-07-12,1082,8,28,26,2,4862,25,38,11,24,4,2173
2026-07-12,1083,8,28,28,0,5124,20,31,8,22,3,1853
2026-07-12,1085,8,29,28,1,9772,23,48,12,25,5,3190
2026-07-12,1086,8,34,31,3,10571,22,33,8,25,3,988
2026-07-12,1087,8,34,31,3,7719,30,31,8,24,5,2008
2026-07-12,1088,8,26,25,1,7150,24,37,10,21,2,529
2026-07-12,1089,8,42,39,3,9633,28,42,11,34,7,4465
2026-07-12,1090,8,29,27,2,5670,25,33,8,21,4,2216
2026-07-12,1092,8,26,25,1,7125,21,23,6,22,4,1580
2026-07-12,1093,9,29,28,1,8260,27,32,7,21,0,0
2026-07-12,1094,9,34,31,3,9734,30,48,12,27,0,0
2026-07-12,1095,9,46,42,4,8862,36,43,11,37,0,0
2026-07-12,1096,9,24,23,1,7153,22,20,6,21,0,0
2026-07-12,1097,9,44,40,4,9920,35,76,19,36,0,0
2026-07-12,1098,9,28,26,2,6396,25,54,12,23,0,0
2026-07-12,1099,9,26,25,1,6525,20,25,6,20,0,0
2026-07-12,1100,9,33,32,1,6784,25,33,9,25,0,0
2026-07-12,1101,9,45,42,3,14280,33,57,15,39,0,0
2026-07-12,1102,9,29,27,2,7776,20,27,8,24,0,0
2026-07-12,1103,9,37,36,1,9684,31,67,17,30,0,0
2026-07-12,1104,9,29,28,1,9100,27,44,12,24,0,0
2026-07-12,1105,9,25,24,1,6792,23,23,7,22,0,0
2026-07-12,1106,10,24,23,1,7682,16,42,10,19,1,512
2026-07-12,1107,10,43,42,1,8400,32,39,11,35,7,1786
2026-07-12,1109,10,41,39,2,11700,36,61,14,32,4,2354
2026-07-12,1110,10,35,34,1,7820,27,60,16,29,4,2563
2026-07-12,1111,10,36,34,2,9622,30,32,9,30,2,815
2026-07-12,1112,10,46,45,1,9810,40,58,14,34,6,1687
2026-07-12,1113,10,27,26,1,6162,24,33,9,20,2,523
2026-07-12,1115,10,23,22,1,4510,19,40,9,19,4,2064
2026-07-13,1001,1,52,51,1,13311,39,68,18,46,4,1819
2026-07-13,1002,1,83,77,6,14553,56,71,20,58,10,6646
2026-07-13,1003,1,67,66,1,14322,55,126,32,55,8,5503
2026-07-13,1004,1,63,60,3,12240,56,68,18,45,5,2613
2026-07-13,1005,1,65,64,1,13440,59,70,17,59,11,2767
2026-07-13,1007,1,84,82,2,18532,79,99,26,66,5,2277
2026-07-13,1008,1,90,85,5,17000,70,84,21,73,9,2857
2026-07-13,1009,1,70,68,2,24004,55,88,22,59,4,1635
2026-07-13,1010,1,71,66,5,17886,61,134,32,57,4,2056
2026-07-13,1011,2,47,43,4,9030,31,82,21,33,0,0
2026-07-13,1013,2,72,70,2,24710,56,80,19,65,0,0
2026-07-13,1014,2,83,77,6,21098,66,85,21,62,0,0
2026-07-13,1016,2,52,49,3,13671,38,53,13,43,0,0
2026-07-13,1017,2,94,87,7,30363,69,157,41,79,0,0
2026-07-13,1018,2,67,65,2,16705,47,72,18,53,0,0
2026-07-13,1019,2,82,75,7,18300,54,152,37,62,0,0
2026-07-13,1021,3,58,54,4,11718,44,59,15,49,8,4069
2026-07-13,1022,3,51,47,4,16309,42,88,21,39,4,1197
2026-07-13,1023,3,55,53,2,10706,40,64,15,47,8,5407
2026-07-13,1024,3,47,46,1,16100,44,82,22,35,4,1027
2026-07-13,1025,3,79,72,7,13968,56,139,34,65,7,1938
2026-07-13,1026,3,47,45,2,11790,43,74,20,38,2,509
2026-07-13,1027,3,49,45,4,12195,41,67,17,41,6,1801
2026-07-13,1029,4,85,79,6,16195,75,137,35,66,0,0
2026-07-13,1030,4,63,62,1,16182,52,92,24,56,0,0
2026-07-13,1031,4,57,52,5,12896,48,82,20,40,0,0
2026-07-13,1032,4,81,77,4,25641,60,122,33,66,0,0
2026-07-13,1033,4,79,74,5,17612,61,127,31,63,0,0
2026-07-13,1034,4,95,92,3,20700,71,135,33,75,0,0
2026-07-13,1035,4,88,85,3,16065,74,116,28,80,0,0
2026-07-13,1036,4,53,52,1,13884,44,53,14,45,0,0
2026-07-13,1037,4,95,88,7,25344,66,122,30,72,0,0
2026-07-13,1038,4,85,78,7,22386,68,142,36,67,0,0
2026-07-13,1039,4,91,87,4,21054,73,115,29,66,0,0
2026-07-13,1040,4,62,56,6,10696,53,75,18,46,0,0
2026-07-13,1041,4,77,75,2,15000,69,122,29,69,0,0
2026-07-13,1042,4,84,79,5,15800,61,142,37,69,0,0
2026-07-13,1043,5,88,86,2,29412,78,127,31,65,0,0
2026-07-13,1044,5,60,56,4,14504,41,63,16,50,0,0
2026-07-13,1045,5,45,41,4,10373,33,43,10,34,0,0
2026-07-13,1046,5,65,62,3,12338,58,87,23,51,0,0
2026-07-13,1047,5,46,44,2,14608,32,58,18,34,0,0
2026-07-13,1048,5,76,73,3,16863,61,124,34,55,0,0
2026-07-13,1049,5,89,85,4,30175,82,146,37,64,0,0
2026-07-13,1050,5,47,44,3,14784,43,43,11,39,0,0
2026-07-13,1051,5,81,77,4,18095,56,131,33,66,0,0
2026-07-13,1052,5,78,72,6,17496,63,74,19,61,0,0
2026-07-13,1053,5,89,81,8,25029,70,111,28,64,0,0
2026-07-13,1055,6,46,44,2,15048,31,59,17,40,0,0
2026-07-13,1056,6,45,45,0,8775,40,62,18,42,0,0
2026-07-13,1057,6,57,55,2,16940,48,89,25,51,0,0
2026-07-13,1058,6,84,77,7,23254,60,145,37,72,0,0
2026-07-13,1060,6,69,64,5,11584,47,97,24,60,0,0
2026-07-13,1061,6,68,63,5,18711,54,107,29,58,0,0
2026-07-13,1062,6,55,52,3,13780,46,92,23,40,0,0
2026-07-13,1065,7,57,56,1,14840,53,94,22,43,9,2331
2026-07-13,1066,7,92,86,6,18404,66,104,25,75,14,6370
2026-07-13,1070,7,54,51,3,11220,45,56,14,44,8,4019
2026-07-13,1071,7,78,71,7,21584,60,111,29,53,12,3104
2026-07-13,1072,7,65,60,5,18000,43,84,21,47,11,7021
2026-07-13,1073,7,80,75,5,24375,60,137,33,68,7,2247
2026-07-13,1074,7,76,75,1,18150,64,139,36,59,10,2881
2026-07-13,1075,7,62,59,3,19352,52,66,19,50,7,4170
2026-07-13,1076,7,72,71,1,13561,61,115,28,58,12,3275
2026-07-13,1077,7,94,91,3,30212,76,133,33,78,16,7635
2026-07-13,1079,8,81,79,2,15168,70,80,19,59,9,2564
2026-07-13,1080,8,55,52,3,18304,50,75,19,45,9,2359
2026-07-13,1082,8,86,84,2,29148,63,141,36,75,6,2137
2026-07-13,1083,8,91,86,5,27864,62,148,36,80,6,3603
2026-07-13,1085,8,83,77,6,20020,66,85,20,68,12,7666
2026-07-13,1086,8,53,50,3,16050,37,97,24,37,3,1497
2026-07-13,1087,8,73,69,4,21597,57,66,18,58,11,5744
2026-07-13,1088,8,87,81,6,19764,63,95,23,70,13,8963
2026-07-13,1089,8,53,50,3,17850,37,79,22,44,9,3405
2026-07-13,1090,8,94,86,8,28724,72,138,38,80,9,3769
2026-07-13,1092,8,91,84,7,29316,72,75,21,73,12,7518
2026-07-13,1093,9,92,85,7,25585,80,133,32,76,0,0
2026-07-13,1094,9,55,53,2,12349,38,81,22,42,0,0
2026-07-13,1095,9,65,59,6,11859,42,89,21,52,0,0
2026-07-13,1096,9,92,83,9,23240,69,135,34,70,0,0
2026-07-13,1097,9,76,72,4,13824,57,106,29,62,0,0
2026-07-13,1098,9,89,82,7,24026,62,104,26,66,0,0
2026-07-13,1099,9,61,57,4,20406,55,60,16,45,0,0
2026-07-13,1100,9,67,62,5,21948,57,53,15,52,0,0
2026-07-13,1101,9,63,61,2,14884,58,83,21,55,0,0
2026-07-13,1102,9,50,46,4,10166,37,71,17,41,0,0
2026-07-13,1103,9,68,62,6,16492,52,87,23,53,0,0
2026-07-13,1104,9,50,48,2,12192,37,83,20,41,0,0
2026-07-13,1105,9,70,65,5,17940,49,110,28,49,0,0
2026-07-13,1106,10,75,73,2,15330,55,94,26,55,14,6988
2026-07-13,1107,10,82,80,2,21920,70,108,27,70,13,6279
2026-07-13,1109,10,82,77,5,23947,57,103,27,61,13,4756
2026-07-13,1110,10,49,47,2,16356,42,57,14,36,8,3476
2026-07-13,1111,10,81,79,2,22673,57,127,32,63,6,2182
2026-07-13,1112,10,57,55,2,12155,42,74,19,48,6,2611
2026-07-13,1113,10,48,46,2,16238,33,49,14,37,6,3658
2026-07-13,1115,10,75,71,4,19525,64,81,21,53,8,4457
2026-07-14,1001,1,48,45,3,12195,37,74,18,41,6,1828
2026-07-14,1002,1,48,45,3,9045,43,44,11,36,2,771
2026-07-14,1003,1,68,62,6,15252,48,110,28,54,5,1296
2026-07-14,1004,1,82,77,5,15554,66,104,26,70,7,2703
2026-07-14,1005,1,66,64,2,13888,61,124,30,56,6,3844
2026-07-14,1007,1,55,52,3,12480,40,72,18,43,3,1276
2026-07-14,1008,1,65,64,1,12480,54,121,30,54,12,7175
2026-07-14,1009,1,49,45,4,10620,40,80,20,36,8,3967
2026-07-14,1010,1,64,59,5,20060,54,58,15,55,3,1830
2026-07-14,1011,2,85,80,5,23120,60,129,34,67,0,0
2026-07-14,1013,2,66,64,2,18752,46,65,17,53,0,0
2026-07-14,1014,2,59,57,2,11685,45,107,26,45,0,0
2026-07-14,1016,2,46,43,3,13932,40,43,11,38,0,0
2026-07-14,1017,2,82,78,4,20826,67,86,23,72,0,0
2026-07-14,1018,2,84,82,2,16564,65,149,39,62,0,0
2026-07-14,1019,2,60,55,5,11880,43,51,14,45,0,0
2026-07-14,1021,3,66,61,5,12871,52,105,27,51,9,2320
2026-07-14,1022,3,89,88,1,30624,69,118,30,70,14,4503
2026-07-14,1023,3,64,61,3,17263,59,104,28,56,9,4050
2026-07-14,1024,3,48,47,1,15886,35,61,16,39,2,931
2026-07-14,1025,3,92,89,3,17978,70,139,34,74,10,4680
2026-07-14,1026,3,80,78,2,17628,56,103,24,65,14,9744
2026-07-14,1027,3,83,80,3,24320,75,151,39,66,4,2127
2026-07-14,1029,4,71,69,2,17526,52,88,23,56,0,0
2026-07-14,1030,4,93,89,4,25899,86,140,36,66,0,0
2026-07-14,1031,4,62,57,5,17841,46,94,23,48,0,0
2026-07-14,1032,4,61,56,5,15008,52,73,21,51,0,0
2026-07-14,1033,4,95,86,9,24768,75,99,26,73,0,0
2026-07-14,1034,4,58,54,4,16632,52,78,20,44,0,0
2026-07-14,1035,4,72,68,4,16116,61,87,22,58,0,0
2026-07-14,1036,4,66,64,2,13824,61,89,22,53,0,0
2026-07-14,1037,4,72,66,6,12936,61,105,26,52,0,0
2026-07-14,1038,4,50,49,1,16170,37,78,23,39,0,0
2026-07-14,1039,4,69,68,1,15164,65,131,33,55,0,0
2026-07-14,1040,4,57,56,1,18536,47,55,14,44,0,0
2026-07-14,1041,4,60,58,2,11658,43,87,24,46,0,0
2026-07-14,1042,4,95,93,2,16740,72,172,45,72,0,0
2026-07-14,1043,5,49,47,2,11797,40,77,19,36,0,0
2026-07-14,1044,5,70,64,6,21696,58,111,28,48,0,0
2026-07-14,1045,5,77,75,2,22275,62,132,32,60,0,0
2026-07-14,1046,5,54,53,1,14045,39,83,20,41,0,0
2026-07-14,1047,5,65,63,2,15876,58,60,17,55,0,0
2026-07-14,1048,5,54,51,3,16677,42,69,20,44,0,0
2026-07-14,1049,5,88,83,5,20833,80,133,32,76,0,0
2026-07-14,1050,5,60,59,1,15517,45,98,26,46,0,0
2026-07-14,1051,5,48,45,3,10980,39,63,14,35,0,0
2026-07-14,1052,5,49,46,3,12144,40,47,12,43,0,0
2026-07-14,1053,5,70,67,3,16281,59,96,28,50,0,0
2026-07-14,1055,6,85,77,8,26642,55,77,21,65,0,0
2026-07-14,1056,6,80,73,7,20148,58,113,28,60,0,0
2026-07-14,1057,6,88,80,8,24800,57,131,34,64,0,0
2026-07-14,1058,6,46,43,3,9675,36,67,17,37,0,0
2026-07-14,1060,6,64,61,3,19276,59,89,24,50,0,0
2026-07-14,1061,6,53,48,5,13872,46,77,19,36,0,0
2026-07-14,1062,6,83,75,8,22350,70,86,21,60,0,0
2026-07-14,1065,7,73,69,4,18561,58,97,24,52,8,5445
2026-07-14,1066,7,91,84,7,24108,70,96,23,74,14,3977
2026-07-14,1070,7,92,84,8,29484,65,96,24,78,8,4083
2026-07-14,1071,7,54,52,2,16432,43,67,18,43,9,3156
2026-07-14,1072,7,80,77,3,23485,67,69,19,64,7,2850
2026-07-14,1073,7,48,45,3,15435,36,53,13,41,7,3282
2026-07-14,1074,7,55,52,3,9828,42,68,17,41,5,2396
2026-07-14,1075,7,86,80,6,19520,74,85,20,61,6,1723
2026-07-14,1076,7,92,86,6,17802,74,139,35,78,11,7013
2026-07-14,1077,7,57,55,2,18205,46,57,14,52,6,3177
2026-07-14,1079,8,64,60,4,14280,49,75,18,53,4,1541
2026-07-14,1080,8,93,89,4,19402,79,151,38,71,7,4357
2026-07-14,1082,8,94,87,7,24795,84,121,31,71,15,7561
2026-07-14,1083,8,46,46,0,13340,37,56,14,39,4,2087
2026-07-14,1085,8,72,71,1,20519,57,106,27,56,8,3749
2026-07-14,1086,8,79,75,4,18000,70,122,30,60,7,2138
2026-07-14,1087,8,84,78,6,17394,72,120,29,64,14,8516
2026-07-14,1088,8,58,56,2,15456,43,73,18,45,5,1932
2026-07-14,1089,8,50,47,3,14241,34,65,15,36,5,1545
2026-07-14,1090,8,83,81,2,21708,76,90,23,71,15,7613
2026-07-14,1092,8,49,48,1,17136,38,61,15,36,9,5366
2026-07-14,1093,9,69,67,2,19296,63,81,21,54,0,0
2026-07-14,1094,9,86,85,1,24990,63,94,24,77,0,0
2026-07-14,1095,9,67,62,5,11904,55,71,19,47,0,0
2026-07-14,1096,9,87,82,5,18942,75,78,20,64,0,0
2026-07-14,1097,9,49,48,1,14208,35,46,12,39,0,0
2026-07-14,1098,9,47,44,3,9196,36,69,16,34,0,0
2026-07-14,1099,9,78,73,5,15038,67,133,35,69,0,0
2026-07-14,1100,9,56,52,4,13832,40,66,19,45,0,0
2026-07-14,1101,9,83,81,2,19440,77,113,29,74,0,0
2026-07-14,1102,9,95,93,2,20367,86,146,36,70,0,0
2026-07-14,1103,9,54,49,5,16660,44,81,20,41,0,0
2026-07-14,1104,9,54,50,4,15650,43,69,16,42,0,0
2026-07-14,1105,9,68,64,4,19072,55,59,17,52,0,0
2026-07-14,1106,10,66,60,6,18540,52,54,15,53,11,7617
2026-07-14,1107,10,93,90,3,25470,69,171,42,76,12,6495
2026-07-14,1109,10,69,66,3,18282,49,102,24,59,6,3801
2026-07-14,1110,10,76,70,6,22750,51,120,30,64,9,4816
2026-07-14,1111,10,61,60,1,15720,47,115,28,49,10,5676
2026-07-14,1112,10,64,59,5,13039,55,82,20,46,6,2188
2026-07-14,1113,10,88,83,5,15355,60,135,34,63,4,1943
2026-07-14,1115,10,87,84,3,27384,66,150,41,64,14,3773
2026-07-15,1001,1,89,85,4,24990,63,119,31,64,9,6279
2026-07-15,1002,1,52,49,3,14847,44,72,22,39,5,1713
2026-07-15,1003,1,58,55,3,13860,51,86,22,46,5,2298
2026-07-15,1004,1,68,66,2,13926,62,68,20,59,6,2384
2026-07-15,1005,1,46,44,2,14212,32,43,11,34,5,3485
2026-07-15,1007,1,68,66,2,15510,51,69,17,60,7,2799
2026-07-15,1008,1,88,84,4,26376,78,79,21,71,15,5622
2026-07-15,1009,1,65,62,3,18662,50,86,23,50,7,4419
2026-07-15,1010,1,82,78,4,23478,57,81,19,66,5,2970
2026-07-15,1011,2,88,84,4,24024,66,103,25,67,0,0
2026-07-15,1013,2,57,53,4,11024,50,59,15,42,0,0
2026-07-15,1014,2,83,81,2,21951,60,91,23,76,0,0
2026-07-15,1016,2,64,61,3,21960,58,97,24,47,0,0
2026-07-15,1017,2,71,70,1,20510,51,97,24,65,0,0
2026-07-15,1018,2,71,66,5,12540,56,75,18,57,0,0
2026-07-15,1019,2,57,55,2,18095,49,106,27,45,0,0
2026-07-15,1021,3,65,60,5,21240,53,108,26,51,7,3105
2026-07-15,1022,3,48,47,1,9024,39,49,13,36,5,1713
2026-07-15,1023,3,72,68,4,14008,60,74,17,57,6,2467
2026-07-15,1024,3,58,53,5,13303,48,58,14,48,3,1520
2026-07-15,1025,3,50,49,1,15092,46,62,16,42,4,1488
2026-07-15,1026,3,75,68,7,18156,53,127,33,60,3,1345
2026-07-15,1027,3,89,81,8,15390,62,146,33,74,10,5297
2026-07-15,1029,4,88,82,6,24108,78,163,40,71,0,0
2026-07-15,1030,4,87,79,8,18170,68,95,26,69,0,0
2026-07-15,1031,4,83,76,7,26676,66,116,27,64,0,0
2026-07-15,1032,4,85,82,3,24190,78,111,29,74,0,0
2026-07-15,1033,4,90,82,8,25994,63,154,36,64,0,0
2026-07-15,1034,4,57,56,1,12376,45,108,27,48,0,0
2026-07-15,1035,4,95,90,5,16650,83,143,36,73,0,0
2026-07-15,1036,4,50,48,2,16128,38,65,18,37,0,0
2026-07-15,1037,4,82,76,6,18848,56,84,24,68,0,0
2026-07-15,1038,4,47,44,3,11792,34,66,17,33,0,0
2026-07-15,1039,4,78,77,1,18249,62,77,20,59,0,0
2026-07-15,1040,4,80,75,5,19650,67,127,31,58,0,0
2026-07-15,1041,4,55,54,1,18684,40,50,15,49,0,0
2026-07-15,1042,4,63,61,2,12566,59,93,23,46,0,0
2026-07-15,1043,5,90,87,3,26187,62,147,40,65,0,0
2026-07-15,1044,5,54,53,1,17596,43,53,14,48,0,0
2026-07-15,1045,5,74,73,1,19345,67,87,23,68,0,0
2026-07-15,1046,5,85,82,3,26568,63,129,31,74,0,0
2026-07-15,1047,5,49,48,1,11136,37,73,18,38,0,0
2026-07-15,1048,5,93,86,7,16598,64,89,24,81,0,0
2026-07-15,1049,5,45,44,1,8756,39,74,17,34,0,0
2026-07-15,1050,5,68,65,3,18590,50,107,27,57,0,0
2026-07-15,1051,5,77,75,2,13500,57,142,34,67,0,0
2026-07-15,1052,5,94,88,6,19008,78,148,36,67,0,0
2026-07-15,1053,5,95,91,4,25025,68,131,32,76,0,0
2026-07-15,1055,6,91,83,8,28801,67,111,28,75,0,0
2026-07-15,1056,6,53,50,3,9300,41,67,17,44,0,0
2026-07-15,1057,6,88,82,6,25174,62,102,26,69,0,0
2026-07-15,1058,6,74,71,3,23501,51,106,28,61,0,0
2026-07-15,1060,6,58,56,2,17416,53,109,27,52,0,0
2026-07-15,1061,6,71,66,5,19206,64,112,30,62,0,0
2026-07-15,1062,6,95,87,8,23490,64,97,26,68,0,0
2026-07-15,1065,7,50,49,1,9310,37,67,15,38,8,2316
2026-07-15,1066,7,60,58,2,14326,46,57,15,43,8,3467
2026-07-15,1070,7,47,46,1,10074,37,52,13,42,9,5547
2026-07-15,1071,7,81,75,6,21150,55,101,27,69,7,4495
2026-07-15,1072,7,62,61,1,14091,45,111,28,50,6,4053
2026-07-15,1073,7,90,89,1,28747,68,129,33,77,9,5942
2026-07-15,1074,7,57,56,1,13776,43,63,17,49,6,1592
2026-07-15,1075,7,89,85,4,24225,78,120,31,78,6,3421
2026-07-15,1076,7,45,41,4,12546,39,56,16,33,4,1815
2026-07-15,1077,7,63,60,3,14520,53,106,26,48,11,6100
2026-07-15,1079,8,91,83,8,24319,74,120,29,77,11,6655
2026-07-15,1080,8,57,55,2,15345,50,72,17,50,2,525
2026-07-15,1082,8,62,60,2,12540,52,88,24,49,4,1743
2026-07-15,1083,8,52,51,1,14790,48,82,20,41,10,5678
2026-07-15,1085,8,71,70,1,18410,52,74,18,59,5,3467
2026-07-15,1086,8,67,65,2,11700,59,77,20,55,6,3732
2026-07-15,1087,8,82,80,2,21040,71,89,24,63,6,2050
2026-07-15,1088,8,56,53,3,16960,49,59,15,39,2,933
2026-07-15,1089,8,69,66,3,22638,60,107,28,56,7,3042
2026-07-15,1090,8,80,78,2,26286,71,130,33,59,6,3640
2026-07-15,1092,8,52,50,2,13300,37,80,20,38,5,1362
2026-07-15,1093,9,63,61,2,21472,54,113,28,55,0,0
2026-07-15,1094,9,55,52,3,10972,38,79,20,45,0,0
2026-07-15,1095,9,67,66,1,12078,52,109,27,62,0,0
2026-07-15,1096,9,65,60,5,15120,45,60,16,49,0,0
2026-07-15,1097,9,86,78,8,15366,67,135,37,67,0,0
2026-07-15,1098,9,49,45,4,15120,42,81,19,41,0,0
2026-07-15,1099,9,47,45,2,11655,43,76,19,34,0,0
2026-07-15,1100,9,46,43,3,10922,41,44,10,40,0,0
2026-07-15,1101,9,75,71,4,16614,56,97,22,55,0,0
2026-07-15,1102,9,71,65,6,18980,56,108,28,56,0,0
2026-07-15,1103,9,93,89,4,21360,84,128,34,71,0,0
2026-07-15,1104,9,53,51,2,13107,44,85,22,38,0,0
2026-07-15,1105,9,94,88,6,27104,84,135,32,81,0,0
2026-07-15,1106,10,89,86,3,24080,75,147,40,76,8,5473
2026-07-15,1107,10,45,43,2,11180,34,67,18,36,8,2837
2026-07-15,1109,10,63,58,5,16646,43,118,28,48,10,3020
2026-07-15,1110,10,80,74,6,23088,57,132,35,56,4,1167
2026-07-15,1111,10,56,55,1,11055,45,70,20,46,5,2768
2026-07-15,1112,10,59,57,2,19779,44,80,20,51,7,3456
2026-07-15,1113,10,50,48,2,10800,41,76,19,41,7,1769
2026-07-15,1115,10,94,86,8,20382,69,160,39,80,10,4503
2026-07-16,1001,1,91,84,7,29400,64,138,35,70,16,4381
2026-07-16,1002,1,74,70,4,16940,65,91,22,56,5,2894
2026-07-16,1003,1,58,54,4,15066,41,63,16,40,3,2008
2026-07-16,1004,1,92,87,5,29319,64,83,24,73,10,3863
2026-07-16,1005,1,76,74,2,16502,71,114,30,65,6,3544
2026-07-16,1007,1,66,61,5,12505,49,74,17,51,9,3562
2026-07-16,1008,1,47,44,3,13464,36,67,18,35,4,2685
2026-07-16,1009,1,88,82,6,17794,61,136,38,69,8,2117
2026-07-16,1010,1,85,84,1,21168,61,156,39,67,11,4437
2026-07-16,1011,2,47,46,1,13156,42,78,19,41,0,0
2026-07-16,1013,2,51,48,3,9936,34,62,16,38,0,0
2026-07-16,1014,2,84,77,7,16940,57,83,19,67,0,0
2026-07-16,1016,2,79,76,3,17100,69,78,19,65,0,0
2026-07-16,1017,2,61,57,4,10260,53,86,22,52,0,0
2026-07-16,1018,2,66,63,3,15687,55,102,27,58,0,0
2026-07-16,1019,2,80,76,4,18012,69,97,23,67,0,0
2026-07-16,1021,3,72,69,3,17112,57,126,32,60,12,3416
2026-07-16,1022,3,67,65,2,14690,48,101,26,55,5,1450
2026-07-16,1023,3,88,81,7,25029,64,103,27,67,15,6575
2026-07-16,1024,3,57,53,4,17278,50,68,22,45,9,5985
2026-07-16,1025,3,58,55,3,17215,44,54,15,47,7,3264
2026-07-16,1026,3,63,59,4,11623,46,66,19,54,10,5156
2026-07-16,1027,3,49,45,4,12690,38,57,15,36,4,1780
2026-07-16,1029,4,87,84,3,26040,64,132,32,73,0,0
2026-07-16,1030,4,57,56,1,16856,50,65,18,50,0,0
2026-07-16,1031,4,83,80,3,18400,73,125,34,65,0,0
2026-07-16,1032,4,72,68,4,23868,50,117,26,60,0,0
2026-07-16,1033,4,87,81,6,22194,69,156,39,61,0,0
2026-07-16,1034,4,64,63,1,13545,61,81,21,53,0,0
2026-07-16,1035,4,90,85,5,26095,73,118,29,80,0,0
2026-07-16,1036,4,58,54,4,11556,41,65,16,50,0,0
2026-07-16,1037,4,48,45,3,13860,41,77,18,37,0,0
2026-07-16,1038,4,84,81,3,24705,74,93,26,66,0,0
2026-07-16,1039,4,58,54,4,10584,42,61,16,50,0,0
2026-07-16,1040,4,47,45,2,12150,33,69,18,37,0,0
2026-07-16,1041,4,59,56,3,20048,50,68,16,44,0,0
2026-07-16,1042,4,72,70,2,24780,58,113,29,61,0,0
2026-07-16,1043,5,78,74,4,18722,72,88,21,64,0,0
2026-07-16,1044,5,58,55,3,16005,45,75,18,49,0,0
2026-07-16,1045,5,73,72,1,20232,58,74,21,58,0,0
2026-07-16,1046,5,86,79,7,23621,66,132,34,64,0,0
2026-07-16,1047,5,77,74,3,23902,62,110,27,67,0,0
2026-07-16,1048,5,66,60,6,21060,54,91,23,46,0,0
2026-07-16,1049,5,83,75,8,22875,58,73,19,57,0,0
2026-07-16,1050,5,72,70,2,17150,68,109,27,64,0,0
2026-07-16,1051,5,58,56,2,16016,50,88,22,50,0,0
2026-07-16,1052,5,90,82,8,22796,73,133,33,64,0,0
2026-07-16,1053,5,51,48,3,16272,46,85,23,38,0,0
2026-07-16,1055,6,51,48,3,10128,39,59,15,40,0,0
2026-07-16,1056,6,47,45,2,10485,32,55,14,41,0,0
2026-07-16,1057,6,74,68,6,19788,65,65,18,62,0,0
2026-07-16,1058,6,72,69,3,19251,57,71,18,56,0,0
2026-07-16,1060,6,80,78,2,25428,59,77,23,58,0,0
2026-07-16,1061,6,89,85,4,19550,74,126,32,77,0,0
2026-07-16,1062,6,57,54,3,13932,41,69,17,49,0,0
2026-07-16,1065,7,74,68,6,22100,57,62,17,53,8,4881
2026-07-16,1066,7,82,75,7,15300,62,79,22,63,6,3770
2026-07-16,1070,7,92,85,7,17085,81,127,31,64,8,4114
2026-07-16,1071,7,85,78,7,27612,75,135,33,60,10,4354
2026-07-16,1072,7,75,71,4,25560,52,112,31,55,13,3407
2026-07-16,1073,7,48,45,3,9000,43,40,11,34,7,3605
2026-07-16,1074,7,79,77,2,23408,73,136,36,71,6,2135
2026-07-16,1075,7,61,56,5,10360,46,103,26,52,6,3548
2026-07-16,1076,7,84,80,4,28640,73,153,39,62,4,1894
2026-07-16,1077,7,90,85,5,27370,77,112,30,73,10,3907
2026-07-16,1079,8,58,53,5,16006,51,88,22,43,6,1843
2026-07-16,1080,8,54,53,1,16748,39,91,23,45,8,2538
2026-07-16,1082,8,67,61,6,13603,58,64,17,48,3,1874
2026-07-16,1083,8,72,68,4,20944,49,111,31,52,8,3924
2026-07-16,1085,8,50,47,3,14335,36,86,22,37,3,1102
2026-07-16,1086,8,88,84,4,29652,81,139,37,77,9,5895
2026-07-16,1087,8,56,52,4,13312,48,74,19,46,9,2664
2026-07-16,1088,8,47,44,3,12716,41,81,20,34,2,887
2026-07-16,1089,8,73,67,6,23651,55,117,31,50,6,3953
2026-07-16,1090,8,84,81,3,28998,75,85,24,62,14,4663
2026-07-16,1092,8,71,68,3,17272,55,74,19,55,11,4845
2026-07-16,1093,9,65,64,1,17152,49,83,21,50,0,0
2026-07-16,1094,9,67,66,1,22506,51,73,19,57,0,0
2026-07-16,1095,9,68,65,3,18005,63,91,23,51,0,0
2026-07-16,1096,9,82,74,8,22644,67,79,19,59,0,0
2026-07-16,1097,9,87,80,7,19680,71,126,31,70,0,0
2026-07-16,1098,9,47,47,0,15839,42,66,16,42,0,0
2026-07-16,1099,9,87,85,2,16150,73,153,37,78,0,0
2026-07-16,1100,9,75,68,7,18700,58,128,32,56,0,0
2026-07-16,1101,9,66,61,5,13786,53,110,26,51,0,0
2026-07-16,1102,9,56,53,3,9646,38,89,22,49,0,0
2026-07-16,1103,9,49,48,1,15120,43,66,17,36,0,0
2026-07-16,1104,9,46,45,1,13275,39,81,21,37,0,0
2026-07-16,1105,9,85,78,7,18018,56,136,36,73,0,0
2026-07-16,1106,10,71,65,6,21710,60,106,27,52,7,1919
2026-07-16,1107,10,84,80,4,20560,76,120,31,63,11,4555
2026-07-16,1109,10,65,63,2,21357,52,90,23,52,3,1835
2026-07-16,1110,10,95,89,6,19224,65,135,36,77,12,5177
2026-07-16,1111,10,88,85,3,16660,68,98,24,71,6,3495
2026-07-16,1112,10,62,59,3,17346,47,67,17,53,3,1789
2026-07-16,1113,10,89,87,2,17748,71,87,21,77,12,7018
2026-07-16,1115,10,95,92,3,27692,75,101,25,82,14,4697
2026-07-17,1001,1,85,82,3,22878,66,108,26,64,9,2985
2026-07-17,1002,1,53,50,3,14050,38,54,15,43,5,3187
2026-07-17,1003,1,74,67,7,18693,63,106,26,63,13,5835
2026-07-17,1004,1,55,54,1,19332,48,75,18,40,8,2019
2026-07-17,1005,1,85,79,6,26149,62,87,21,69,9,5209
2026-07-17,1007,1,86,80,6,28080,76,107,28,72,15,10409
2026-07-17,1008,1,74,70,4,23030,52,85,22,65,8,5578
2026-07-17,1009,1,50,47,3,12972,42,53,13,38,5,2649
2026-07-17,1010,1,49,47,2,13865,41,77,21,42,7,4735
2026-07-17,1011,2,82,78,4,16692,72,126,34,60,0,0
2026-07-17,1013,2,45,43,2,13115,38,83,20,37,0,0
2026-07-17,1014,2,47,43,4,9589,38,62,16,34,0,0
2026-07-17,1016,2,77,75,2,22275,64,143,37,62,0,0
2026-07-17,1017,2,79,75,4,14625,70,122,33,62,0,0
2026-07-17,1018,2,93,90,3,19530,82,92,23,70,0,0
2026-07-17,1019,2,88,85,3,17340,67,107,26,79,0,0
2026-07-17,1021,3,88,82,6,28044,63,119,32,73,5,3070
2026-07-17,1022,3,74,69,5,21321,61,76,19,55,6,2790
2026-07-17,1023,3,63,60,3,18360,57,85,24,54,9,2639
2026-07-17,1024,3,87,81,6,22599,69,147,38,72,15,8137
2026-07-17,1025,3,82,78,4,15132,57,148,38,60,7,4670
2026-07-17,1026,3,62,59,3,19470,44,102,26,48,7,2670
2026-07-17,1027,3,53,51,2,13158,38,90,23,47,7,3572
2026-07-17,1029,4,65,59,6,17523,57,86,22,47,0,0
2026-07-17,1030,4,64,62,2,21576,51,87,23,52,0,0
2026-07-17,1031,4,59,54,5,16254,52,67,18,45,0,0
2026-07-17,1032,4,56,52,4,10868,48,94,24,41,0,0
2026-07-17,1033,4,72,69,3,21666,61,95,22,54,0,0
2026-07-17,1034,4,59,55,4,11605,46,71,21,42,0,0
2026-07-17,1035,4,63,60,3,12420,49,63,15,54,0,0
2026-07-17,1036,4,53,50,3,12450,44,104,24,42,0,0
2026-07-17,1037,4,53,50,3,16650,43,93,22,40,0,0
2026-07-17,1038,4,73,72,1,20448,64,140,35,68,0,0
2026-07-17,1039,4,55,50,5,13150,42,72,17,38,0,0
2026-07-17,1040,4,92,89,3,31595,68,135,35,68,0,0
2026-07-17,1041,4,76,74,2,18796,64,137,35,68,0,0
2026-07-17,1042,4,94,91,3,32032,70,120,29,85,0,0
2026-07-17,1043,5,52,48,4,12480,42,53,15,44,0,0
2026-07-17,1044,5,73,69,4,18699,53,135,33,58,0,0
2026-07-17,1045,5,81,77,4,20559,64,139,36,70,0,0
2026-07-17,1046,5,55,51,4,15147,39,70,18,43,0,0
2026-07-17,1047,5,57,55,2,14190,49,65,19,42,0,0
2026-07-17,1048,5,51,47,4,9588,44,60,15,42,0,0
2026-07-17,1049,5,65,61,4,20984,46,58,19,51,0,0
2026-07-17,1050,5,87,83,4,29299,74,149,38,77,0,0
2026-07-17,1051,5,87,81,6,18792,63,126,31,74,0,0
2026-07-17,1052,5,63,60,3,14040,50,59,15,56,0,0
2026-07-17,1053,5,73,69,4,23805,61,105,25,59,0,0
2026-07-17,1055,6,75,73,2,18834,65,123,33,62,0,0
2026-07-17,1056,6,45,43,2,9331,34,45,11,38,0,0
2026-07-17,1057,6,75,69,6,21045,60,111,28,57,0,0
2026-07-17,1058,6,52,50,2,14600,41,54,16,41,0,0
2026-07-17,1060,6,66,62,4,16120,46,118,30,47,0,0
2026-07-17,1061,6,73,70,3,17150,62,88,22,53,0,0
2026-07-17,1062,6,67,63,4,15120,55,76,20,55,0,0
2026-07-17,1065,7,91,87,4,26187,83,143,37,72,6,2442
2026-07-17,1066,7,67,61,6,12932,43,80,21,47,8,3342
2026-07-17,1070,7,86,82,4,22304,65,83,24,68,12,5590
2026-07-17,1071,7,72,70,2,24150,56,57,17,53,8,5583
2026-07-17,1072,7,85,78,7,19812,74,106,24,69,8,4175
2026-07-17,1073,7,92,88,4,25080,82,128,31,81,9,3863
2026-07-17,1074,7,45,41,4,10496,33,42,10,38,7,3603
2026-07-17,1075,7,94,87,7,16443,68,143,36,70,17,5010
2026-07-17,1076,7,63,61,2,17934,45,57,16,50,8,2315
2026-07-17,1077,7,79,73,6,25185,65,129,32,56,10,5203
2026-07-17,1079,8,61,59,2,17818,53,86,21,51,5,3000
2026-07-17,1080,8,69,64,5,15040,55,101,26,57,5,2232
2026-07-17,1082,8,69,63,6,22302,48,63,16,49,6,2674
2026-07-17,1083,8,85,84,1,18816,71,159,39,79,9,2911
2026-07-17,1085,8,85,78,7,17706,61,137,33,67,15,5570
2026-07-17,1086,8,82,77,5,17556,64,130,33,70,3,1050
2026-07-17,1087,8,58,57,1,20520,53,70,16,49,6,3187
2026-07-17,1088,8,83,80,3,28000,61,104,25,71,13,6566
2026-07-17,1089,8,69,65,4,16510,54,93,25,58,10,4216
2026-07-17,1090,8,70,64,6,14784,59,89,22,59,10,2729
2026-07-17,1092,8,94,87,7,19053,77,95,25,71,13,7821
2026-07-17,1093,9,94,91,3,27391,69,98,23,71,0,0
2026-07-17,1094,9,53,51,2,9945,45,56,15,45,0,0
2026-07-17,1095,9,71,69,2,20079,62,81,20,62,0,0
2026-07-17,1096,9,70,67,3,22914,57,131,33,51,0,0
2026-07-17,1097,9,60,58,2,13108,51,75,18,44,0,0
2026-07-17,1098,9,88,85,3,24820,71,82,21,64,0,0
2026-07-17,1099,9,94,91,3,28483,72,153,37,85,0,0
2026-07-17,1100,9,89,82,7,24682,67,85,23,77,0,0
2026-07-17,1101,9,83,76,7,25308,59,99,24,67,0,0
2026-07-17,1102,9,79,75,4,20775,57,79,20,70,0,0
2026-07-17,1103,9,78,71,7,20590,55,89,22,58,0,0
2026-07-17,1104,9,88,87,1,30363,62,155,39,71,0,0
2026-07-17,1105,9,94,88,6,30272,78,135,37,76,0,0
2026-07-17,1106,10,62,59,3,12803,55,60,17,52,3,1722
2026-07-17,1107,10,81,79,2,19513,68,151,37,64,12,3984
2026-07-17,1109,10,66,63,3,22617,48,81,19,50,3,1779
2026-07-17,1110,10,79,76,3,14516,65,94,28,63,10,5895
2026-07-17,1111,10,94,91,3,30667,66,126,33,76,11,2790
2026-07-17,1112,10,78,75,3,23400,54,83,22,61,4,2005
2026-07-17,1113,10,48,47,1,14194,35,78,20,42,7,4053
2026-07-17,1115,10,70,64,6,12864,59,117,29,54,12,7547
2026-07-18,1001,1,35,34,1,10506,25,40,10,31,3,2069
2026-07-18,1002,1,30,28,2,5040,21,40,11,24,4,1731
2026-07-18,1003,1,37,34,3,12172,28,42,10,31,3,1988
2026-07-18,1004,1,23,22,1,7810,16,38,9,17,1,678
2026-07-18,1005,1,33,32,1,7520,23,23,9,28,4,1803
2026-07-18,1007,1,40,39,1,9321,36,52,14,36,6,3429
2026-07-18,1008,1,47,46,1,14950,38,47,11,38,8,3130
2026-07-18,1009,1,32,31,1,7223,24,36,9,25,5,2431
2026-07-18,1010,1,33,31,2,5890,25,52,15,28,4,1273
2026-07-18,1011,2,36,36,0,11268,29,59,15,29,0,0
2026-07-18,1013,2,39,36,3,8280,28,60,17,27,0,0
2026-07-18,1014,2,27,26,1,6864,22,39,11,19,0,0
2026-07-18,1016,2,42,40,2,12240,39,68,17,31,0,0
2026-07-18,1017,2,39,38,1,7334,30,59,16,31,0,0
2026-07-18,1018,2,32,30,2,5790,25,28,9,24,0,0
2026-07-18,1019,2,47,44,3,15752,39,88,21,38,0,0
2026-07-18,1021,3,43,42,1,13398,35,44,12,38,3,1552
2026-07-18,1022,3,25,24,1,6576,21,23,6,22,4,2655
2026-07-18,1023,3,47,44,3,7964,39,75,20,33,6,1751
2026-07-18,1024,3,28,26,2,5512,24,44,11,20,2,1281
2026-07-18,1025,3,33,30,3,7800,22,32,8,25,1,606
2026-07-18,1026,3,47,46,1,9706,37,71,18,40,8,5355
2026-07-18,1027,3,23,22,1,6468,21,35,10,20,3,2087
2026-07-18,1029,4,28,26,2,8996,23,32,8,22,0,0
2026-07-18,1030,4,33,32,1,6496,23,29,9,29,0,0
2026-07-18,1031,4,32,32,0,9984,24,54,13,29,0,0
2026-07-18,1032,4,39,36,3,7452,33,69,17,33,0,0
2026-07-18,1033,4,29,27,2,5103,24,37,11,20,0,0
2026-07-18,1034,4,47,44,3,13200,42,81,21,34,0,0
2026-07-18,1035,4,37,35,2,9100,28,38,10,27,0,0
2026-07-18,1036,4,32,31,1,11067,29,47,11,25,0,0
2026-07-18,1037,4,28,27,1,9234,23,34,9,24,0,0
2026-07-18,1038,4,34,33,1,10626,28,45,11,27,0,0
2026-07-18,1039,4,26,25,1,4950,23,47,12,20,0,0
2026-07-18,1040,4,47,46,1,12696,43,67,17,34,0,0
2026-07-18,1041,4,28,27,1,5616,25,48,12,21,0,0
2026-07-18,1042,4,37,36,1,7704,32,42,11,27,0,0
2026-07-18,1043,5,31,30,1,7110,25,26,7,23,0,0
2026-07-18,1044,5,40,38,2,8968,29,58,14,30,0,0
2026-07-18,1045,5,28,27,1,4941,20,36,9,22,0,0
2026-07-18,1046,5,47,43,4,12040,39,70,18,38,0,0
2026-07-18,1047,5,41,38,3,12616,37,37,10,34,0,0
2026-07-18,1048,5,47,45,2,10440,43,80,21,35,0,0
2026-07-18,1049,5,33,31,2,5890,22,32,8,27,0,0
2026-07-18,1050,5,26,25,1,8625,20,36,8,19,0,0
2026-07-18,1051,5,30,30,0,9810,26,24,7,27,0,0
2026-07-18,1052,5,45,43,2,12083,41,65,16,32,0,0
2026-07-18,1053,5,46,42,4,14196,34,67,18,39,0,0
2026-07-18,1055,6,38,36,2,7272,31,43,10,29,0,0
2026-07-18,1056,6,31,30,1,10410,25,48,11,22,0,0
2026-07-18,1057,6,25,24,1,8256,18,28,8,18,0,0
2026-07-18,1058,6,29,27,2,9558,20,37,11,24,0,0
2026-07-18,1060,6,36,36,0,12276,33,35,9,32,0,0
2026-07-18,1061,6,27,25,2,6325,20,35,9,22,0,0
2026-07-18,1062,6,28,26,2,8450,21,43,10,22,0,0
2026-07-18,1065,7,25,24,1,4416,20,35,8,21,4,1043
2026-07-18,1066,7,46,42,4,10878,30,58,14,37,3,1829
2026-07-18,1070,7,29,27,2,8424,21,51,12,21,2,795
2026-07-18,1071,7,32,30,2,5430,25,31,7,27,4,1246
2026-07-18,1072,7,29,28,1,5124,23,51,12,21,5,2038
2026-07-18,1073,7,26,25,1,5900,18,21,6,20,4,1871
2026-07-18,1074,7,32,30,2,9540,22,55,14,25,4,2347
2026-07-18,1075,7,47,45,2,15525,42,50,13,42,8,4711
2026-07-18,1076,7,23,23,0,6555,19,25,7,18,3,920
2026-07-18,1077,7,27,26,1,5694,20,41,9,22,2,1318
2026-07-18,1079,8,47,43,4,13760,41,64,16,38,8,4831
2026-07-18,1080,8,43,40,3,8120,29,43,13,37,3,1536
2026-07-18,1082,8,26,24,2,6696,21,32,8,18,3,1555
2026-07-18,1083,8,41,40,1,10600,31,46,14,37,3,1498
2026-07-18,1085,8,27,25,2,6450,23,36,10,23,2,871
2026-07-18,1086,8,41,38,3,9614,33,40,11,32,2,1203
2026-07-18,1087,8,47,43,4,8342,38,66,17,37,4,2285
2026-07-18,1088,8,46,45,1,16110,34,78,20,42,4,2247
2026-07-18,1089,8,24,24,0,5160,18,27,8,19,4,1267
2026-07-18,1090,8,27,27,0,6723,20,36,10,24,2,1086
2026-07-18,1092,8,33,30,3,10620,25,56,14,26,2,719
2026-07-18,1093,9,34,32,2,6848,26,56,15,25,0,0
2026-07-18,1094,9,43,41,2,7380,36,49,13,32,0,0
2026-07-18,1095,9,25,25,0,5600,19,37,10,23,0,0
2026-07-18,1096,9,36,34,2,11458,27,39,10,30,0,0
2026-07-18,1097,9,45,44,1,15400,35,54,14,37,0,0
2026-07-18,1098,9,32,31,1,9548,23,29,9,24,0,0
2026-07-18,1099,9,38,37,1,9768,35,63,16,31,0,0
2026-07-18,1100,9,42,41,1,10660,39,64,16,37,0,0
2026-07-18,1101,9,46,45,1,9765,35,86,21,37,0,0
2026-07-18,1102,9,39,37,2,10989,34,55,13,30,0,0
2026-07-18,1103,9,40,39,1,9009,35,38,10,29,0,0
2026-07-18,1104,9,23,22,1,7656,17,29,7,16,0,0
2026-07-18,1105,9,31,29,2,8120,23,50,13,23,0,0
2026-07-18,1106,10,42,39,3,12792,34,65,18,34,6,3654
2026-07-18,1107,10,29,28,1,7756,24,39,10,22,2,583
2026-07-18,1109,10,46,46,0,13616,38,48,12,41,7,3336
2026-07-18,1110,10,39,39,0,9360,35,58,16,33,6,1973
2026-07-18,1111,10,26,26,0,4966,19,49,12,21,2,706
2026-07-18,1112,10,25,24,1,8208,21,47,11,22,4,2681
2026-07-18,1113,10,30,29,1,9715,23,31,8,24,4,1937
2026-07-18,1115,10,29,28,1,9996,23,40,9,23,4,1479
2026-07-19,1001,1,41,40,1,10240,34,48,14,36,4,1165
2026-07-19,1002,1,40,39,1,13572,36,54,12,31,4,2553
2026-07-19,1003,1,36,34,2,6630,29,48,12,25,2,761
2026-07-19,1004,1,25,24,1,8376,19,23,6,21,4,2250
2026-07-19,1005,1,28,28,0,6020,25,49,11,23,2,1208
2026-07-19,1007,1,28,28,0,6720,25,30,7,21,5,1720
2026-07-19,1008,1,36,33,3,10989,31,61,15,24,2,577
2026-07-19,1009,1,40,38,2,7220,31,74,18,35,6,3408
2026-07-19,1010,1,41,40,1,9880,34,38,11,35,2,1390
2026-07-19,1011,2,30,29,1,5771,22,49,13,24,0,0
2026-07-19,1013,2,25,23,2,7199,18,41,10,21,0,0
2026-07-19,1014,2,39,38,1,12236,36,67,18,31,0,0
2026-07-19,1016,2,37,36,1,11700,30,56,15,29,0,0
2026-07-19,1017,2,40,37,3,9805,35,65,16,34,0,0
2026-07-19,1018,2,25,24,1,7656,22,27,7,18,0,0
2026-07-19,1019,2,27,27,0,6939,25,46,11,25,0,0
2026-07-19,1021,3,23,23,0,4163,19,33,8,20,1,541
2026-07-19,1022,3,43,41,2,9635,30,36,12,35,4,1993
2026-07-19,1023,3,32,32,0,10976,23,52,14,27,3,1384
2026-07-19,1024,3,26,26,0,4862,21,49,12,21,4,2161
2026-07-19,1025,3,23,22,1,5016,18,46,10,17,2,1136
2026-07-19,1026,3,24,23,1,7383,20,38,9,18,1,326
2026-07-19,1027,3,34,33,1,10527,32,33,9,25,6,2586
2026-07-19,1029,4,30,28,2,9548,20,56,13,26,0,0
2026-07-19,1030,4,46,42,4,8274,39,58,15,38,0,0
2026-07-19,1031,4,37,36,1,7488,27,36,9,32,0,0
2026-07-19,1032,4,42,41,1,13612,32,58,15,36,0,0
2026-07-19,1033,4,34,33,1,8382,27,49,13,29,0,0
2026-07-19,1034,4,42,41,1,12956,38,41,11,36,0,0
2026-07-19,1035,4,46,45,1,13725,32,85,19,41,0,0
2026-07-19,1036,4,45,43,2,11911,38,69,17,36,0,0
2026-07-19,1037,4,41,38,3,12654,33,47,12,35,0,0
2026-07-19,1038,4,23,22,1,4092,18,41,10,20,0,0
2026-07-19,1039,4,28,27,1,7344,21,40,11,25,0,0
2026-07-19,1040,4,34,32,2,8672,29,35,10,28,0,0
2026-07-19,1041,4,41,40,1,12800,32,56,13,35,0,0
2026-07-19,1042,4,25,25,0,4675,22,35,8,19,0,0
2026-07-19,1043,5,42,40,2,11560,30,49,15,35,0,0
2026-07-19,1044,5,33,32,1,11200,23,32,9,30,0,0
2026-07-19,1045,5,27,26,1,7800,24,37,9,22,0,0
2026-07-19,1046,5,33,32,1,8288,30,53,14,26,0,0
2026-07-19,1047,5,31,30,1,9540,25,35,10,24,0,0
2026-07-19,1048,5,40,40,0,9800,29,55,14,31,0,0
2026-07-19,1049,5,35,34,1,10948,29,47,12,29,0,0
2026-07-19,1050,5,22,21,1,3864,19,18,7,19,0,0
2026-07-19,1051,5,31,29,2,8265,23,48,12,22,0,0
2026-07-19,1052,5,24,24,0,7968,20,34,9,18,0,0
2026-07-19,1053,5,37,36,1,12960,29,52,13,27,0,0
2026-07-19,1055,6,45,43,2,8428,31,77,19,39,0,0
2026-07-19,1056,6,32,30,2,6300,27,42,10,28,0,0
2026-07-19,1057,6,41,38,3,10412,28,42,10,33,0,0
2026-07-19,1058,6,40,38,2,8094,30,66,16,35,0,0
2026-07-19,1060,6,34,33,1,8448,25,33,9,29,0,0
2026-07-19,1061,6,34,34,0,10030,32,63,16,27,0,0
2026-07-19,1062,6,28,27,1,7857,19,29,7,24,0,0
2026-07-19,1065,7,40,39,1,13572,32,48,13,30,7,3808
2026-07-19,1066,7,35,33,2,7260,25,36,9,31,6,1999
2026-07-19,1070,7,28,27,1,6561,22,34,11,22,2,1370
2026-07-19,1071,7,42,40,2,10840,30,58,14,33,2,646
2026-07-19,1072,7,30,29,1,5249,23,29,7,26,1,271
2026-07-19,1073,7,29,27,2,7398,19,32,8,24,2,1032
2026-07-19,1074,7,32,30,2,8010,27,36,9,25,4,2741
2026-07-19,1075,7,27,25,2,5125,19,32,7,19,1,612
2026-07-19,1076,7,29,28,1,8680,21,38,10,26,5,2904
2026-07-19,1077,7,35,33,2,7821,30,44,11,24,4,2725
2026-07-19,1079,8,46,44,2,8800,40,82,20,37,3,1541
2026-07-19,1080,8,44,41,3,13653,39,71,19,35,5,3136
2026-07-19,1082,8,34,32,2,10176,30,48,13,29,3,1477
2026-07-19,1083,8,40,38,2,10184,29,43,11,30,6,3587
2026-07-19,1085,8,47,43,4,10105,40,48,12,40,3,1044
2026-07-19,1086,8,38,36,2,6948,35,41,10,28,3,1311
2026-07-19,1087,8,39,36,3,9936,33,45,11,33,1,273
2026-07-19,1088,8,43,42,1,11466,37,53,14,37,2,816
2026-07-19,1089,8,44,41,3,12095,34,56,15,34,2,768
2026-07-19,1090,8,46,44,2,13112,40,80,20,35,8,3439
2026-07-19,1092,8,35,32,3,9856,29,39,9,29,5,1276
2026-07-19,1093,9,28,28,0,9688,22,23,7,24,0,0
2026-07-19,1094,9,32,29,3,7105,21,57,14,27,0,0
2026-07-19,1095,9,26,25,1,7725,23,21,6,20,0,0
2026-07-19,1096,9,22,21,1,7518,16,26,6,16,0,0
2026-07-19,1097,9,29,28,1,9576,23,34,9,21,0,0
2026-07-19,1098,9,22,22,0,6226,17,32,9,19,0,0
2026-07-19,1099,9,25,24,1,5976,18,39,10,20,0,0
2026-07-19,1100,9,46,45,1,11610,35,70,18,37,0,0
2026-07-19,1101,9,25,24,1,7392,20,21,7,22,0,0
2026-07-19,1102,9,39,38,1,11628,29,43,11,31,0,0
2026-07-19,1103,9,23,23,0,6578,16,32,8,19,0,0
2026-07-19,1104,9,37,34,3,11254,28,60,15,28,0,0
2026-07-19,1105,9,32,31,1,8556,30,46,12,26,0,0
2026-07-19,1106,10,38,35,3,12600,28,37,11,29,4,2769
2026-07-19,1107,10,26,25,1,5475,23,34,8,20,3,1810
2026-07-19,1109,10,23,22,1,6116,16,32,8,19,3,1627
2026-07-19,1110,10,46,42,4,12390,37,57,13,36,4,1325
2026-07-19,1111,10,39,38,1,11628,28,46,12,33,6,2636
2026-07-19,1112,10,38,37,1,12284,32,51,13,34,5,2918
2026-07-19,1113,10,43,42,1,11340,34,74,18,33,6,2661
2026-07-19,1115,10,40,37,3,8991,32,68,15,32,3,1254
2026-07-20,1001,1,92,85,7,18700,79,160,41,73,10,6020
2026-07-20,1002,1,77,73,4,26134,61,93,25,66,5,1601
2026-07-20,1003,1,88,85,3,16575,79,112,30,64,8,2883
2026-07-20,1004,1,57,52,5,9724,49,101,25,47,6,2748
2026-07-20,1005,1,64,63,1,11781,53,72,17,52,10,6428
2026-07-20,1007,1,93,90,3,20070,81,137,37,67,17,5166
2026-07-20,1008,1,94,86,8,24424,63,134,35,79,6,3570
2026-07-20,1009,1,54,53,1,9699,51,58,14,40,10,6825
2026-07-20,1010,1,65,64,1,15488,61,110,29,48,9,6047
2026-07-20,1011,2,80,75,5,18600,63,121,31,70,0,0
2026-07-20,1013,2,95,88,7,16720,82,104,26,68,0,0
2026-07-20,1014,2,83,76,7,24928,72,166,37,62,0,0
2026-07-20,1016,2,62,60,2,14880,43,71,18,50,0,0
2026-07-20,1017,2,73,69,4,23667,51,138,32,62,0,0
2026-07-20,1018,2,73,70,3,16450,63,72,19,55,0,0
2026-07-20,1019,2,52,50,2,15650,36,72,19,38,0,0
2026-07-20,1021,3,68,63,5,12411,52,82,21,58,4,2285
2026-07-20,1022,3,89,84,5,22428,73,114,28,76,5,3177
2026-07-20,1023,3,84,81,3,28026,76,120,30,68,7,4716
2026-07-20,1024,3,92,85,7,27285,82,118,32,68,7,4026
2026-07-20,1025,3,94,91,3,22386,85,135,36,70,9,5665
2026-07-20,1026,3,74,71,3,20306,66,115,28,59,8,4433
2026-07-20,1027,3,46,44,2,12628,42,54,16,39,5,3267
2026-07-20,1029,4,71,65,6,23400,61,62,16,51,0,0
2026-07-20,1030,4,61,60,1,20880,43,88,24,52,0,0
2026-07-20,1031,4,79,77,2,22869,75,79,21,72,0,0
2026-07-20,1032,4,52,50,2,10750,47,71,18,39,0,0
2026-07-20,1033,4,59,55,4,14465,50,106,27,48,0,0
2026-07-20,1034,4,57,53,4,11607,51,92,23,42,0,0
2026-07-20,1035,4,87,86,1,17458,74,129,33,72,0,0
2026-07-20,1036,4,74,68,6,22848,51,87,23,52,0,0
2026-07-20,1037,4,50,47,3,9447,45,88,22,42,0,0
2026-07-20,1038,4,75,72,3,15912,54,72,20,64,0,0
2026-07-20,1039,4,62,60,2,17400,49,104,25,50,0,0
2026-07-20,1040,4,73,68,5,12716,62,118,30,57,0,0
2026-07-20,1041,4,53,48,5,12864,43,86,23,39,0,0
2026-07-20,1042,4,87,80,7,26800,59,121,30,68,0,0
2026-07-20,1043,5,60,59,1,16815,52,59,15,55,0,0
2026-07-20,1044,5,64,60,4,18900,51,79,20,45,0,0
2026-07-20,1045,5,80,76,4,17708,72,96,24,57,0,0
2026-07-20,1046,5,77,71,6,17821,52,109,29,65,0,0
2026-07-20,1047,5,66,62,4,13144,59,94,22,52,0,0
2026-07-20,1048,5,91,90,1,25020,76,77,23,80,0,0
2026-07-20,1049,5,82,78,4,26130,66,99,25,62,0,0
2026-07-20,1050,5,80,78,2,24804,58,163,38,73,0,0
2026-07-20,1051,5,75,70,5,16310,60,83,21,61,0,0
2026-07-20,1052,5,49,45,4,8820,43,64,16,37,0,0
2026-07-20,1053,5,49,48,1,13728,39,59,16,43,0,0
2026-07-20,1055,6,47,44,3,9328,40,71,18,41,0,0
2026-07-20,1056,6,47,45,2,14940,33,82,22,39,0,0
2026-07-20,1057,6,92,85,7,28985,63,98,24,67,0,0
2026-07-20,1058,6,52,51,1,14382,47,83,21,45,0,0
2026-07-20,1060,6,59,56,3,16464,46,75,19,43,0,0
2026-07-20,1061,6,49,48,1,15408,42,56,15,44,0,0
2026-07-20,1062,6,45,41,4,11439,36,43,10,35,0,0
2026-07-20,1065,7,89,83,6,24817,79,112,29,75,15,9778
2026-07-20,1066,7,95,88,7,25960,79,169,42,71,17,7564
2026-07-20,1070,7,80,78,2,18642,56,116,31,73,13,6516
2026-07-20,1071,7,76,75,1,19875,56,96,24,65,14,3581
2026-07-20,1072,7,90,86,4,29068,72,91,24,69,14,6451
2026-07-20,1073,7,52,49,3,10584,44,54,15,40,7,1954
2026-07-20,1074,7,84,80,4,16960,58,104,25,68,7,3105
2026-07-20,1075,7,84,83,1,18841,79,88,22,77,9,3162
2026-07-20,1076,7,71,66,5,12210,63,69,19,56,5,2609
2026-07-20,1077,7,91,89,2,26700,77,162,42,81,9,3161
2026-07-20,1079,8,80,76,4,18012,58,121,31,60,11,6417
2026-07-20,1080,8,81,77,4,21021,66,103,28,65,6,2430
2026-07-20,1082,8,78,74,4,17686,59,139,33,64,8,2841
2026-07-20,1083,8,67,64,3,19776,61,73,18,54,9,5743
2026-07-20,1085,8,48,47,1,16638,41,74,19,38,4,1357
2026-07-20,1086,8,89,83,6,27888,69,102,27,72,10,3447
2026-07-20,1087,8,52,47,5,12267,43,84,22,44,8,3626
2026-07-20,1088,8,49,48,1,9216,42,66,15,39,3,793
2026-07-20,1089,8,63,61,2,18910,45,83,21,48,11,4844
2026-07-20,1090,8,53,50,3,13350,36,70,18,44,7,4271
2026-07-20,1092,8,55,51,4,11985,39,60,18,44,9,2649
2026-07-20,1093,9,49,46,3,9798,45,85,21,42,0,0
2026-07-20,1094,9,45,42,3,11424,39,67,18,34,0,0
2026-07-20,1095,9,65,60,5,13080,58,92,24,52,0,0
2026-07-20,1096,9,60,58,2,17168,55,68,18,43,0,0
2026-07-20,1097,9,47,45,2,15120,35,81,19,37,0,0
2026-07-20,1098,9,86,82,4,27142,66,113,31,66,0,0
2026-07-20,1099,9,82,75,7,21000,73,95,25,64,0,0
2026-07-20,1100,9,88,84,4,15792,68,148,38,64,0,0
2026-07-20,1101,9,70,64,6,18624,52,60,16,56,0,0
2026-07-20,1102,9,65,62,3,19530,47,95,25,58,0,0
2026-07-20,1103,9,84,79,5,22831,70,122,31,61,0,0
2026-07-20,1104,9,71,67,4,14807,64,107,29,58,0,0
2026-07-20,1105,9,54,53,1,13992,42,55,14,44,0,0
2026-07-20,1106,10,83,80,3,18480,74,143,38,63,14,8411
2026-07-20,1107,10,86,83,3,20833,70,145,37,76,7,4427
2026-07-20,1109,10,94,87,7,18009,73,125,31,82,15,7955
2026-07-20,1110,10,95,90,5,20340,71,130,33,67,16,5830
2026-07-20,1111,10,82,81,1,23490,69,137,36,65,12,3471
2026-07-20,1112,10,59,58,1,19314,51,90,25,48,4,2129
2026-07-20,1113,10,72,69,3,20424,66,136,33,64,7,3859
2026-07-20,1115,10,65,59,6,19234,42,82,20,49,10,6561
2026-07-21,1001,1,61,57,4,10317,43,71,19,53,10,2629
2026-07-21,1002,1,68,63,5,11466,51,62,16,58,10,4537
2026-07-21,1003,1,50,48,2,14640,43,68,18,43,3,1402
2026-07-21,1004,1,61,57,4,18924,49,99,24,49,4,1163
2026-07-21,1005,1,55,52,3,17784,48,54,14,48,3,1012
2026-07-21,1007,1,66,61,5,13054,56,78,21,48,5,1651
2026-07-21,1008,1,73,71,2,23643,66,113,28,65,7,4213
2026-07-21,1009,1,74,67,7,15946,55,93,23,60,4,2605
2026-07-21,1010,1,88,87,1,30276,63,106,27,73,11,3848
2026-07-21,1011,2,64,60,4,13140,54,87,23,54,0,0
2026-07-21,1013,2,86,83,3,16434,66,155,39,67,0,0
2026-07-21,1014,2,54,51,3,14127,46,86,21,41,0,0
2026-07-21,1016,2,73,69,4,14904,59,102,28,61,0,0
2026-07-21,1017,2,84,81,3,14742,75,127,34,74,0,0
2026-07-21,1018,2,47,44,3,12936,36,75,20,34,0,0
2026-07-21,1019,2,87,85,2,16745,67,98,25,68,0,0
2026-07-21,1021,3,72,68,4,23324,55,73,19,52,12,3499
2026-07-21,1022,3,90,89,1,28569,75,128,32,81,8,4752
2026-07-21,1023,3,71,70,1,22820,58,66,17,58,4,2734
2026-07-21,1024,3,95,87,8,20445,84,90,24,76,15,5765
2026-07-21,1025,3,50,46,4,10258,33,69,19,37,6,2287
2026-07-21,1026,3,76,74,2,25604,53,126,31,59,9,3691
2026-07-21,1027,3,59,57,2,11799,52,96,27,45,11,6208
2026-07-21,1029,4,54,52,2,12428,44,102,25,44,0,0
2026-07-21,1030,4,61,56,5,12040,43,102,24,53,0,0
2026-07-21,1031,4,75,69,6,24426,62,87,23,55,0,0
2026-07-21,1032,4,67,63,4,15750,57,86,20,57,0,0
2026-07-21,1033,4,62,59,3,13865,46,68,19,46,0,0
2026-07-21,1034,4,56,53,3,17013,46,102,24,43,0,0
2026-07-21,1035,4,48,46,2,13110,40,44,12,37,0,0
2026-07-21,1036,4,82,81,1,15876,71,100,25,64,0,0
2026-07-21,1037,4,89,85,4,23885,70,93,23,66,0,0
2026-07-21,1038,4,62,59,3,21181,50,58,16,50,0,0
2026-07-21,1039,4,78,75,3,18750,57,88,22,57,0,0
2026-07-21,1040,4,82,80,2,22000,63,111,28,75,0,0
2026-07-21,1041,4,80,73,7,19199,60,91,25,63,0,0
2026-07-21,1042,4,65,62,3,18600,54,69,17,49,0,0
2026-07-21,1043,5,71,68,3,17204,61,116,28,60,0,0
2026-07-21,1044,5,59,54,5,15876,44,63,16,44,0,0
2026-07-21,1045,5,75,73,2,23798,62,106,26,62,0,0
2026-07-21,1046,5,54,53,1,17066,43,49,14,43,0,0
2026-07-21,1047,5,64,59,5,14986,47,83,20,45,0,0
2026-07-21,1048,5,69,63,6,14364,61,99,23,54,0,0
2026-07-21,1049,5,87,86,1,18920,79,133,34,75,0,0
2026-07-21,1050,5,80,74,6,15836,68,89,25,66,0,0
2026-07-21,1051,5,45,45,0,11970,41,51,13,35,0,0
2026-07-21,1052,5,72,69,3,15939,55,76,19,55,0,0
2026-07-21,1053,5,46,44,2,8624,33,68,19,36,0,0
2026-07-21,1055,6,74,71,3,23643,57,110,26,64,0,0
2026-07-21,1056,6,88,86,2,18576,83,163,42,80,0,0
2026-07-21,1057,6,56,51,5,13311,46,79,20,44,0,0
2026-07-21,1058,6,56,54,2,14742,44,88,20,49,0,0
2026-07-21,1060,6,63,62,1,17484,56,128,29,49,0,0
2026-07-21,1061,6,52,51,1,10149,44,97,24,39,0,0
2026-07-21,1062,6,53,48,5,13056,43,90,23,41,0,0
2026-07-21,1065,7,51,49,2,12789,45,52,13,43,5,3341
2026-07-21,1066,7,86,84,2,20076,68,127,33,66,11,5642
2026-07-21,1070,7,63,59,4,18762,56,94,24,46,8,5256
2026-07-21,1071,7,55,54,1,14904,44,93,23,42,6,3783
2026-07-21,1072,7,80,79,1,14457,64,153,39,60,10,5783
2026-07-21,1073,7,82,79,3,15721,65,105,26,66,13,5051
2026-07-21,1074,7,52,51,1,16830,46,52,14,44,6,2459
2026-07-21,1075,7,62,61,1,20862,59,102,26,50,6,4028
2026-07-21,1076,7,80,74,6,23088,60,108,28,64,3,873
2026-07-21,1077,7,45,41,4,13120,33,52,14,36,6,3722
2026-07-21,1079,8,70,69,1,19182,59,97,25,63,12,4811
2026-07-21,1080,8,54,52,2,14248,49,66,18,46,6,2147
2026-07-21,1082,8,87,81,6,15714,63,86,20,73,5,2549
2026-07-21,1083,8,86,83,3,24485,69,78,20,75,11,3029
2026-07-21,1085,8,56,55,1,14960,53,59,16,50,7,1785
2026-07-21,1086,8,47,43,4,12083,39,53,14,33,5,2912
2026-07-21,1087,8,55,52,3,16224,44,58,14,45,5,2862
2026-07-21,1088,8,74,72,2,22608,62,74,18,66,13,5453
2026-07-21,1089,8,64,61,3,14701,47,86,22,45,6,2181
2026-07-21,1090,8,74,71,3,20235,65,117,31,59,10,2886
2026-07-21,1092,8,83,78,5,14040,73,129,35,59,5,2137
2026-07-21,1093,9,54,53,1,16059,49,71,18,43,0,0
2026-07-21,1094,9,66,60,6,13380,49,107,27,52,0,0
2026-07-21,1095,9,72,70,2,18130,61,136,34,55,0,0
2026-07-21,1096,9,62,58,4,18444,46,54,17,54,0,0
2026-07-21,1097,9,62,57,5,13224,49,62,17,48,0,0
2026-07-21,1098,9,52,49,3,13524,44,78,20,42,0,0
2026-07-21,1099,9,48,47,1,10575,37,62,14,44,0,0
2026-07-21,1100,9,50,47,3,9682,34,78,20,35,0,0
2026-07-21,1101,9,56,55,1,15125,53,94,25,51,0,0
2026-07-21,1102,9,64,62,2,16988,58,107,26,48,0,0
2026-07-21,1103,9,86,82,4,23616,70,105,27,77,0,0
2026-07-21,1104,9,71,70,1,19670,62,110,29,59,0,0
2026-07-21,1105,9,90,83,7,27390,70,109,27,63,0,0
2026-07-21,1106,10,77,75,2,18900,65,94,24,68,5,2079
2026-07-21,1107,10,77,74,3,19462,72,95,25,62,7,2979
2026-07-21,1109,10,81,76,5,16112,64,127,35,69,6,3574
2026-07-21,1110,10,90,87,3,26796,77,140,40,81,5,1765
2026-07-21,1111,10,74,72,2,20664,60,91,22,58,4,2650
2026-07-21,1112,10,68,63,5,21357,48,111,27,47,5,1590
2026-07-21,1113,10,64,58,6,13862,52,58,14,49,10,6754
2026-07-21,1115,10,63,59,4,15517,57,110,28,49,6,3229
2026-07-22,1001,1,85,82,3,22386,70,94,23,61,4,1989
2026-07-22,1002,1,69,63,6,18900,46,109,26,55,11,3906
2026-07-22,1003,1,91,86,5,28380,82,139,34,64,8,2267
2026-07-22,1004,1,48,44,4,14828,35,58,14,38,7,4746
2026-07-22,1005,1,82,75,7,21150,69,119,33,60,7,1844
2026-07-22,1007,1,50,49,1,13328,39,91,22,42,5,1860
2026-07-22,1008,1,49,45,4,10620,35,72,19,34,5,1912
2026-07-22,1009,1,47,46,1,12466,44,51,13,35,8,3029
2026-07-22,1010,1,93,90,3,16470,79,165,41,82,14,5519
2026-07-22,1011,2,72,68,4,22304,51,87,22,51,0,0
2026-07-22,1013,2,56,53,3,10653,46,49,13,42,0,0
2026-07-22,1014,2,75,69,6,19182,64,103,28,61,0,0
2026-07-22,1016,2,66,63,3,14301,56,63,16,50,0,0
2026-07-22,1017,2,77,75,2,17475,61,88,24,62,0,0
2026-07-22,1018,2,83,76,7,20824,65,118,30,67,0,0
2026-07-22,1019,2,79,77,2,21714,59,122,30,67,0,0
2026-07-22,1021,3,54,52,2,17420,40,49,13,49,5,2950
2026-07-22,1022,3,51,49,2,11123,36,83,20,42,5,2467
2026-07-22,1023,3,94,89,5,19669,69,158,43,72,8,2710
2026-07-22,1024,3,80,75,5,14025,54,128,33,58,14,9413
2026-07-22,1025,3,73,66,7,21384,63,81,20,50,4,1846
2026-07-22,1026,3,92,90,2,16920,76,131,32,74,10,6861
2026-07-22,1027,3,88,82,6,25748,63,153,38,69,5,2570
2026-07-22,1029,4,74,68,6,24140,53,98,26,57,0,0
2026-07-22,1030,4,77,74,3,25308,62,105,25,67,0,0
2026-07-22,1031,4,78,73,5,21462,59,97,25,67,0,0
2026-07-22,1032,4,59,54,5,18198,47,78,20,42,0,0
2026-07-22,1033,4,89,87,2,27405,68,111,27,76,0,0
2026-07-22,1034,4,94,88,6,24112,70,159,43,81,0,0
2026-07-22,1035,4,45,42,3,12306,31,68,16,35,0,0
2026-07-22,1036,4,57,53,4,12773,40,66,17,43,0,0
2026-07-22,1037,4,60,57,3,16131,49,72,18,53,0,0
2026-07-22,1038,4,52,48,4,17184,45,67,16,37,0,0
2026-07-22,1039,4,79,75,4,19875,70,100,25,68,0,0
2026-07-22,1040,4,61,60,1,20700,57,82,21,52,0,0
2026-07-22,1041,4,46,44,2,9504,42,61,15,33,0,0
2026-07-22,1042,4,91,84,7,15960,75,167,40,67,0,0
2026-07-22,1043,5,70,66,4,22110,50,89,22,50,0,0
2026-07-22,1044,5,66,62,4,20646,57,64,17,51,0,0
2026-07-22,1045,5,50,48,2,9264,40,75,19,41,0,0
2026-07-22,1046,5,75,69,6,17526,51,120,29,56,0,0
2026-07-22,1047,5,49,48,1,15072,45,61,15,44,0,0
2026-07-22,1048,5,56,54,2,17064,51,91,24,42,0,0
2026-07-22,1049,5,86,81,5,24543,73,116,29,70,0,0
2026-07-22,1050,5,75,68,7,19924,51,94,24,54,0,0
2026-07-22,1051,5,67,65,2,18200,59,62,17,60,0,0
2026-07-22,1052,5,77,71,6,21300,65,97,25,64,0,0
2026-07-22,1053,5,88,82,6,21484,62,159,40,66,0,0
2026-07-22,1055,6,67,61,6,20984,56,69,19,52,0,0
2026-07-22,1056,6,48,44,4,12760,42,49,11,35,0,0
2026-07-22,1057,6,74,69,5,24633,60,76,17,60,0,0
2026-07-22,1058,6,70,65,5,23075,54,117,27,55,0,0
2026-07-22,1060,6,51,48,3,13680,35,53,12,44,0,0
2026-07-22,1061,6,79,75,4,18825,54,76,20,61,0,0
2026-07-22,1062,6,47,45,2,13680,42,68,17,38,0,0
2026-07-22,1065,7,80,73,7,23944,70,101,26,61,11,6092
2026-07-22,1066,7,93,87,6,24882,68,137,35,69,5,1858
2026-07-22,1070,7,67,66,1,13068,55,75,22,57,13,4930
2026-07-22,1071,7,68,64,4,19584,49,122,30,48,4,2212
2026-07-22,1072,7,72,68,4,20876,64,124,32,58,12,3842
2026-07-22,1073,7,74,67,7,12864,54,98,23,50,9,6138
2026-07-22,1074,7,57,53,4,14946,48,94,24,40,9,3867
2026-07-22,1075,7,86,79,7,15247,60,102,26,60,7,2312
2026-07-22,1076,7,65,61,4,19703,54,92,24,56,4,1475
2026-07-22,1077,7,91,83,8,20335,70,151,41,62,4,1968
2026-07-22,1079,8,67,62,5,20150,49,113,28,52,6,1776
2026-07-22,1080,8,62,60,2,17520,48,87,21,56,6,1564
2026-07-22,1082,8,71,69,2,16146,51,84,21,61,12,3109
2026-07-22,1083,8,57,52,5,17628,50,67,17,47,3,2044
2026-07-22,1085,8,76,71,5,23785,58,101,25,67,11,3475
2026-07-22,1086,8,57,56,1,13720,48,68,16,48,9,3456
2026-07-22,1087,8,73,72,1,22032,52,99,25,55,10,5387
2026-07-22,1088,8,68,64,4,14592,60,83,20,55,6,1630
2026-07-22,1089,8,84,78,6,22386,65,110,27,61,6,4101
2026-07-22,1090,8,81,77,4,20020,64,135,33,72,13,7337
2026-07-22,1092,8,90,86,4,23048,76,80,23,74,16,4288
2026-07-22,1093,9,55,50,5,14000,43,84,19,38,0,0
2026-07-22,1094,9,48,46,2,8280,33,77,20,37,0,0
2026-07-22,1095,9,91,88,3,24552,76,137,35,74,0,0
2026-07-22,1096,9,60,56,4,12544,41,78,20,50,0,0
2026-07-22,1097,9,91,88,3,16368,85,102,25,67,0,0
2026-07-22,1098,9,72,67,5,18090,48,87,22,63,0,0
2026-07-22,1099,9,89,85,4,24990,70,150,40,63,0,0
2026-07-22,1100,9,82,79,3,27413,71,135,34,59,0,0
2026-07-22,1101,9,84,78,6,17862,65,74,20,70,0,0
2026-07-22,1102,9,74,69,5,12834,51,105,26,53,0,0
2026-07-22,1103,9,77,76,1,14364,71,146,37,68,0,0
2026-07-22,1104,9,47,45,2,14895,40,59,16,38,0,0
2026-07-22,1105,9,70,64,6,14720,48,66,17,56,0,0
2026-07-22,1106,10,76,70,6,24290,58,103,25,65,11,6838
2026-07-22,1107,10,74,69,5,14697,55,68,18,63,11,3814
2026-07-22,1109,10,56,53,3,10547,40,47,13,43,10,6351
2026-07-22,1110,10,79,77,2,16940,60,149,38,65,11,5241
2026-07-22,1111,10,91,85,6,18785,76,120,31,70,12,3047
2026-07-22,1112,10,49,46,3,11408,40,40,11,35,5,1255
2026-07-22,1113,10,48,46,2,15042,38,98,22,41,6,3217
2026-07-22,1115,10,95,90,5,17370,84,142,36,82,10,6350
2026-07-23,1001,1,61,59,2,19765,49,60,18,53,10,5349
2026-07-23,1002,1,88,83,5,15687,64,110,27,74,5,2274
2026-07-23,1003,1,93,89,4,31506,68,85,22,79,7,4642
2026-07-23,1004,1,54,51,3,16983,47,52,13,41,8,2685
2026-07-23,1005,1,69,66,3,16302,48,92,24,56,6,3626
2026-07-23,1007,1,59,58,1,13514,48,97,25,45,8,2856
2026-07-23,1008,1,61,58,3,19140,55,60,16,51,5,3436
2026-07-23,1009,1,47,46,1,14674,43,87,22,35,7,2211
2026-07-23,1010,1,51,50,1,9250,45,59,16,44,8,3714
2026-07-23,1011,2,94,85,9,28390,63,121,31,80,0,0
2026-07-23,1013,2,59,57,2,16701,49,68,17,51,0,0
2026-07-23,1014,2,55,54,1,14742,39,72,19,50,0,0
2026-07-23,1016,2,70,68,2,12512,49,98,24,56,0,0
2026-07-23,1017,2,87,83,4,16683,65,140,37,67,0,0
2026-07-23,1018,2,64,62,2,14384,46,110,26,56,0,0
2026-07-23,1019,2,62,59,3,14868,48,59,15,49,0,0
2026-07-23,1021,3,51,50,1,10200,44,66,17,47,6,3952
2026-07-23,1022,3,84,79,5,21725,74,119,28,63,6,3183
2026-07-23,1023,3,57,56,1,12320,48,54,14,52,5,2498
2026-07-23,1024,3,90,85,5,22865,77,90,23,69,14,5393
2026-07-23,1025,3,75,73,2,22995,55,104,25,57,13,3579
2026-07-23,1026,3,81,77,4,20097,73,113,28,63,6,2404
2026-07-23,1027,3,87,79,8,23779,65,93,24,62,13,8174
2026-07-23,1029,4,82,81,1,22518,76,97,26,75,0,0
2026-07-23,1030,4,56,54,2,18306,51,50,14,45,0,0
2026-07-23,1031,4,64,58,6,20764,44,61,17,50,0,0
2026-07-23,1032,4,47,44,3,11748,33,43,11,39,0,0
2026-07-23,1033,4,49,48,1,12336,44,75,18,44,0,0
2026-07-23,1034,4,74,72,2,21888,68,124,32,55,0,0
2026-07-23,1035,4,73,68,5,17000,55,101,26,58,0,0
2026-07-23,1036,4,86,84,2,19068,76,135,35,65,0,0
2026-07-23,1037,4,73,68,5,22848,50,106,27,54,0,0
2026-07-23,1038,4,58,53,5,11925,47,68,17,45,0,0
2026-07-23,1039,4,76,73,3,24674,67,82,20,66,0,0
2026-07-23,1040,4,92,87,5,17052,64,131,34,74,0,0
2026-07-23,1041,4,54,50,4,17550,47,76,20,47,0,0
2026-07-23,1042,4,81,75,6,24750,68,94,22,70,0,0
2026-07-23,1043,5,87,79,8,27492,60,87,22,71,0,0
2026-07-23,1044,5,89,87,2,23925,68,146,36,82,0,0
2026-07-23,1045,5,57,55,2,18150,46,68,16,44,0,0
2026-07-23,1046,5,49,45,4,15255,39,82,21,37,0,0
2026-07-23,1047,5,54,50,4,9550,46,51,13,46,0,0
2026-07-23,1048,5,95,91,4,27573,84,128,33,82,0,0
2026-07-23,1049,5,47,44,3,14344,36,60,15,35,0,0
2026-07-23,1050,5,76,71,5,18105,68,138,35,65,0,0
2026-07-23,1051,5,62,60,2,20880,51,90,23,50,0,0
2026-07-23,1052,5,81,77,4,14014,72,140,37,68,0,0
2026-07-23,1053,5,63,60,3,11460,47,91,24,46,0,0
2026-07-23,1055,6,76,71,5,24850,63,118,30,63,0,0
2026-07-23,1056,6,52,50,2,16250,39,63,15,46,0,0
2026-07-23,1057,6,56,53,3,15105,48,69,18,46,0,0
2026-07-23,1058,6,74,71,3,21726,63,134,32,53,0,0
2026-07-23,1060,6,83,82,1,20172,75,93,24,68,0,0
2026-07-23,1061,6,89,87,2,21663,64,96,26,72,0,0
2026-07-23,1062,6,55,54,1,10476,45,47,13,47,0,0
2026-07-23,1065,7,50,46,4,11822,39,72,20,40,4,1403
2026-07-23,1066,7,91,83,8,18758,74,121,32,63,13,4810
2026-07-23,1070,7,94,86,8,24080,67,115,30,77,13,4274
2026-07-23,1071,7,71,69,2,20976,66,128,32,61,5,3044
2026-07-23,1072,7,49,46,3,9522,44,57,16,36,8,5141
2026-07-23,1073,7,51,48,3,14064,41,55,15,36,7,2754
2026-07-23,1074,7,72,70,2,23240,50,124,32,57,12,3163
2026-07-23,1075,7,56,54,2,18306,42,108,25,42,5,2103
2026-07-23,1076,7,50,46,4,13432,45,67,17,38,5,1669
2026-07-23,1077,7,45,43,2,11997,40,69,19,36,7,4124
2026-07-23,1079,8,90,82,8,29520,71,105,27,65,11,3134
2026-07-23,1080,8,75,69,6,15111,60,69,17,62,6,3218
2026-07-23,1082,8,89,85,4,23460,83,126,33,73,6,3906
2026-07-23,1083,8,49,45,4,14985,33,65,18,38,2,961
2026-07-23,1085,8,68,67,1,19296,52,80,23,62,11,5450
2026-07-23,1086,8,73,72,1,18000,62,124,33,54,14,7236
2026-07-23,1087,8,49,45,4,9225,43,73,18,39,4,2387
2026-07-23,1088,8,80,78,2,16146,74,144,36,65,9,4985
2026-07-23,1089,8,59,55,4,19800,41,87,22,43,7,3745
2026-07-23,1090,8,48,47,1,11797,39,81,18,37,4,1698
2026-07-23,1092,8,61,58,3,18328,47,94,25,52,8,5011
2026-07-23,1093,9,58,53,5,11236,39,80,20,43,0,0
2026-07-23,1094,9,77,72,5,15336,61,83,23,61,0,0
2026-07-23,1095,9,52,49,3,11662,35,78,19,43,0,0
2026-07-23,1096,9,58,53,5,12190,40,95,25,43,0,0
2026-07-23,1097,9,46,42,4,13398,35,74,19,39,0,0
2026-07-23,1098,9,66,62,4,19592,57,69,17,53,0,0
2026-07-23,1099,9,79,77,2,22022,75,137,33,64,0,0
2026-07-23,1100,9,47,46,1,9752,38,41,11,36,0,0
2026-07-23,1101,9,71,66,5,23364,58,95,25,52,0,0
2026-07-23,1102,9,72,71,1,17821,64,99,25,61,0,0
2026-07-23,1103,9,81,78,3,27300,64,117,30,64,0,0
2026-07-23,1104,9,70,67,3,14874,64,105,29,51,0,0
2026-07-23,1105,9,66,63,3,14553,57,117,29,54,0,0
2026-07-23,1106,10,95,89,6,31061,78,115,28,67,15,4464
2026-07-23,1107,10,79,75,4,25950,55,140,37,70,9,2479
2026-07-23,1109,10,68,63,5,12978,56,76,18,55,4,2642
2026-07-23,1110,10,57,53,4,10865,43,81,21,47,3,789
2026-07-23,1111,10,70,65,5,19500,51,77,18,59,9,5504
2026-07-23,1112,10,64,62,2,21886,57,79,19,48,9,5103
2026-07-23,1113,10,68,62,6,14384,55,103,27,52,3,1997
2026-07-23,1115,10,86,78,8,23088,66,103,28,71,8,3952
2026-07-24,1001,1,69,65,4,17030,59,71,18,61,9,3789
2026-07-24,1002,1,82,78,4,16302,67,145,36,67,14,4226
2026-07-24,1003,1,63,59,4,18467,50,51,14,51,7,4532
2026-07-24,1004,1,80,79,1,27018,64,84,22,70,6,4059
2026-07-24,1005,1,87,82,5,29438,62,118,30,77,16,7506
2026-07-24,1007,1,51,50,1,14150,41,100,24,44,9,3306
2026-07-24,1008,1,55,54,1,12204,43,96,25,50,7,2239
2026-07-24,1009,1,54,53,1,16112,47,89,23,44,9,6044
2026-07-24,1010,1,68,63,5,18711,58,93,24,54,10,6161
2026-07-24,1011,2,90,87,3,28449,75,130,32,75,0,0
2026-07-24,1013,2,56,51,5,16932,43,79,18,46,0,0
2026-07-24,1014,2,74,72,2,24480,66,92,21,68,0,0
2026-07-24,1016,2,66,64,2,18752,48,97,26,50,0,0
2026-07-24,1017,2,74,70,4,24500,63,112,28,60,0,0
2026-07-24,1018,2,88,81,7,18630,78,89,23,62,0,0
2026-07-24,1019,2,70,65,5,15535,53,65,16,57,0,0
2026-07-24,1021,3,89,87,2,16182,70,153,38,78,7,2249
2026-07-24,1022,3,58,55,3,11550,49,86,21,42,10,4635
2026-07-24,1023,3,76,69,7,16905,66,61,18,53,3,1806
2026-07-24,1024,3,57,52,5,10140,37,99,25,47,5,2942
2026-07-24,1025,3,69,67,2,23785,62,69,17,53,5,2393
2026-07-24,1026,3,63,60,3,17100,50,64,17,46,7,2500
2026-07-24,1027,3,75,71,4,20022,58,80,21,65,9,5553
2026-07-24,1029,4,53,52,1,10504,49,74,18,43,0,0
2026-07-24,1030,4,72,67,5,22311,61,85,22,57,0,0
2026-07-24,1031,4,81,76,5,26068,65,90,23,61,0,0
2026-07-24,1032,4,53,52,1,13104,48,77,20,43,0,0
2026-07-24,1033,4,89,85,4,15385,82,116,29,77,0,0
2026-07-24,1034,4,55,51,4,11577,45,62,15,39,0,0
2026-07-24,1035,4,74,73,1,16133,59,121,32,58,0,0
2026-07-24,1036,4,78,75,3,24375,56,84,22,56,0,0
2026-07-24,1037,4,63,62,1,14012,49,113,28,50,0,0
2026-07-24,1038,4,84,79,5,25438,63,95,23,63,0,0
2026-07-24,1039,4,68,63,5,19530,60,97,23,49,0,0
2026-07-24,1040,4,65,61,4,20374,59,70,18,53,0,0
2026-07-24,1041,4,78,72,6,22752,58,113,28,68,0,0
2026-07-24,1042,4,70,64,6,15680,58,76,21,60,0,0
2026-07-24,1043,5,55,54,1,15174,51,52,14,44,0,0
2026-07-24,1044,5,59,55,4,10725,48,84,20,50,0,0
2026-07-24,1045,5,48,47,1,15980,36,55,14,37,0,0
2026-07-24,1046,5,72,68,4,19040,58,101,25,55,0,0
2026-07-24,1047,5,81,76,5,22344,67,129,33,71,0,0
2026-07-24,1048,5,65,62,3,20398,48,87,21,56,0,0
2026-07-24,1049,5,95,92,3,17664,76,151,36,83,0,0
2026-07-24,1050,5,86,84,2,17052,69,124,29,78,0,0
2026-07-24,1051,5,67,64,3,22784,47,128,31,51,0,0
2026-07-24,1052,5,81,75,6,17175,58,110,26,57,0,0
2026-07-24,1053,5,85,81,4,24624,62,142,35,71,0,0
2026-07-24,1055,6,67,61,6,11102,53,69,17,46,0,0
2026-07-24,1056,6,67,65,2,21580,54,80,22,54,0,0
2026-07-24,1057,6,80,77,3,25564,58,104,26,59,0,0
2026-07-24,1058,6,61,58,3,10440,45,85,20,50,0,0
2026-07-24,1060,6,72,68,4,21896,64,105,28,53,0,0
2026-07-24,1061,6,79,72,7,13320,65,74,19,55,0,0
2026-07-24,1062,6,49,45,4,10665,41,52,14,37,0,0
2026-07-24,1065,7,77,71,6,21797,58,91,22,57,6,1701
2026-07-24,1066,7,67,62,5,16306,57,107,27,55,8,3123
2026-07-24,1070,7,84,79,5,16274,65,79,19,69,10,2809
2026-07-24,1071,7,95,87,8,27579,64,131,36,78,9,2709
2026-07-24,1072,7,63,62,1,11408,54,95,26,51,12,8027
2026-07-24,1073,7,48,47,1,12314,35,86,21,43,3,1660
2026-07-24,1074,7,91,89,2,28480,80,141,34,76,10,5795
2026-07-24,1075,7,54,51,3,18309,40,73,18,40,4,1497
2026-07-24,1076,7,46,44,2,11352,33,59,16,35,2,1349
2026-07-24,1077,7,87,85,2,23290,64,151,39,77,6,2337
2026-07-24,1079,8,50,48,2,10032,41,51,14,37,3,1630
2026-07-24,1080,8,62,58,4,11484,56,100,26,46,4,1540
2026-07-24,1082,8,53,52,1,16536,46,89,22,43,2,921
2026-07-24,1083,8,75,69,6,15525,58,115,29,54,10,4384
2026-07-24,1085,8,90,83,7,22659,79,110,30,75,13,7342
2026-07-24,1086,8,55,54,1,13608,52,94,24,49,3,1585
2026-07-24,1087,8,77,72,5,22464,52,134,34,56,9,2261
2026-07-24,1088,8,78,71,7,18460,68,118,30,63,4,1758
2026-07-24,1089,8,53,51,2,11832,38,68,19,44,3,1467
2026-07-24,1090,8,69,65,4,16640,47,94,24,54,12,6659
2026-07-24,1092,8,82,77,5,24640,55,78,20,69,11,4640
2026-07-24,1093,9,72,66,6,15708,59,81,20,57,0,0
2026-07-24,1094,9,81,74,7,25456,54,109,27,58,0,0
2026-07-24,1095,9,88,81,7,24705,61,120,31,71,0,0
2026-07-24,1096,9,81,77,4,22561,66,124,34,65,0,0
2026-07-24,1097,9,70,66,4,21318,55,124,30,51,0,0
2026-07-24,1098,9,93,89,4,22161,85,140,35,69,0,0
2026-07-24,1099,9,78,72,6,23904,57,121,30,67,0,0
2026-07-24,1100,9,87,83,4,27390,75,97,23,74,0,0
2026-07-24,1101,9,59,55,4,18205,43,74,19,42,0,0
2026-07-24,1102,9,76,71,5,17963,58,68,18,54,0,0
2026-07-24,1103,9,56,53,3,11819,47,107,26,48,0,0
2026-07-24,1104,9,51,46,5,11362,37,63,15,38,0,0
2026-07-24,1105,9,57,53,4,15052,43,53,13,41,0,0
2026-07-24,1106,10,83,76,7,23408,57,121,30,60,14,9335
2026-07-24,1107,10,91,86,5,19092,72,128,34,80,15,6358
2026-07-24,1109,10,70,64,6,17664,56,65,17,58,7,4074
2026-07-24,1110,10,58,53,5,12084,48,84,24,46,9,5790
2026-07-24,1111,10,68,63,5,19656,59,101,28,56,3,1174
2026-07-24,1112,10,67,65,2,17745,60,78,19,54,6,2315
2026-07-24,1113,10,62,57,5,17613,45,106,28,49,8,2344
2026-07-24,1115,10,47,45,2,13005,40,72,18,34,3,1120
2026-07-25,1001,1,27,25,2,6400,22,46,10,20,3,1718
2026-07-25,1002,1,47,46,1,10488,43,64,17,42,6,2766
2026-07-25,1003,1,23,22,1,5940,16,27,7,20,4,2074
2026-07-25,1004,1,47,43,4,8385,34,75,19,35,8,3802
2026-07-25,1005,1,31,30,1,6510,23,43,12,26,5,3220
2026-07-25,1007,1,29,28,1,7952,21,40,10,24,3,1427
2026-07-25,1008,1,22,22,0,4246,19,30,8,16,3,1506
2026-07-25,1009,1,23,22,1,7018,18,37,9,20,2,992
2026-07-25,1010,1,32,31,1,6138,26,44,11,24,2,1205
2026-07-25,1011,2,29,28,1,9884,24,44,11,25,0,0
2026-07-25,1013,2,37,35,2,7350,26,34,10,28,0,0
2026-07-25,1014,2,28,28,0,9800,24,50,13,25,0,0
2026-07-25,1016,2,28,26,2,6760,21,32,8,20,0,0
2026-07-25,1017,2,24,23,1,7820,18,34,10,17,0,0
2026-07-25,1018,2,38,35,3,9590,27,38,9,31,0,0
2026-07-25,1019,2,29,27,2,6588,25,30,9,23,0,0
2026-07-25,1021,3,46,44,2,10648,31,69,17,40,6,1998
2026-07-25,1022,3,44,43,1,13072,32,57,14,34,7,2352
2026-07-25,1023,3,38,37,1,8584,28,36,10,29,4,1311
2026-07-25,1024,3,43,40,3,7240,33,59,15,36,3,1176
2026-07-25,1025,3,31,29,2,9077,21,26,7,27,3,1165
2026-07-25,1026,3,34,34,0,9622,25,52,12,30,2,1117
2026-07-25,1027,3,35,35,0,8995,25,56,16,31,3,1732
2026-07-25,1029,4,25,24,1,5640,20,25,6,22,0,0
2026-07-25,1030,4,35,33,2,7392,25,29,9,26,0,0
2026-07-25,1031,4,33,32,1,9952,25,57,14,25,0,0
2026-07-25,1032,4,39,37,2,7955,31,73,18,27,0,0
2026-07-25,1033,4,26,25,1,8575,21,35,9,19,0,0
2026-07-25,1034,4,29,27,2,5508,23,27,7,24,0,0
2026-07-25,1035,4,47,44,3,10692,37,54,17,39,0,0
2026-07-25,1036,4,40,37,3,7807,31,44,11,29,0,0
2026-07-25,1037,4,33,32,1,11456,24,55,14,25,0,0
2026-07-25,1038,4,44,41,3,9266,38,74,20,37,0,0
2026-07-25,1039,4,32,31,1,9393,23,32,8,24,0,0
2026-07-25,1040,4,30,29,1,6003,24,43,11,21,0,0
2026-07-25,1041,4,23,22,1,6600,15,33,8,20,0,0
2026-07-25,1042,4,26,24,2,6096,20,43,11,19,0,0
2026-07-25,1043,5,35,32,3,5824,30,37,9,29,0,0
2026-07-25,1044,5,44,40,4,12440,33,52,14,33,0,0
2026-07-25,1045,5,38,35,3,12460,29,58,14,29,0,0
2026-07-25,1046,5,41,39,2,10608,35,47,11,29,0,0
2026-07-25,1047,5,44,42,2,12726,32,62,15,38,0,0
2026-07-25,1048,5,27,27,0,5724,21,38,9,21,0,0
2026-07-25,1049,5,29,28,1,6916,26,48,12,22,0,0
2026-07-25,1050,5,24,23,1,7429,20,27,7,18,0,0
2026-07-25,1051,5,40,40,0,14200,33,78,19,30,0,0
2026-07-25,1052,5,42,40,2,13640,33,57,16,30,0,0
2026-07-25,1053,5,41,39,2,8229,33,65,17,32,0,0
2026-07-25,1055,6,42,39,3,12792,29,67,19,31,0,0
2026-07-25,1056,6,37,35,2,11235,27,52,13,29,0,0
2026-07-25,1057,6,29,27,2,9099,24,40,10,22,0,0
2026-07-25,1058,6,33,32,1,9536,28,47,11,29,0,0
2026-07-25,1060,6,35,34,1,12104,32,48,12,28,0,0
2026-07-25,1061,6,33,32,1,11136,27,41,11,27,0,0
2026-07-25,1062,6,28,26,2,6916,24,34,8,20,0,0
2026-07-25,1065,7,42,41,1,14063,35,44,12,38,6,3844
2026-07-25,1066,7,43,41,2,14555,36,53,12,34,4,2084
2026-07-25,1070,7,40,39,1,12792,35,63,15,31,3,1099
2026-07-25,1071,7,38,37,1,7474,28,34,9,32,4,1844
2026-07-25,1072,7,35,34,1,12104,31,50,12,31,3,1986
2026-07-25,1073,7,43,41,2,10127,33,59,16,34,4,2789
2026-07-25,1074,7,31,30,1,10530,23,42,11,28,2,757
2026-07-25,1075,7,27,26,1,8034,21,29,7,24,2,757
2026-07-25,1076,7,39,38,1,12768,35,58,14,28,2,1317
2026-07-25,1077,7,24,23,1,4830,18,43,10,20,3,1964
2026-07-25,1079,8,34,32,2,6656,23,39,10,24,4,1286
2026-07-25,1080,8,31,30,1,8820,24,41,10,22,3,1004
2026-07-25,1082,8,35,32,3,6400,25,43,11,28,5,2578
2026-07-25,1083,8,41,39,2,9087,28,57,14,36,6,2828
2026-07-25,1085,8,39,36,3,11880,31,37,9,31,5,2442
2026-07-25,1086,8,27,26,1,7956,22,52,12,24,2,663
2026-07-25,1087,8,46,43,3,8729,40,68,19,37,5,3331
2026-07-25,1088,8,30,29,1,9744,27,50,12,22,4,1629
2026-07-25,1089,8,44,44,0,10824,38,86,21,35,8,4924
2026-07-25,1090,8,24,24,0,5376,20,30,8,18,2,516
2026-07-25,1092,8,26,24,2,8040,19,23,6,19,3,1719
2026-07-25,1093,9,29,29,0,9918,23,40,11,27,0,0
2026-07-25,1094,9,35,34,1,7820,27,54,13,28,0,0
2026-07-25,1095,9,32,31,1,10168,22,30,9,26,0,0
2026-07-25,1096,9,40,39,1,11037,31,58,16,30,0,0
2026-07-25,1097,9,22,20,2,4480,16,29,8,15,0,0
2026-07-25,1098,9,36,34,2,7038,27,52,14,29,0,0
2026-07-25,1099,9,39,36,3,11376,28,44,11,31,0,0
2026-07-25,1100,9,36,36,0,12276,27,54,15,27,0,0
2026-07-25,1101,9,34,32,2,8000,28,29,8,29,0,0
2026-07-25,1102,9,34,32,2,6560,26,31,8,30,0,0
2026-07-25,1103,9,30,28,2,7728,26,39,10,24,0,0
2026-07-25,1104,9,47,46,1,14996,43,54,13,39,0,0
2026-07-25,1105,9,32,31,1,9796,30,30,9,28,0,0
2026-07-25,1106,10,28,27,1,5535,21,49,12,22,3,1616
2026-07-25,1107,10,30,28,2,6888,23,29,9,25,5,2023
2026-07-25,1109,10,34,31,3,7905,23,32,8,24,2,849
2026-07-25,1110,10,40,37,3,11581,31,60,17,31,3,762
2026-07-25,1111,10,45,43,2,8428,31,48,13,40,4,2578
2026-07-25,1112,10,40,37,3,7289,26,61,14,33,7,2667
2026-07-25,1113,10,25,24,1,4656,23,39,9,20,3,1316
2026-07-25,1115,10,43,42,1,8526,40,75,20,39,3,1671
2026-07-26,1001,1,24,23,1,4186,16,25,8,17,3,1031
2026-07-26,1002,1,47,43,4,9030,34,63,17,39,6,3958
2026-07-26,1003,1,31,29,2,9831,27,40,11,23,2,991
2026-07-26,1004,1,41,38,3,13642,29,51,14,32,4,1347
2026-07-26,1005,1,23,21,2,4746,20,36,8,16,3,2018
2026-07-26,1007,1,31,29,2,10324,22,41,10,24,3,1228
2026-07-26,1008,1,44,43,1,10578,37,75,19,32,4,2082
2026-07-26,1009,1,38,36,2,9540,31,63,17,32,5,3104
2026-07-26,1010,1,44,43,1,8213,33,62,16,35,6,2301
2026-07-26,1011,2,43,40,3,12480,38,55,13,34,0,0
2026-07-26,1013,2,28,26,2,6188,22,36,9,24,0,0
2026-07-26,1014,2,45,42,3,10584,33,42,11,37,0,0
2026-07-26,1016,2,32,31,1,8494,23,42,10,28,0,0
2026-07-26,1017,2,32,31,1,7440,24,39,12,26,0,0
2026-07-26,1018,2,28,27,1,6588,21,27,7,22,0,0
2026-07-26,1019,2,47,46,1,10166,33,70,16,40,0,0
2026-07-26,1021,3,43,42,1,8190,31,68,17,37,6,3717
2026-07-26,1022,3,36,34,2,11594,28,36,10,32,3,896
2026-07-26,1023,3,45,43,2,12685,32,49,14,34,4,1740
2026-07-26,1024,3,25,24,1,8232,18,29,7,21,3,1873
2026-07-26,1025,3,47,43,4,9374,34,61,14,33,3,1535
2026-07-26,1026,3,31,29,2,9831,21,53,12,27,2,1268
2026-07-26,1027,3,33,31,2,7285,24,45,13,26,2,522
2026-07-26,1029,4,33,31,2,9827,28,31,9,27,0,0
2026-07-26,1030,4,28,27,1,4860,20,39,11,21,0,0
2026-07-26,1031,4,45,44,1,9064,35,38,11,35,0,0
2026-07-26,1032,4,28,27,1,6156,23,30,7,22,0,0
2026-07-26,1033,4,44,41,3,12382,36,74,20,31,0,0
2026-07-26,1034,4,45,41,4,14104,39,41,12,35,0,0
2026-07-26,1035,4,32,31,1,8029,26,59,14,24,0,0
2026-07-26,1036,4,31,30,1,5400,28,24,8,25,0,0
2026-07-26,1037,4,47,45,2,8145,32,66,19,34,0,0
2026-07-26,1038,4,25,25,0,5150,21,27,7,19,0,0
2026-07-26,1039,4,32,30,2,5520,29,49,12,27,0,0
2026-07-26,1040,4,36,33,3,10065,24,55,14,27,0,0
2026-07-26,1041,4,37,34,3,6970,27,57,16,31,0,0
2026-07-26,1042,4,45,43,2,10793,42,64,17,38,0,0
2026-07-26,1043,5,25,23,2,5865,18,45,11,17,0,0
2026-07-26,1044,5,41,38,3,11020,36,66,18,33,0,0
2026-07-26,1045,5,28,26,2,6422,20,29,7,23,0,0
2026-07-26,1046,5,22,21,1,6069,15,15,5,15,0,0
2026-07-26,1047,5,29,27,2,7965,25,46,12,22,0,0
2026-07-26,1048,5,40,39,1,9126,34,51,11,30,0,0
2026-07-26,1049,5,31,31,0,7099,25,37,10,26,0,0
2026-07-26,1050,5,30,29,1,9686,24,46,11,25,0,0
2026-07-26,1051,5,27,25,2,7675,19,47,11,19,0,0
2026-07-26,1052,5,25,24,1,7152,19,48,11,19,0,0
2026-07-26,1053,5,40,38,2,8892,34,38,10,29,0,0
2026-07-26,1055,6,47,44,3,11352,33,60,16,36,0,0
2026-07-26,1056,6,28,26,2,4966,22,41,10,23,0,0
2026-07-26,1057,6,45,44,1,13552,39,77,19,41,0,0
2026-07-26,1058,6,30,30,0,5610,24,50,14,26,0,0
2026-07-26,1060,6,43,40,3,12560,38,76,19,37,0,0
2026-07-26,1061,6,29,28,1,9016,27,32,9,25,0,0
2026-07-26,1062,6,38,35,3,8470,26,47,11,26,0,0
2026-07-26,1065,7,30,30,0,5520,24,46,12,24,2,713
2026-07-26,1066,7,36,33,3,9702,27,66,16,28,2,832
2026-07-26,1070,7,25,24,1,7608,17,25,7,18,2,1287
2026-07-26,1071,7,47,44,3,12144,33,73,19,36,7,2336
2026-07-26,1072,7,28,28,0,6356,25,39,10,25,3,1760
2026-07-26,1073,7,38,35,3,7665,34,62,16,28,2,1379
2026-07-26,1074,7,30,28,2,6384,24,48,13,23,2,1028
2026-07-26,1075,7,47,44,3,14872,39,46,12,33,2,520
2026-07-26,1076,7,34,33,1,7029,28,60,14,25,1,616
2026-07-26,1077,7,38,37,1,12543,27,57,14,31,7,2921
2026-07-26,1079,8,45,43,2,11524,36,59,14,35,6,2600
2026-07-26,1080,8,22,20,2,4700,14,35,9,17,3,2028
2026-07-26,1082,8,24,23,1,6900,18,30,7,20,3,1757
2026-07-26,1083,8,29,28,1,5852,26,44,13,23,2,915
2026-07-26,1085,8,38,37,1,9287,35,70,17,33,6,2649
2026-07-26,1086,8,25,25,0,4625,21,44,10,19,4,2317
2026-07-26,1087,8,29,27,2,9585,22,21,6,20,2,1291
2026-07-26,1088,8,39,37,2,7067,34,59,15,30,2,1034
2026-07-26,1089,8,39,36,3,8100,29,65,16,27,6,2678
2026-07-26,1090,8,46,43,3,13760,38,51,13,34,6,2214
2026-07-26,1092,8,39,36,3,10152,33,37,10,29,2,1026
2026-07-26,1093,9,26,24,2,4704,20,39,11,19,0,0
2026-07-26,1094,9,30,29,1,8149,23,52,11,24,0,0
2026-07-26,1095,9,47,46,1,14858,42,57,13,41,0,0
2026-07-26,1096,9,46,45,1,8415,43,78,19,41,0,0
2026-07-26,1097,9,23,22,1,7392,18,28,7,18,0,0
2026-07-26,1098,9,27,26,1,5876,23,24,6,19,0,0
2026-07-26,1099,9,24,24,0,6072,22,41,11,20,0,0
2026-07-26,1100,9,40,38,2,6992,34,50,12,33,0,0
2026-07-26,1101,9,44,40,4,10560,30,55,13,36,0,0
2026-07-26,1102,9,24,23,1,7590,21,24,6,21,0,0
2026-07-26,1103,9,23,22,1,3982,21,44,10,16,0,0
2026-07-26,1104,9,28,28,0,8624,25,35,10,22,0,0
2026-07-26,1105,9,32,31,1,7099,22,34,8,28,0,0
2026-07-26,1106,10,24,23,1,5175,20,28,7,18,3,1175
2026-07-26,1107,10,32,31,1,9021,28,48,12,23,5,1718
2026-07-26,1109,10,24,24,0,6720,22,43,11,21,3,1917
2026-07-26,1110,10,42,41,1,8159,39,66,17,34,3,1661
2026-07-26,1111,10,23,21,2,4494,20,23,6,17,3,1022
2026-07-26,1112,10,26,25,1,6025,23,40,10,20,4,1156
2026-07-26,1113,10,23,22,1,5060,17,33,8,18,1,256
2026-07-26,1115,10,23,21,2,6216,19,27,6,17,2,920
2026-07-27,1001,1,84,79,5,21488,70,96,24,73,4,1134
2026-07-27,1002,1,82,76,6,25688,66,124,31,65,10,3172
2026-07-27,1003,1,53,52,1,12740,43,93,23,40,10,3358
2026-07-27,1004,1,77,71,6,24921,60,82,20,55,5,1538
2026-07-27,1005,1,94,88,6,17072,86,85,22,76,16,10493
2026-07-27,1007,1,83,76,7,18544,65,119,33,68,7,2221
2026-07-27,1008,1,63,60,3,16920,47,66,16,55,6,3822
2026-07-27,1009,1,75,72,3,19656,63,124,33,56,4,1987
2026-07-27,1010,1,78,74,4,20868,72,141,34,64,13,8753
2026-07-27,1011,2,69,64,5,22144,51,85,23,55,0,0
2026-07-27,1013,2,85,78,7,20436,63,130,34,72,0,0
2026-07-27,1014,2,80,76,4,17176,54,130,34,70,0,0
2026-07-27,1016,2,95,90,5,21600,76,90,24,73,0,0
2026-07-27,1017,2,72,68,4,20604,66,121,29,58,0,0
2026-07-27,1018,2,52,51,1,12801,37,68,17,48,0,0
2026-07-27,1019,2,83,81,2,24624,64,97,24,63,0,0
2026-07-27,1021,3,92,86,6,16684,79,116,26,66,8,3346
2026-07-27,1022,3,66,61,5,20801,46,111,27,49,11,7284
2026-07-27,1023,3,83,77,6,20867,57,134,32,72,5,1297
2026-07-27,1024,3,71,69,2,14766,57,73,21,54,3,1151
2026-07-27,1025,3,53,50,3,14700,44,49,13,45,6,4125
2026-07-27,1026,3,64,62,2,12524,49,115,28,53,3,2005
2026-07-27,1027,3,66,61,5,13176,56,120,30,46,9,5399
2026-07-27,1029,4,58,55,3,15785,48,59,15,41,0,0
2026-07-27,1030,4,83,79,4,24806,67,126,31,68,0,0
2026-07-27,1031,4,77,73,4,19929,57,108,30,61,0,0
2026-07-27,1032,4,46,44,2,10912,41,57,12,38,0,0
2026-07-27,1033,4,55,54,1,13500,42,83,20,44,0,0
2026-07-27,1034,4,95,87,8,28797,64,106,28,66,0,0
2026-07-27,1035,4,63,62,1,22196,45,75,19,52,0,0
2026-07-27,1036,4,91,84,7,19740,82,111,27,76,0,0
2026-07-27,1037,4,51,47,4,15181,44,87,22,43,0,0
2026-07-27,1038,4,46,43,3,12169,37,37,11,36,0,0
2026-07-27,1039,4,65,60,5,11580,49,111,28,56,0,0
2026-07-27,1040,4,88,86,2,19006,78,138,37,76,0,0
2026-07-27,1041,4,47,44,3,14520,36,56,15,40,0,0
2026-07-27,1042,4,71,67,4,18894,49,108,28,58,0,0
2026-07-27,1043,5,72,71,1,24353,52,114,27,58,0,0
2026-07-27,1044,5,77,71,6,19312,66,93,26,61,0,0
2026-07-27,1045,5,72,66,6,21252,50,81,21,52,0,0
2026-07-27,1046,5,92,85,7,28730,70,101,26,72,0,0
2026-07-27,1047,5,78,72,6,14472,66,81,21,57,0,0
2026-07-27,1048,5,67,64,3,18816,53,79,20,58,0,0
2026-07-27,1049,5,72,71,1,25063,63,93,24,55,0,0
2026-07-27,1050,5,90,83,7,20584,60,126,31,65,0,0
2026-07-27,1051,5,45,44,1,11000,36,60,15,35,0,0
2026-07-27,1052,5,53,49,4,10976,41,90,23,42,0,0
2026-07-27,1053,5,74,70,4,22190,56,127,30,59,0,0
2026-07-27,1055,6,53,52,1,12896,42,64,16,40,0,0
2026-07-27,1056,6,53,49,4,9408,44,82,20,44,0,0
2026-07-27,1057,6,78,74,4,26344,70,124,33,58,0,0
2026-07-27,1058,6,60,59,1,21240,48,88,23,45,0,0
2026-07-27,1060,6,50,46,4,10028,36,57,16,42,0,0
2026-07-27,1061,6,81,74,7,16354,67,131,35,66,0,0
2026-07-27,1062,6,61,58,3,11136,41,60,15,51,0,0
2026-07-27,1065,7,77,72,5,16128,68,79,21,63,14,7777
2026-07-27,1066,7,65,61,4,18483,57,80,23,47,8,5065
2026-07-27,1070,7,69,64,5,19328,52,77,21,52,12,6683
2026-07-27,1071,7,95,86,9,27090,75,93,23,76,9,3778
2026-07-27,1072,7,71,67,4,16147,59,124,33,61,4,2314
2026-07-27,1073,7,55,52,3,9412,48,56,15,47,9,4614
2026-07-27,1074,7,90,85,5,18870,70,112,28,68,14,4297
2026-07-27,1075,7,81,78,3,17784,74,125,29,59,10,4419
2026-07-27,1076,7,84,80,4,25760,67,88,22,62,14,6728
2026-07-27,1077,7,67,65,2,19760,50,100,24,56,6,2404
2026-07-27,1079,8,88,84,4,26292,77,160,41,63,12,5055
2026-07-27,1080,8,57,53,4,17384,50,89,24,43,10,2838
2026-07-27,1082,8,58,55,3,13310,48,71,19,51,5,2915
2026-07-27,1083,8,50,49,1,13965,36,61,17,40,4,2457
2026-07-27,1085,8,86,80,6,26800,77,127,32,65,8,2332
2026-07-27,1086,8,95,91,4,31213,75,164,44,84,9,3196
2026-07-27,1087,8,90,85,5,24480,70,146,40,74,16,8073
2026-07-27,1088,8,82,80,2,16240,76,119,30,64,14,7361
2026-07-27,1089,8,91,88,3,31680,68,136,35,76,8,5439
2026-07-27,1090,8,83,80,3,15600,64,104,27,68,4,2085
2026-07-27,1092,8,84,83,1,17347,63,168,40,77,10,6469
2026-07-27,1093,9,73,71,2,22933,52,110,28,65,0,0
2026-07-27,1094,9,55,51,4,13719,37,89,21,42,0,0
2026-07-27,1095,9,66,64,2,15744,61,99,25,57,0,0
2026-07-27,1096,9,84,81,3,14580,68,102,26,65,0,0
2026-07-27,1097,9,90,85,5,23290,79,143,36,77,0,0
2026-07-27,1098,9,89,86,3,17028,77,126,32,70,0,0
2026-07-27,1099,9,55,54,1,12258,48,97,24,49,0,0
2026-07-27,1100,9,50,48,2,12528,39,54,13,38,0,0
2026-07-27,1101,9,74,68,6,16796,58,111,29,60,0,0
2026-07-27,1102,9,68,65,3,18005,54,59,16,59,0,0
2026-07-27,1103,9,75,72,3,15624,65,91,24,62,0,0
2026-07-27,1104,9,51,47,4,15604,38,60,14,42,0,0
2026-07-27,1105,9,88,83,5,24983,77,115,29,62,0,0
2026-07-27,1106,10,80,76,4,19228,57,124,29,68,5,2384
2026-07-27,1107,10,87,79,8,16669,63,140,36,64,12,5129
2026-07-27,1109,10,70,67,3,14204,56,65,18,51,4,1537
2026-07-27,1110,10,94,90,4,18630,65,134,34,72,5,3431
2026-07-27,1111,10,81,80,1,15280,67,94,22,62,15,4980
2026-07-27,1112,10,93,87,6,15747,78,146,40,80,15,9378
2026-07-27,1113,10,64,61,3,19398,51,97,23,48,9,3668
2026-07-27,1115,10,60,59,1,12390,45,101,26,46,5,2954
2026-07-28,1001,1,71,66,5,12474,55,123,31,58,5,1572
2026-07-28,1002,1,87,81,6,27459,75,153,37,71,4,1545
2026-07-28,1003,1,93,85,8,19550,72,120,29,80,11,3543
2026-07-28,1004,1,56,52,4,17056,38,83,20,46,8,4731
2026-07-28,1005,1,68,63,5,18459,51,76,21,59,7,2297
2026-07-28,1007,1,87,85,2,27030,65,153,38,77,8,2791
2026-07-28,1008,1,72,69,3,16353,55,130,33,65,8,3090
2026-07-28,1009,1,76,74,2,21534,61,112,29,65,14,5710
2026-07-28,1010,1,66,61,5,12444,59,81,20,55,8,5183
2026-07-28,1011,2,50,49,1,17003,35,64,15,45,0,0
2026-07-28,1013,2,94,88,6,30448,83,101,24,72,0,0
2026-07-28,1014,2,88,80,8,25520,74,93,24,68,0,0
2026-07-28,1016,2,55,54,1,12744,48,85,23,49,0,0
2026-07-28,1017,2,90,82,8,16072,70,117,27,69,0,0
2026-07-28,1018,2,61,60,1,11280,47,82,21,55,0,0
2026-07-28,1019,2,68,64,4,18304,46,105,27,53,0,0
2026-07-28,1021,3,60,56,4,18032,43,65,15,51,10,2655
2026-07-28,1022,3,82,76,6,24928,65,95,24,58,11,5637
2026-07-28,1023,3,57,53,4,17172,45,82,20,44,4,2398
2026-07-28,1024,3,90,82,8,19352,76,157,40,68,8,4134
2026-07-28,1025,3,93,86,7,26230,82,174,42,68,14,8381
2026-07-28,1026,3,81,74,7,18944,64,96,24,67,3,1744
2026-07-28,1027,3,93,84,9,24360,74,122,33,66,14,7045
2026-07-28,1029,4,73,68,5,17816,59,111,29,59,0,0
2026-07-28,1030,4,48,45,3,14040,42,41,11,40,0,0
2026-07-28,1031,4,56,52,4,16952,45,53,15,48,0,0
2026-07-28,1032,4,63,59,4,13511,43,55,16,48,0,0
2026-07-28,1033,4,83,78,5,14586,59,76,19,69,0,0
2026-07-28,1034,4,89,87,2,18183,75,96,23,79,0,0
2026-07-28,1035,4,55,50,5,15850,40,67,16,40,0,0
2026-07-28,1036,4,83,78,5,22620,68,139,36,61,0,0
2026-07-28,1037,4,70,65,5,18395,48,90,23,59,0,0
2026-07-28,1038,4,81,75,6,18075,55,125,33,60,0,0
2026-07-28,1039,4,65,59,6,15340,48,90,26,47,0,0
2026-07-28,1040,4,61,56,5,18088,42,94,23,45,0,0
2026-07-28,1041,4,47,45,2,12825,38,58,15,37,0,0
2026-07-28,1042,4,80,73,7,16425,69,105,28,57,0,0
2026-07-28,1043,5,88,86,2,24338,76,125,33,81,0,0
2026-07-28,1044,5,64,62,2,16430,46,64,16,56,0,0
2026-07-28,1045,5,45,45,0,9990,36,69,18,42,0,0
2026-07-28,1046,5,91,86,5,23048,78,139,36,73,0,0
2026-07-28,1047,5,52,49,3,12103,38,94,24,40,0,0
2026-07-28,1048,5,49,48,1,12000,38,63,17,39,0,0
2026-07-28,1049,5,83,81,2,23976,60,131,35,74,0,0
2026-07-28,1050,5,46,43,3,13373,37,51,13,34,0,0
2026-07-28,1051,5,95,91,4,23205,69,103,28,71,0,0
2026-07-28,1052,5,74,73,1,21608,62,74,20,56,0,0
2026-07-28,1053,5,58,56,2,19208,41,79,19,51,0,0
2026-07-28,1055,6,51,48,3,9648,42,80,20,38,0,0
2026-07-28,1056,6,51,48,3,9264,44,71,18,42,0,0
2026-07-28,1057,6,91,83,8,24568,77,117,29,75,0,0
2026-07-28,1058,6,74,71,3,19596,58,69,17,55,0,0
2026-07-28,1060,6,94,88,6,19536,82,99,24,77,0,0
2026-07-28,1061,6,73,71,2,18460,69,136,32,55,0,0
2026-07-28,1062,6,53,51,2,16320,44,90,22,45,0,0
2026-07-28,1065,7,57,55,2,10670,43,99,26,51,6,2371
2026-07-28,1066,7,81,75,6,24300,60,102,25,60,6,2501
2026-07-28,1070,7,56,53,3,10388,44,84,22,42,5,3389
2026-07-28,1071,7,73,67,6,22043,48,102,27,60,11,3147
2026-07-28,1072,7,84,76,8,17784,71,146,37,64,14,3958
2026-07-28,1073,7,61,59,2,16107,46,103,27,55,10,5701
2026-07-28,1074,7,63,60,3,17040,48,77,21,47,4,2076
2026-07-28,1075,7,47,43,4,12083,40,47,11,39,4,1188
2026-07-28,1076,7,58,55,3,10340,42,67,16,51,10,3670
2026-07-28,1077,7,54,52,2,16068,42,55,13,43,3,962
2026-07-28,1079,8,64,62,2,15190,55,112,29,50,11,4237
2026-07-28,1080,8,66,61,5,21289,58,63,15,49,7,3270
2026-07-28,1082,8,56,54,2,12258,44,57,15,48,2,913
2026-07-28,1083,8,82,80,2,22080,57,107,27,70,12,3161
2026-07-28,1085,8,57,52,5,11804,41,103,25,41,8,4249
2026-07-28,1086,8,49,46,3,13846,34,70,20,38,4,1911
2026-07-28,1087,8,71,70,1,15820,56,102,25,64,5,2183
2026-07-28,1088,8,83,81,2,24786,60,111,26,67,10,3409
2026-07-28,1089,8,53,49,4,11613,35,75,19,43,7,3816
2026-07-28,1090,8,57,55,2,12430,43,55,14,47,9,3239
2026-07-28,1092,8,72,71,1,14626,58,94,25,63,9,4254
2026-07-28,1093,9,80,74,6,13394,63,131,36,64,0,0
2026-07-28,1094,9,56,53,3,14045,46,82,21,44,0,0
2026-07-28,1095,9,70,67,3,20100,51,101,25,63,0,0
2026-07-28,1096,9,80,77,3,26873,62,106,29,58,0,0
2026-07-28,1097,9,45,41,4,13981,33,45,12,36,0,0
2026-07-28,1098,9,52,49,3,16709,39,60,15,38,0,0
2026-07-28,1099,9,93,86,7,24854,68,142,35,73,0,0
2026-07-28,1100,9,69,67,2,13065,50,96,24,59,0,0
2026-07-28,1101,9,92,84,8,27468,64,91,23,77,0,0
2026-07-28,1102,9,59,56,3,12880,41,100,25,46,0,0
2026-07-28,1103,9,56,53,3,10547,44,66,16,41,0,0
2026-07-28,1104,9,60,58,2,13978,42,114,27,50,0,0
2026-07-28,1105,9,70,65,5,18135,61,82,21,59,0,0
2026-07-28,1106,10,79,76,3,19456,72,84,23,71,5,1345
2026-07-28,1107,10,77,73,4,15987,61,137,32,67,6,1657
2026-07-28,1109,10,64,63,1,20979,50,105,26,50,11,7195
2026-07-28,1110,10,87,84,3,16464,72,131,35,72,5,3259
2026-07-28,1111,10,71,66,5,15114,50,117,30,55,5,1252
2026-07-28,1112,10,54,51,3,10659,42,73,18,38,3,1995
2026-07-28,1113,10,93,89,4,23496,70,127,32,83,9,2952
2026-07-28,1115,10,76,72,4,20016,69,113,29,55,9,3429
2026-07-29,1001,1,81,75,6,21975,54,96,25,66,12,6091
2026-07-29,1002,1,81,78,3,26442,62,111,27,66,13,4467
2026-07-29,1003,1,50,46,4,13754,41,50,13,36,8,3997
2026-07-29,1004,1,52,50,2,11850,37,65,15,44,6,2215
2026-07-29,1005,1,68,64,4,15424,59,83,19,49,5,2685
2026-07-29,1007,1,65,61,4,15006,47,89,21,54,8,3602
2026-07-29,1008,1,63,59,4,21122,57,83,20,54,3,1278
2026-07-29,1009,1,63,62,1,21762,49,77,19,52,12,4964
2026-07-29,1010,1,88,82,6,18778,74,132,36,73,5,2811
2026-07-29,1011,2,52,51,1,17034,48,49,13,45,0,0
2026-07-29,1013,2,62,57,5,16872,48,80,20,45,0,0
2026-07-29,1014,2,94,90,4,29700,87,119,32,74,0,0
2026-07-29,1016,2,55,50,5,15100,38,81,20,38,0,0
2026-07-29,1017,2,78,73,5,17374,67,95,25,55,0,0
2026-07-29,1018,2,78,73,5,15330,62,89,22,62,0,0
2026-07-29,1019,2,57,56,1,18480,47,76,18,47,0,0
2026-07-29,1021,3,86,82,4,15990,70,105,28,64,10,6861
2026-07-29,1022,3,47,46,1,13202,41,65,19,40,9,3825
2026-07-29,1023,3,55,50,5,17650,38,87,22,43,4,1366
2026-07-29,1024,3,52,51,1,12393,44,55,14,44,6,2566
2026-07-29,1025,3,82,78,4,22854,62,88,24,61,14,5472
2026-07-29,1026,3,79,73,6,19491,54,100,24,69,13,4160
2026-07-29,1027,3,50,47,3,10622,41,93,23,35,8,3519
2026-07-29,1029,4,54,49,5,14749,43,49,13,45,0,0
2026-07-29,1030,4,73,69,4,19251,67,108,28,64,0,0
2026-07-29,1031,4,94,91,3,28210,87,98,25,85,0,0
2026-07-29,1032,4,76,72,4,21456,61,132,34,62,0,0
2026-07-29,1033,4,92,89,3,25454,69,97,24,75,0,0
2026-07-29,1034,4,57,56,1,14952,49,106,26,48,0,0
2026-07-29,1035,4,74,68,6,13124,49,57,17,60,0,0
2026-07-29,1036,4,77,75,2,18000,59,143,35,67,0,0
2026-07-29,1037,4,87,82,5,17876,72,150,39,68,0,0
2026-07-29,1038,4,81,80,1,17200,61,104,27,66,0,0
2026-07-29,1039,4,56,51,5,12189,43,83,20,42,0,0
2026-07-29,1040,4,54,52,2,12272,38,96,23,39,0,0
2026-07-29,1041,4,84,81,3,17172,75,128,33,64,0,0
2026-07-29,1042,4,89,84,5,28728,63,100,24,74,0,0
2026-07-29,1043,5,91,89,2,26967,69,90,25,77,0,0
2026-07-29,1044,5,78,73,5,13797,56,92,24,55,0,0
2026-07-29,1045,5,76,72,4,17568,59,141,35,63,0,0
2026-07-29,1046,5,81,78,3,20904,61,138,35,69,0,0
2026-07-29,1047,5,55,53,2,13409,50,94,22,40,0,0
2026-07-29,1048,5,58,55,3,18260,50,77,20,50,0,0
2026-07-29,1049,5,80,75,5,16950,64,75,20,68,0,0
2026-07-29,1050,5,59,58,1,20532,51,106,26,46,0,0
2026-07-29,1051,5,46,45,1,14805,37,81,21,34,0,0
2026-07-29,1052,5,54,53,1,13515,45,60,15,49,0,0
2026-07-29,1053,5,54,52,2,10816,44,55,14,43,0,0
2026-07-29,1055,6,92,88,4,18128,69,120,32,78,0,0
2026-07-29,1056,6,46,45,1,8550,44,85,19,40,0,0
2026-07-29,1057,6,58,54,4,13446,51,87,22,49,0,0
2026-07-29,1058,6,94,90,4,29070,75,87,23,72,0,0
2026-07-29,1060,6,79,77,2,26411,74,80,21,72,0,0
2026-07-29,1061,6,62,58,4,15486,50,94,22,44,0,0
2026-07-29,1062,6,84,77,7,18480,67,153,38,61,0,0
2026-07-29,1065,7,59,58,1,11136,52,74,19,44,6,2965
2026-07-29,1066,7,85,78,7,18642,58,117,32,71,4,2421
2026-07-29,1070,7,91,89,2,24030,74,85,23,67,15,5112
2026-07-29,1071,7,46,42,4,11130,39,60,17,36,7,2184
2026-07-29,1072,7,69,66,3,17226,59,70,18,58,4,2767
2026-07-29,1073,7,95,92,3,25668,74,131,34,83,7,3730
2026-07-29,1074,7,74,68,6,14008,66,85,21,58,11,5909
2026-07-29,1075,7,64,60,4,17880,45,93,23,51,7,2819
2026-07-29,1076,7,62,57,5,12312,41,98,26,44,5,1904
2026-07-29,1077,7,51,47,4,12361,40,43,11,37,2,646
2026-07-29,1079,8,50,49,1,16170,40,53,13,42,7,3533
2026-07-29,1080,8,90,85,5,28730,80,166,42,68,6,3306
2026-07-29,1082,8,51,49,2,9163,40,92,23,36,7,3335
2026-07-29,1083,8,73,67,6,22981,53,68,19,63,6,2114
2026-07-29,1085,8,46,45,1,13275,41,43,12,34,6,1687
2026-07-29,1086,8,89,86,3,17114,80,96,24,72,10,6779
2026-07-29,1087,8,83,82,1,28700,61,87,23,69,7,1865
2026-07-29,1088,8,88,83,5,17181,66,144,36,63,15,8775
2026-07-29,1089,8,78,76,2,25764,56,139,36,60,4,1097
2026-07-29,1090,8,45,44,1,15136,40,76,19,40,8,4165
2026-07-29,1092,8,65,62,3,18724,54,84,22,46,3,1107
2026-07-29,1093,9,47,44,3,13112,41,72,17,33,0,0
2026-07-29,1094,9,93,89,4,26522,76,108,28,80,0,0
2026-07-29,1095,9,48,44,4,8184,34,41,11,37,0,0
2026-07-29,1096,9,68,67,1,21976,48,116,33,56,0,0
2026-07-29,1097,9,66,60,6,14460,57,95,24,45,0,0
2026-07-29,1098,9,87,83,4,26975,60,90,23,78,0,0
2026-07-29,1099,9,66,60,6,14640,52,105,26,51,0,0
2026-07-29,1100,9,47,45,2,15165,38,45,13,39,0,0
2026-07-29,1101,9,65,60,5,10860,47,83,21,47,0,0
2026-07-29,1102,9,88,81,7,22032,71,90,23,71,0,0
2026-07-29,1103,9,55,50,5,14100,45,79,19,46,0,0
2026-07-29,1104,9,68,66,2,16500,55,137,32,54,0,0
2026-07-29,1105,9,66,64,2,22720,46,114,28,51,0,0
2026-07-29,1106,10,71,66,5,20328,62,112,27,60,10,6579
2026-07-29,1107,10,89,83,6,22991,73,153,37,74,10,5544
2026-07-29,1109,10,92,84,8,23604,63,111,27,75,6,2537
2026-07-29,1110,10,58,57,1,16359,52,104,28,48,4,1729
2026-07-29,1111,10,57,56,1,19208,42,74,20,51,7,2670
2026-07-29,1112,10,64,59,5,18290,45,78,19,49,3,819
2026-07-29,1113,10,54,50,4,14500,46,83,22,38,8,2492
2026-07-29,1115,10,57,55,2,10340,51,92,24,44,8,2082
2026-07-30,1001,1,67,63,4,22050,58,105,27,55,8,4354
2026-07-30,1002,1,83,79,4,16037,73,104,28,59,12,7529
2026-07-30,1003,1,65,64,1,17984,46,78,20,57,12,3919
2026-07-30,1004,1,53,49,4,11809,42,71,19,46,4,1337
2026-07-30,1005,1,71,68,3,12648,66,77,19,56,4,2594
2026-07-30,1007,1,64,63,1,18585,54,69,16,54,9,3090
2026-07-30,1008,1,84,83,1,22576,79,118,35,67,4,2403
2026-07-30,1009,1,94,87,7,28449,63,140,36,71,9,4863
2026-07-30,1010,1,48,46,2,14720,37,86,20,37,3,1479
2026-07-30,1011,2,59,58,1,17864,52,108,27,53,0,0
2026-07-30,1013,2,45,42,3,11424,31,76,20,35,0,0
2026-07-30,1014,2,88,80,8,23360,59,106,26,60,0,0
2026-07-30,1016,2,64,63,1,20160,50,120,28,56,0,0
2026-07-30,1017,2,71,66,5,13266,58,111,26,56,0,0
2026-07-30,1018,2,60,57,3,14250,51,92,26,52,0,0
2026-07-30,1019,2,89,83,6,19754,64,152,39,70,0,0
2026-07-30,1021,3,60,57,3,11685,51,78,19,52,4,2160
2026-07-30,1022,3,59,54,5,15120,50,110,26,45,9,5041
2026-07-30,1023,3,45,41,4,9143,34,75,19,38,5,1987
2026-07-30,1024,3,81,75,6,25275,70,72,20,66,5,3194
2026-07-30,1025,3,84,77,7,17633,62,76,20,62,14,8736
2026-07-30,1026,3,87,85,2,29750,77,133,32,67,6,4098
2026-07-30,1027,3,79,77,2,27412,68,118,29,61,7,3711
2026-07-30,1029,4,70,66,4,22110,63,91,23,59,0,0
2026-07-30,1030,4,75,69,6,22149,60,108,25,62,0,0
2026-07-30,1031,4,85,83,2,27722,61,86,21,64,0,0
2026-07-30,1032,4,87,80,7,27920,69,96,24,73,0,0
2026-07-30,1033,4,92,83,9,18260,64,76,21,64,0,0
2026-07-30,1034,4,95,86,9,21156,78,130,32,68,0,0
2026-07-30,1035,4,48,44,4,11308,32,43,12,37,0,0
2026-07-30,1036,4,85,78,7,18876,59,151,38,66,0,0
2026-07-30,1037,4,62,59,3,12626,42,62,17,49,0,0
2026-07-30,1038,4,46,43,3,13803,35,45,11,32,0,0
2026-07-30,1039,4,55,50,5,17800,39,74,20,40,0,0
2026-07-30,1040,4,50,48,2,11952,36,98,23,43,0,0
2026-07-30,1041,4,85,78,7,14274,70,158,37,73,0,0
2026-07-30,1042,4,74,70,4,15820,64,116,30,61,0,0
2026-07-30,1043,5,48,47,1,12126,35,56,15,42,0,0
2026-07-30,1044,5,63,58,5,11484,55,64,17,49,0,0
2026-07-30,1045,5,89,86,3,24424,75,159,40,70,0,0
2026-07-30,1046,5,80,79,1,14457,77,97,26,69,0,0
2026-07-30,1047,5,76,73,3,15549,67,123,33,54,0,0
2026-07-30,1048,5,56,54,2,18198,46,86,23,47,0,0
2026-07-30,1049,5,82,78,4,19500,73,139,35,60,0,0
2026-07-30,1050,5,77,72,5,18792,53,105,27,63,0,0
2026-07-30,1051,5,47,46,1,10534,34,88,22,37,0,0
2026-07-30,1052,5,95,93,2,30039,79,150,41,69,0,0
2026-07-30,1053,5,88,85,3,20995,80,87,23,64,0,0
2026-07-30,1055,6,64,59,5,14868,52,85,21,54,0,0
2026-07-30,1056,6,76,72,4,23688,66,112,29,60,0,0
2026-07-30,1057,6,85,77,8,19943,57,140,36,69,0,0
2026-07-30,1058,6,86,81,5,22599,66,102,27,67,0,0
2026-07-30,1060,6,70,64,6,21824,59,50,16,53,0,0
2026-07-30,1061,6,71,69,2,13386,59,97,26,63,0,0
2026-07-30,1062,6,69,68,1,16864,63,105,28,60,0,0
2026-07-30,1065,7,88,86,2,16340,70,150,37,72,11,6926
2026-07-30,1066,7,58,56,2,19768,50,92,22,46,9,2915
2026-07-30,1070,7,45,42,3,12600,39,75,18,31,8,2227
2026-07-30,1071,7,93,87,6,27666,84,167,40,69,13,6582
2026-07-30,1072,7,83,77,6,15862,64,80,22,59,15,10124
2026-07-30,1073,7,65,63,2,14364,52,114,28,56,4,1335
2026-07-30,1074,7,51,47,4,14899,36,80,22,43,6,2059
2026-07-30,1075,7,82,81,1,22032,75,93,24,74,5,3466
2026-07-30,1076,7,66,65,1,19240,49,78,20,55,5,2410
2026-07-30,1077,7,59,54,5,16740,42,51,15,48,9,5536
2026-07-30,1079,8,45,42,3,10962,35,51,13,35,4,2675
2026-07-30,1080,8,84,79,5,27571,67,106,29,59,6,2638
2026-07-30,1082,8,50,47,3,13583,40,87,21,36,3,1527
2026-07-30,1083,8,69,63,6,13293,48,91,24,57,3,991
2026-07-30,1085,8,49,45,4,13680,39,48,12,35,5,2423
2026-07-30,1086,8,91,85,6,23970,78,96,25,66,13,7826
2026-07-30,1087,8,74,73,1,21389,70,92,23,59,13,8281
2026-07-30,1088,8,52,48,4,9936,46,76,20,40,8,2017
2026-07-30,1089,8,65,60,5,16500,56,111,27,53,5,1728
2026-07-30,1090,8,46,43,3,12771,36,46,12,33,8,2311
2026-07-30,1092,8,80,74,6,26344,53,123,34,68,7,2377
2026-07-30,1093,9,63,59,4,20237,45,89,21,45,0,0
2026-07-30,1094,9,68,63,5,15813,45,60,15,52,0,0
2026-07-30,1095,9,85,82,3,17056,59,92,24,74,0,0
2026-07-30,1096,9,78,77,1,19635,56,91,26,65,0,0
2026-07-30,1097,9,63,60,3,18960,46,80,22,49,0,0
2026-07-30,1098,9,81,76,5,23408,56,144,37,67,0,0
2026-07-30,1099,9,64,61,3,17141,54,97,23,51,0,0
2026-07-30,1100,9,70,64,6,20672,55,72,20,60,0,0
2026-07-30,1101,9,63,59,4,11387,53,78,18,54,0,0
2026-07-30,1102,9,84,82,2,24436,67,113,30,64,0,0
2026-07-30,1103,9,87,80,7,27520,60,131,36,63,0,0
2026-07-30,1104,9,87,84,3,15120,74,100,26,75,0,0
2026-07-30,1105,9,89,83,6,16268,67,156,40,75,0,0
2026-07-30,1106,10,65,62,3,20708,49,86,21,47,7,3299
2026-07-30,1107,10,75,73,2,24893,62,132,35,62,14,7733
2026-07-30,1109,10,68,62,6,19468,51,99,26,46,7,2537
2026-07-30,1110,10,80,78,2,16380,66,99,26,58,14,8068
2026-07-30,1111,10,65,61,4,12444,47,112,29,50,8,5084
2026-07-30,1112,10,91,88,3,28864,82,100,27,73,8,2451
2026-07-30,1113,10,59,54,5,18252,48,67,19,46,7,4200
2026-07-30,1115,10,89,85,4,28220,78,139,34,80,14,7735
2026-07-31,1001,1,68,64,4,13696,57,89,23,51,8,4402
2026-07-31,1002,1,94,91,3,24843,67,158,43,70,11,7389
2026-07-31,1003,1,79,73,6,14746,65,97,25,59,7,4112
2026-07-31,1004,1,95,92,3,25576,83,137,36,72,7,2884
2026-07-31,1005,1,54,49,5,16121,47,97,23,41,5,2123
2026-07-31,1007,1,46,44,2,9196,37,81,20,39,8,2990
2026-07-31,1008,1,65,62,3,17484,50,86,20,48,7,2216
2026-07-31,1009,1,53,49,4,16513,47,92,22,36,8,3134
2026-07-31,1010,1,55,54,1,19278,46,63,16,48,7,3714
2026-07-31,1011,2,48,45,3,10890,40,86,21,39,0,0
2026-07-31,1013,2,88,86,2,21586,68,128,32,81,0,0
2026-07-31,1014,2,88,85,3,24395,64,154,37,70,0,0
2026-07-31,1016,2,58,57,1,16530,50,85,22,49,0,0
2026-07-31,1017,2,58,54,4,16470,39,76,19,45,0,0
2026-07-31,1018,2,94,85,9,18955,65,138,34,76,0,0
2026-07-31,1019,2,78,74,4,23828,60,75,20,60,0,0
2026-07-31,1021,3,55,51,4,12597,37,88,23,39,9,6073
2026-07-31,1022,3,56,55,1,10505,50,75,20,46,6,2731
2026-07-31,1023,3,55,53,2,11501,45,79,20,44,3,1994
2026-07-31,1024,3,63,57,6,10431,43,67,19,43,9,3480
2026-07-31,1025,3,74,71,3,15478,63,85,22,53,5,1812
2026-07-31,1026,3,83,78,5,21996,64,159,38,72,15,8860
2026-07-31,1027,3,49,45,4,14985,43,64,17,36,3,913
2026-07-31,1029,4,73,70,3,22120,50,110,29,65,0,0
2026-07-31,1030,4,57,53,4,14734,46,97,24,45,0,0
2026-07-31,1031,4,45,44,1,11704,32,60,15,38,0,0
2026-07-31,1032,4,92,87,5,29580,72,135,34,72,0,0
2026-07-31,1033,4,66,64,2,19328,50,64,16,60,0,0
2026-07-31,1034,4,84,77,7,18172,67,138,34,69,0,0
2026-07-31,1035,4,64,62,2,15748,55,112,28,46,0,0
2026-07-31,1036,4,67,62,5,14880,48,67,18,47,0,0
2026-07-31,1037,4,48,46,2,13110,39,45,12,42,0,0
2026-07-31,1038,4,74,73,1,13797,66,78,20,58,0,0
2026-07-31,1039,4,95,90,5,22410,74,128,32,78,0,0
2026-07-31,1040,4,93,86,7,30186,69,124,31,70,0,0
2026-07-31,1041,4,57,56,1,19656,52,64,16,45,0,0
2026-07-31,1042,4,46,44,2,15224,42,58,16,40,0,0
2026-07-31,1043,5,84,77,7,19789,73,85,22,60,0,0
2026-07-31,1044,5,85,80,5,25520,77,98,24,61,0,0
2026-07-31,1045,5,92,87,5,28884,65,127,33,70,0,0
2026-07-31,1046,5,73,66,7,12540,64,123,32,56,0,0
2026-07-31,1047,5,66,62,4,14322,46,112,26,55,0,0
2026-07-31,1048,5,48,45,3,9720,35,48,12,40,0,0
2026-07-31,1049,5,83,80,3,26960,76,134,35,74,0,0
2026-07-31,1050,5,63,58,5,19778,52,80,22,51,0,0
2026-07-31,1051,5,53,52,1,18200,40,57,15,48,0,0
2026-07-31,1052,5,81,78,3,20358,59,127,35,70,0,0
2026-07-31,1053,5,54,53,1,17119,38,45,13,42,0,0
2026-07-31,1055,6,68,64,4,22400,47,113,29,59,0,0
2026-07-31,1056,6,91,84,7,16968,65,116,28,76,0,0
2026-07-31,1057,6,60,55,5,17105,41,68,18,48,0,0
2026-07-31,1058,6,48,45,3,9225,33,52,16,33,0,0
2026-07-31,1060,6,60,58,2,10498,46,57,14,50,0,0
2026-07-31,1061,6,92,89,3,24208,68,136,34,73,0,0
2026-07-31,1062,6,92,88,4,19008,66,169,40,72,0,0
2026-07-31,1065,7,67,63,4,13041,52,79,20,53,10,6989
2026-07-31,1066,7,50,46,4,12144,35,62,16,41,3,1194
2026-07-31,1070,7,53,48,5,10416,45,61,18,36,6,1816
2026-07-31,1071,7,79,75,4,23775,65,134,35,70,14,5243
2026-07-31,1072,7,76,72,4,20808,68,121,30,54,12,5834
2026-07-31,1073,7,68,65,3,16315,61,63,18,59,6,3444
2026-07-31,1074,7,79,74,5,17020,54,121,28,68,7,4480
2026-07-31,1075,7,88,86,2,22704,81,152,41,67,7,2633
2026-07-31,1076,7,55,52,3,9672,38,68,18,46,9,5007
2026-07-31,1077,7,85,78,7,14430,58,98,24,59,11,3540
2026-07-31,1079,8,49,47,2,10105,43,81,21,39,7,2334
2026-07-31,1080,8,48,44,4,9548,38,46,12,40,6,2995
2026-07-31,1082,8,51,48,3,11136,45,45,12,39,9,5702
2026-07-31,1083,8,67,63,4,18522,58,84,24,51,5,3404
2026-07-31,1085,8,53,49,4,10241,44,92,21,43,7,2887
2026-07-31,1086,8,49,45,4,15975,39,60,15,39,4,2500
2026-07-31,1087,8,48,47,1,12079,40,90,22,35,3,1685
2026-07-31,1088,8,48,47,1,13677,40,84,22,39,5,3120
2026-07-31,1089,8,57,55,2,18425,44,99,26,51,4,2106
2026-07-31,1090,8,69,67,2,20904,55,112,26,54,12,7605
2026-07-31,1092,8,91,86,5,25284,78,137,34,69,10,5725
2026-07-31,1093,9,45,43,2,7955,37,62,16,36,0,0
2026-07-31,1094,9,80,73,7,19199,59,79,20,62,0,0
2026-07-31,1095,9,50,47,3,9071,42,71,16,38,0,0
2026-07-31,1096,9,80,79,1,17617,58,144,37,63,0,0
2026-07-31,1097,9,55,54,1,18630,44,100,23,42,0,0
2026-07-31,1098,9,70,64,6,14400,51,112,31,60,0,0
2026-07-31,1099,9,88,80,8,27520,75,83,20,64,0,0
2026-07-31,1100,9,55,51,4,9231,37,89,23,46,0,0
2026-07-31,1101,9,55,54,1,17334,40,106,25,48,0,0
2026-07-31,1102,9,70,65,5,18655,61,66,16,59,0,0
2026-07-31,1103,9,88,85,3,28815,62,132,31,70,0,0
2026-07-31,1104,9,71,69,2,23736,65,137,33,52,0,0
2026-07-31,1105,9,54,52,2,9412,50,47,14,40,0,0
2026-07-31,1106,10,68,62,6,22072,51,67,17,46,11,4823
2026-07-31,1107,10,82,75,7,26625,62,120,30,59,7,4035
2026-07-31,1109,10,47,44,3,13112,41,49,13,35,2,1184
2026-07-31,1110,10,59,57,2,15789,53,97,26,51,8,5307
2026-07-31,1111,10,59,55,4,15345,47,55,14,50,6,2639
2026-07-31,1112,10,74,72,2,18072,68,123,30,60,10,6504
2026-07-31,1113,10,53,50,3,12900,43,68,17,38,5,2923
2026-07-31,1115,10,58,56,2,15176,42,58,15,46,6,3930
